Concatenar;Status;Semi-acabado;Descrição Semi-acabado;Qtd Semi-acabado;Centro Semi-acabado;Matéria-Prima;Descrição Matéria-Prima;Qtd Matéria-Prima;UN Matéria-Prima;;;
1700013;SEMI ACABADO;700013;ACIDO ACETIL SALICILICO 500MG COMP;1.000.000;600;010013;ACIDO ACETILSALICILICO; 500,000 ;KG;;;
2700013;SEMI ACABADO;700013;ACIDO ACETIL SALICILICO 500MG COMP;1.000.000;600;010071;CELULOSE MIC (TIPO200); 50,000 ;KG;;;
3700013;SEMI ACABADO;700013;ACIDO ACETIL SALICILICO 500MG COMP;1.000.000;600;010731;FOSF.CAL.DIB.(COMPDIRETA); 20,000 ;KG;;;
4700013;SEMI ACABADO;700013;ACIDO ACETIL SALICILICO 500MG COMP;1.000.000;600;010056;AMIDO; 50,000 ;KG;;;
1700024;SEMI ACABADO;700024;COMPLEXO B COMP REV C/20-E;500.000;600;010041;DIOXIDO SILICIO COLOIDAL ANIDRO; 2,500 ;KG;;;
2700024;SEMI ACABADO;700024;COMPLEXO B COMP REV C/20-E;500.000;600;010071;CELULOSE MIC (TIPO200); 195,625 ;KG;;;
3700024;SEMI ACABADO;700024;COMPLEXO B COMP REV C/20-E;500.000;600;010174;COR ALUM LACA AMARELO CREPUSCULO 6; 0,275 ;KG;;;
4700024;SEMI ACABADO;700024;COMPLEXO B COMP REV C/20-E;500.000;600;010177;COR ALUM LACA AMARELO TARTRAZINA 5; 1,170 ;KG;;;
5700024;SEMI ACABADO;700024;COMPLEXO B COMP REV C/20-E;500.000;600;010228;DIOXIDO TITANIO; 1,940 ;KG;;;
6700024;SEMI ACABADO;700024;COMPLEXO B COMP REV C/20-E;500.000;600;010311;ESTEARATO MAGNESIO; 5,000 ;KG;;;
7700024;SEMI ACABADO;700024;COMPLEXO B COMP REV C/20-E;500.000;600;010511;NICOTINAMIDA; 27,500 ;KG;;;
8700024;SEMI ACABADO;700024;COMPLEXO B COMP REV C/20-E;500.000;600;010681;VIT B1-TIAMINA MONONITRATO; 19,500 ;KG;;;
9700024;SEMI ACABADO;700024;COMPLEXO B COMP REV C/20-E;500.000;600;010684;VIT B2-RIBOFLAVINABASE; 2,125 ;KG;;;
10700024;SEMI ACABADO;700024;COMPLEXO B COMP REV C/20-E;500.000;600;010685;CLOR.PIRIDOXINA( VIT B6); 6,250 ;KG;;;
11700024;SEMI ACABADO;700024;COMPLEXO B COMP REV C/20-E;500.000;600;010731;FOSF.CAL.DIB.(COMPDIRETA); 162,500 ;KG;;;
12700024;SEMI ACABADO;700024;COMPLEXO B COMP REV C/20-E;500.000;600;010909;VITAMINA B12 0,1%; 9,000 ;KG;;;
13700024;SEMI ACABADO;700024;COMPLEXO B COMP REV C/20-E;500.000;600;010923;CROSCARMELOSE SODICA; 5,000 ;KG;;;
14700024;SEMI ACABADO;700024;COMPLEXO B COMP REV C/20-E;500.000;600;011039;PANTOTENATO CALCIO(N); 15,000 ;KG;;;
15700024;SEMI ACABADO;700024;COMPLEXO B COMP REV C/20-E;500.000;600;011668;ALCOOL POLIVINILICO+TALCO+PEG; 13,500 ;KG;;;
1700039;SEMI ACABADO;700039;COMPLEXO B COMP REV;2.500.000;600;010041;DIOXIDO SILICIO COLOIDAL ANIDRO; 4,168 ;KG;;;
2700039;SEMI ACABADO;700039;COMPLEXO B COMP REV;2.500.000;600;010071;CELULOSE MIC (TIPO200); 284,583 ;KG;;;
3700039;SEMI ACABADO;700039;COMPLEXO B COMP REV;2.500.000;600;010174;COR ALUM LACA AMARELO CREPUSCULO 6; 2,430 ;KG;;;
4700039;SEMI ACABADO;700039;COMPLEXO B COMP REV;2.500.000;600;010184;COR ALUM LACA AZUL2; 0,605 ;KG;;;
5700039;SEMI ACABADO;700039;COMPLEXO B COMP REV;2.500.000;600;010228;DIOXIDO TITANIO; 2,430 ;KG;;;
6700039;SEMI ACABADO;700039;COMPLEXO B COMP REV;2.500.000;600;010311;ESTEARATO MAGNESIO; 18,750 ;KG;;;
7700039;SEMI ACABADO;700039;COMPLEXO B COMP REV;2.500.000;600;010511;NICOTINAMIDA; 52,500 ;KG;;;
8700039;SEMI ACABADO;700039;COMPLEXO B COMP REV;2.500.000;600;010681;VIT B1-TIAMINA MONONITRATO; 16,250 ;KG;;;
9700039;SEMI ACABADO;700039;COMPLEXO B COMP REV;2.500.000;600;010684;VIT B2-RIBOFLAVINABASE; 6,250 ;KG;;;
10700039;SEMI ACABADO;700039;COMPLEXO B COMP REV;2.500.000;600;010685;CLOR.PIRIDOXINA( VIT B6); 6,250 ;KG;;;
11700039;SEMI ACABADO;700039;COMPLEXO B COMP REV;2.500.000;600;010731;FOSF.CAL.DIB.(COMPDIRETA); 208,333 ;KG;;;
12700039;SEMI ACABADO;700039;COMPLEXO B COMP REV;2.500.000;600;010923;CROSCARMELOSE SODICA; 18,750 ;KG;;;
13700039;SEMI ACABADO;700039;COMPLEXO B COMP REV;2.500.000;600;011039;PANTOTENATO CALCIO(N); 9,168 ;KG;;;
14700039;SEMI ACABADO;700039;COMPLEXO B COMP REV;2.500.000;600;011668;ALCOOL POLIVINILICO+TALCO+PEG; 21,875 ;KG;;;
1700042;SEMI ACABADO;700042;DEXAMETASONA+FUM.DE CLEMASTINA COMP;1.000.000;600;010174;COR ALUM LACA AMARELO CREPUSCULO 6; 0,150 ;KG;;;
2700042;SEMI ACABADO;700042;DEXAMETASONA+FUM.DE CLEMASTINA COMP;1.000.000;600;018864;DEXAMETASONA BASE; 0,550 ;KG;;;
3700042;SEMI ACABADO;700042;DEXAMETASONA+FUM.DE CLEMASTINA COMP;1.000.000;600;010311;ESTEARATO MAGNESIO; 2,000 ;KG;;;
4700042;SEMI ACABADO;700042;DEXAMETASONA+FUM.DE CLEMASTINA COMP;1.000.000;600;010331;GLICOLATO AMIDO SODICO; 1,500 ;KG;;;
5700042;SEMI ACABADO;700042;DEXAMETASONA+FUM.DE CLEMASTINA COMP;1.000.000;600;010488;FUMARATO DE CLEMASTINA; 1,500 ;KG;;;
6700042;SEMI ACABADO;700042;DEXAMETASONA+FUM.DE CLEMASTINA COMP;1.000.000;600;010501;CELULOSE MIC.(TIPO102); 34,300 ;KG;;;
7700042;SEMI ACABADO;700042;DEXAMETASONA+FUM.DE CLEMASTINA COMP;1.000.000;600;010731;FOSF.CAL.DIB.(COMPDIRETA); 63,000 ;KG;;;
8700042;SEMI ACABADO;700042;DEXAMETASONA+FUM.DE CLEMASTINA COMP;1.000.000;600;010739;LACTOSE (50/70); 65,000 ;KG;;;
9700042;SEMI ACABADO;700042;DEXAMETASONA+FUM.DE CLEMASTINA COMP;1.000.000;600;010953;TALCO; 2,000 ;KG;;;
1700056;SEMI ACABADO;700056;PIROXICAM 20MG CAPS;1.000.000;600;010311;ESTEARATO MAGNESIO; 1,333 ;KG;;;
2700056;SEMI ACABADO;700056;PIROXICAM 20MG CAPS;1.000.000;600;010469;LAURIL SULFATO SODIO (PO); 2,000 ;KG;;;
3700056;SEMI ACABADO;700056;PIROXICAM 20MG CAPS;1.000.000;600;010698;CAPS 1 AZUL / INCOLOR; 1.000.000,000 ;UN;;;
4700056;SEMI ACABADO;700056;PIROXICAM 20MG CAPS;1.000.000;600;010739;LACTOSE (50/70); 233,333 ;KG;;;
5700056;SEMI ACABADO;700056;PIROXICAM 20MG CAPS;1.000.000;600;010923;CROSCARMELOSE SODICA; 6,666 ;KG;;;
6700056;SEMI ACABADO;700056;PIROXICAM 20MG CAPS;1.000.000;600;011016;PIROXICAM(MICRONIZADO); 20,000 ;KG;;;
7700056;SEMI ACABADO;700056;PIROXICAM 20MG CAPS;1.000.000;600;010056;AMIDO; 36,660 ;KG;;;
1700071;SEMI ACABADO;700071;GELMAX COM MAST (SABOR LIMAO);300.000;600;010112;CARBONATO DE CALCIO (EXTRA LEVE); 70,500 ;KG;;;
2700071;SEMI ACABADO;700071;GELMAX COM MAST (SABOR LIMAO);300.000;600;010136;CICLAMATO SODIO; 2,100 ;KG;;;
3700071;SEMI ACABADO;700071;GELMAX COM MAST (SABOR LIMAO);300.000;600;010311;ESTEARATO MAGNESIO; 6,000 ;KG;;;
4700071;SEMI ACABADO;700071;GELMAX COM MAST (SABOR LIMAO);300.000;600;010445;HIDROXIDO ALUMINIO GEL SECO; 70,500 ;KG;;;
5700071;SEMI ACABADO;700071;GELMAX COM MAST (SABOR LIMAO);300.000;600;010448;HIDROXIDO MAGNESIO GEL SECO; 55,500 ;KG;;;
6700071;SEMI ACABADO;700071;GELMAX COM MAST (SABOR LIMAO);300.000;600;010483;MANITOL; 66,600 ;KG;;;
7700071;SEMI ACABADO;700071;GELMAX COM MAST (SABOR LIMAO);300.000;600;010575;SACARINA SODICA; 2,100 ;KG;;;
8700071;SEMI ACABADO;700071;GELMAX COM MAST (SABOR LIMAO);300.000;600;010953;TALCO; 6,000 ;KG;;;
9700071;SEMI ACABADO;700071;GELMAX COM MAST (SABOR LIMAO);300.000;600;011018;AMIDO DE MILHO PREGELATINIZADO; 18,000 ;KG;;;
10700071;SEMI ACABADO;700071;GELMAX COM MAST (SABOR LIMAO);300.000;600;011357;AROMA LIMAO NATURAL; 2,700 ;KG;;;
1700161;SEMI ACABADO;700161;CLORTALIDONA 50MG COMP;2.000.000;600;010041;DIOXIDO SILICIO COLOIDAL ANIDRO; 3,000 ;KG;;;
2700161;SEMI ACABADO;700161;CLORTALIDONA 50MG COMP;2.000.000;600;010071;CELULOSE MIC (TIPO200); 182,000 ;KG;;;
3700161;SEMI ACABADO;700161;CLORTALIDONA 50MG COMP;2.000.000;600;010311;ESTEARATO MAGNESIO; 6,000 ;KG;;;
4700161;SEMI ACABADO;700161;CLORTALIDONA 50MG COMP;2.000.000;600;010729;CLORTALIDONA; 100,000 ;KG;;;
5700161;SEMI ACABADO;700161;CLORTALIDONA 50MG COMP;2.000.000;600;010923;CROSCARMELOSE SODICA; 3,000 ;KG;;;
6700161;SEMI ACABADO;700161;CLORTALIDONA 50MG COMP;2.000.000;600;010953;TALCO; 5,600 ;KG;;;
7700161;SEMI ACABADO;700161;CLORTALIDONA 50MG COMP;2.000.000;600;011050;OXIDO FERRO AMARELO; 0,400 ;KG;;;
1700228;SEMI ACABADO;700228;SIMETICONA COMPRIMIDOS 40MG;1.232.400;600;010041;DIOXIDO SILICIO COLOIDAL ANIDRO; 15,000 ;KG;;;
2700228;SEMI ACABADO;700228;SIMETICONA COMPRIMIDOS 40MG;1.232.400;600;010046;ALCOOL ETILICO; 60,000 ;KG;;;
3700228;SEMI ACABADO;700228;SIMETICONA COMPRIMIDOS 40MG;1.232.400;600;010586;SIMETICONE, USP; 55,200 ;KG;;;
4700228;SEMI ACABADO;700228;SIMETICONA COMPRIMIDOS 40MG;1.232.400;600;010739;LACTOSE (50/70); 498,000 ;KG;;;
5700228;SEMI ACABADO;700228;SIMETICONA COMPRIMIDOS 40MG;1.232.400;600;010923;CROSCARMELOSE SODICA; 18,000 ;KG;;;
6700228;SEMI ACABADO;700228;SIMETICONA COMPRIMIDOS 40MG;1.232.400;600;010964;POVIDONA K29-32; 30,000 ;KG;;;
1700236;SEMI ACABADO;700236;METILDOPA 500MG COMP REV;400.000;600;010010;ACETONA **; 10,000 ;KG;;;
2700236;SEMI ACABADO;700236;METILDOPA 500MG COMP REV;400.000;600;010018;ACIDO CITRICO ANIDRO; 4,000 ;KG;;;
3700236;SEMI ACABADO;700236;METILDOPA 500MG COMP REV;400.000;600;010046;ALCOOL ETILICO; 80,000 ;KG;;;
4700236;SEMI ACABADO;700236;METILDOPA 500MG COMP REV;400.000;600;010047;ALCOOL ISOPROPILICO(ISOPROPANOL); 120,000 ;KG;;;
5700236;SEMI ACABADO;700236;METILDOPA 500MG COMP REV;400.000;600;010120;POLIETILENOGLICOL 6000-MACROGOL 6000; 1,000 ;KG;;;
6700236;SEMI ACABADO;700236;METILDOPA 500MG COMP REV;400.000;600;010174;COR ALUM LACA AMARELO CREPUSCULO 6; 2,000 ;KG;;;
7700236;SEMI ACABADO;700236;METILDOPA 500MG COMP REV;400.000;600;010228;DIOXIDO TITANIO; 4,000 ;KG;;;
8700236;SEMI ACABADO;700236;METILDOPA 500MG COMP REV;400.000;600;010241;EDTA DISSODICO DIH(EDETATO DE SODIO); 2,400 ;KG;;;
9700236;SEMI ACABADO;700236;METILDOPA 500MG COMP REV;400.000;600;010311;ESTEARATO MAGNESIO; 3,800 ;KG;;;
10700236;SEMI ACABADO;700236;METILDOPA 500MG COMP REV;400.000;600;010322;POL CAT AC METACRIL(EUDRAGIT E100 G; 6,000 ;KG;;;
11700236;SEMI ACABADO;700236;METILDOPA 500MG COMP REV;400.000;600;010494;METILDOPA; 230,000 ;KG;;;
12700236;SEMI ACABADO;700236;METILDOPA 500MG COMP REV;400.000;600;010923;CROSCARMELOSE SODICA; 14,000 ;KG;;;
13700236;SEMI ACABADO;700236;METILDOPA 500MG COMP REV;400.000;600;010953;TALCO; 5,000 ;KG;;;
14700236;SEMI ACABADO;700236;METILDOPA 500MG COMP REV;400.000;600;010964;POVIDONA K29-32; 20,000 ;KG;;;
15700236;SEMI ACABADO;700236;METILDOPA 500MG COMP REV;400.000;600;011049;OXIDO DE FERRO VERM(USP REF.33.8075); 1,100 ;KG;;;
16700236;SEMI ACABADO;700236;METILDOPA 500MG COMP REV;400.000;600;010553;CROSPOVIDONE; 12,000 ;KG;;;
1700290;SEMI ACABADO;700290;ALBENDAZOL 400MG COMPRIMIDO MASTIGAVEL;500.000;600;010041;DIOXIDO SILICIO COLOIDAL ANIDRO; 2,500 ;KG;;;
2700290;SEMI ACABADO;700290;ALBENDAZOL 400MG COMPRIMIDO MASTIGAVEL;500.000;600;010280;ESS LARANJA PO; 12,500 ;KG;;;
3700290;SEMI ACABADO;700290;ALBENDAZOL 400MG COMPRIMIDO MASTIGAVEL;500.000;600;010311;ESTEARATO MAGNESIO; 2,500 ;KG;;;
4700290;SEMI ACABADO;700290;ALBENDAZOL 400MG COMPRIMIDO MASTIGAVEL;500.000;600;010469;LAURIL SULFATO SODIO (PO); 5,000 ;KG;;;
5700290;SEMI ACABADO;700290;ALBENDAZOL 400MG COMPRIMIDO MASTIGAVEL;500.000;600;010575;SACARINA SODICA; 3,500 ;KG;;;
6700290;SEMI ACABADO;700290;ALBENDAZOL 400MG COMPRIMIDO MASTIGAVEL;500.000;600;010739;LACTOSE (50/70); 116,500 ;KG;;;
7700290;SEMI ACABADO;700290;ALBENDAZOL 400MG COMPRIMIDO MASTIGAVEL;500.000;600;010860;ALBENDAZOL (MICRONIZADO); 200,000 ;KG;;;
8700290;SEMI ACABADO;700290;ALBENDAZOL 400MG COMPRIMIDO MASTIGAVEL;500.000;600;010964;POVIDONA K29-32; 16,500 ;KG;;;
9700290;SEMI ACABADO;700290;ALBENDAZOL 400MG COMPRIMIDO MASTIGAVEL;500.000;600;011018;AMIDO DE MILHO PREGELATINIZADO; 57,500 ;KG;;;
10700290;SEMI ACABADO;700290;ALBENDAZOL 400MG COMPRIMIDO MASTIGAVEL;500.000;600;011020;CELULOSE MIC(TIPO 101); 58,500 ;KG;;;
11700290;SEMI ACABADO;700290;ALBENDAZOL 400MG COMPRIMIDO MASTIGAVEL;500.000;600;010553;CROSPOVIDONE; 25,000 ;KG;;;
1700325;SEMI ACABADO;700325;ACICLOVIR 200MG COM  ;450.000;600;010184;COR ALUM LACA AZUL2; 0,135 ;KG;;;
2700325;SEMI ACABADO;700325;ACICLOVIR 200MG COM  ;450.000;600;010311;ESTEARATO MAGNESIO; 1,800 ;KG;;;
3700325;SEMI ACABADO;700325;ACICLOVIR 200MG COM  ;450.000;600;010469;LAURIL SULFATO SODIO (PO); 0,540 ;KG;;;
4700325;SEMI ACABADO;700325;ACICLOVIR 200MG COM  ;450.000;600;010923;CROSCARMELOSE SODICA; 9,000 ;KG;;;
5700325;SEMI ACABADO;700325;ACICLOVIR 200MG COM  ;450.000;600;011018;AMIDO DE MILHO PREGELATINIZADO; 9,000 ;KG;;;
6700325;SEMI ACABADO;700325;ACICLOVIR 200MG COM  ;450.000;600;011020;CELULOSE MIC(TIPO 101); 154,296 ;KG;;;
7700325;SEMI ACABADO;700325;ACICLOVIR 200MG COM  ;450.000;600;011047;ACICLOVIR MICRONIZADO; 95,229 ;KG;;;
1700360;SEMI ACABADO;700360;FLUCONAZOL 150MG CAP;200.000;600;010041;DIOXIDO SILICIO COLOIDAL ANIDRO; 0,333 ;KG;;;
2700360;SEMI ACABADO;700360;FLUCONAZOL 150MG CAP;200.000;600;010311;ESTEARATO MAGNESIO; 1,000 ;KG;;;
3700360;SEMI ACABADO;700360;FLUCONAZOL 150MG CAP;200.000;600;010469;LAURIL SULFATO SODIO (PO); 3,333 ;KG;;;
4700360;SEMI ACABADO;700360;FLUCONAZOL 150MG CAP;200.000;600;010739;LACTOSE (50/70); 43,111 ;KG;;;
5700360;SEMI ACABADO;700360;FLUCONAZOL 150MG CAP;200.000;600;010923;CROSCARMELOSE SODICA; 2,222 ;KG;;;
6700360;SEMI ACABADO;700360;FLUCONAZOL 150MG CAP;200.000;600;011089;FLUCONAZOL (I); 30,000 ;KG;;;
7700360;SEMI ACABADO;700360;FLUCONAZOL 150MG CAP;200.000;600;011215;CAPS 0 AZUL / AZUL; 200.000,000 ;UN;;;
1700393;SEMI ACABADO;700393;CLOR.DOXICICLINA 100MG COMP REV;2.142.863;600;010046;ALCOOL ETILICO; 173,572 ;KG;;;
2700393;SEMI ACABADO;700393;CLOR.DOXICICLINA 100MG COMP REV;2.142.863;600;010071;CELULOSE MIC (TIPO200); 253,571 ;KG;;;
3700393;SEMI ACABADO;700393;CLOR.DOXICICLINA 100MG COMP REV;2.142.863;600;010177;COR ALUM LACA AMARELO TARTRAZINA 5; 0,714 ;KG;;;
4700393;SEMI ACABADO;700393;CLOR.DOXICICLINA 100MG COMP REV;2.142.863;600;010184;COR ALUM LACA AZUL2; 1,429 ;KG;;;
5700393;SEMI ACABADO;700393;CLOR.DOXICICLINA 100MG COMP REV;2.142.863;600;010228;DIOXIDO TITANIO; 8,571 ;KG;;;
6700393;SEMI ACABADO;700393;CLOR.DOXICICLINA 100MG COMP REV;2.142.863;600;010311;ESTEARATO MAGNESIO; 7,142 ;KG;;;
7700393;SEMI ACABADO;700393;CLOR.DOXICICLINA 100MG COMP REV;2.142.863;600;010720;CLORETO METILENO (D2)**; 214,286 ;KG;;;
8700393;SEMI ACABADO;700393;CLOR.DOXICICLINA 100MG COMP REV;2.142.863;600;010739;LACTOSE (50/70); 238,216 ;KG;;;
9700393;SEMI ACABADO;700393;CLOR.DOXICICLINA 100MG COMP REV;2.142.863;600;010923;CROSCARMELOSE SODICA; 28,571 ;KG;;;
10700393;SEMI ACABADO;700393;CLOR.DOXICICLINA 100MG COMP REV;2.142.863;600;010978;ETILCELULOSE 10 CPS(ETHOCEL 10 CPS); 7,142 ;KG;;;
11700393;SEMI ACABADO;700393;CLOR.DOXICICLINA 100MG COMP REV;2.142.863;600;010979;HPMC+PEG; 21,429 ;KG;;;
12700393;SEMI ACABADO;700393;CLOR.DOXICICLINA 100MG COMP REV;2.142.863;600;011343;CLORIDRATO DE DOXICICLINA; 222,500 ;KG;;;
1700411;SEMI ACABADO;700411;BESILATO DE ANLODIPINO 5MG COMP;3.900.000;600;010071;CELULOSE MIC (TIPO200); 302,250 ;KG;;;
2700411;SEMI ACABADO;700411;BESILATO DE ANLODIPINO 5MG COMP;3.900.000;600;010311;ESTEARATO MAGNESIO; 6,825 ;KG;;;
3700411;SEMI ACABADO;700411;BESILATO DE ANLODIPINO 5MG COMP;3.900.000;600;010731;FOSF.CAL.DIB.(COMPDIRETA); 312,000 ;KG;;;
4700411;SEMI ACABADO;700411;BESILATO DE ANLODIPINO 5MG COMP;3.900.000;600;010923;CROSCARMELOSE SODICA; 19,500 ;KG;;;
5700411;SEMI ACABADO;700411;BESILATO DE ANLODIPINO 5MG COMP;3.900.000;600;011360;BESILATO DE ANLODIPINO; 28,275 ;KG;;;
1700412;SEMI ACABADO;700412;BESILATO DE ANLODIPINO 10MG COMP;3.960.000;600;010071;CELULOSE MIC (TIPO200); 287,100 ;KG;;;
2700412;SEMI ACABADO;700412;BESILATO DE ANLODIPINO 10MG COMP;3.960.000;600;010177;COR ALUM LACA AMARELO TARTRAZINA 5; 0,495 ;KG;;;
3700412;SEMI ACABADO;700412;BESILATO DE ANLODIPINO 10MG COMP;3.960.000;600;010311;ESTEARATO MAGNESIO; 6,930 ;KG;;;
4700412;SEMI ACABADO;700412;BESILATO DE ANLODIPINO 10MG COMP;3.960.000;600;010731;FOSF.CAL.DIB.(COMPDIRETA); 306,900 ;KG;;;
5700412;SEMI ACABADO;700412;BESILATO DE ANLODIPINO 10MG COMP;3.960.000;600;010923;CROSCARMELOSE SODICA; 19,800 ;KG;;;
6700412;SEMI ACABADO;700412;BESILATO DE ANLODIPINO 10MG COMP;3.960.000;600;011360;BESILATO DE ANLODIPINO; 57,420 ;KG;;;
1700442;SEMI ACABADO;700442;CLORIDRATO FLUOXETINA(C1) 20MG CAPS;2.000.000;600;010071;CELULOSE MIC (TIPO200); 250,200 ;KG;;;
2700442;SEMI ACABADO;700442;CLORIDRATO FLUOXETINA(C1) 20MG CAPS;2.000.000;600;010311;ESTEARATO MAGNESIO; 5,000 ;KG;;;
3700442;SEMI ACABADO;700442;CLORIDRATO FLUOXETINA(C1) 20MG CAPS;2.000.000;600;302186;CAPS 2 AZUL/BRANCA; 2.000.000,000 ;UN;;;
4700442;SEMI ACABADO;700442;CLORIDRATO FLUOXETINA(C1) 20MG CAPS;2.000.000;600;011513;CLOR.FLUOXETINA   (C1)**; 44,800 ;KG;;;
1700465;SEMI ACABADO;700465;ITRACONAZOL 100 MG CAPSULA DURA ;416.611;600;010741;CAPS 0 ESC / AZUL; 416.611,000 ;UN;;;
2700465;SEMI ACABADO;700465;ITRACONAZOL 100 MG CAPSULA DURA ;416.611;600;011403;ITRACONAZOL PELLETS; 189,350 ;KG;;;
1700574;SEMI ACABADO;700574;CLOR. FLUOXETINA (C1) 20MG COM REV**;1.000.000;600;010041;DIOXIDO SILICIO COLOIDAL ANIDRO; 0,850 ;KG;;;
2700574;SEMI ACABADO;700574;CLOR. FLUOXETINA (C1) 20MG COM REV**;1.000.000;600;010046;ALCOOL ETILICO; 32,500 ;KG;;;
3700574;SEMI ACABADO;700574;CLOR. FLUOXETINA (C1) 20MG COM REV**;1.000.000;600;010071;CELULOSE MIC (TIPO200); 135,540 ;KG;;;
4700574;SEMI ACABADO;700574;CLOR. FLUOXETINA (C1) 20MG COM REV**;1.000.000;600;010228;DIOXIDO TITANIO; 1,350 ;KG;;;
5700574;SEMI ACABADO;700574;CLOR. FLUOXETINA (C1) 20MG COM REV**;1.000.000;600;010311;ESTEARATO MAGNESIO; 1,250 ;KG;;;
6700574;SEMI ACABADO;700574;CLOR. FLUOXETINA (C1) 20MG COM REV**;1.000.000;600;010328;OLEO VEGETAL HIDROGENADO (LUBRITAB); 5,000 ;KG;;;
7700574;SEMI ACABADO;700574;CLOR. FLUOXETINA (C1) 20MG COM REV**;1.000.000;600;010720;CLORETO METILENO (D2)**; 32,500 ;KG;;;
8700574;SEMI ACABADO;700574;CLOR. FLUOXETINA (C1) 20MG COM REV**;1.000.000;600;010923;CROSCARMELOSE SODICA; 5,000 ;KG;;;
9700574;SEMI ACABADO;700574;CLOR. FLUOXETINA (C1) 20MG COM REV**;1.000.000;600;010978;ETILCELULOSE 10 CPS(ETHOCEL 10 CPS); 1,200 ;KG;;;
10700574;SEMI ACABADO;700574;CLOR. FLUOXETINA (C1) 20MG COM REV**;1.000.000;600;010979;HPMC+PEG; 3,300 ;KG;;;
11700574;SEMI ACABADO;700574;CLOR. FLUOXETINA (C1) 20MG COM REV**;1.000.000;600;011513;CLOR.FLUOXETINA   (C1)**; 22,360 ;KG;;;
1700590;SEMI ACABADO;700590;CLORIDRATO FLUOXETINA(C1) 10MG CAP**;1.000.000;600;010071;CELULOSE MIC (TIPO200); 68,150 ;KG;;;
2700590;SEMI ACABADO;700590;CLORIDRATO FLUOXETINA(C1) 10MG CAP**;1.000.000;600;011513;CLOR.FLUOXETINA   (C1)**; 5,600 ;KG;;;
3700590;SEMI ACABADO;700590;CLORIDRATO FLUOXETINA(C1) 10MG CAP**;1.000.000;600;010311;ESTEARATO MAGNESIO; 1,250 ;KG;;;
4700590;SEMI ACABADO;700590;CLORIDRATO FLUOXETINA(C1) 10MG CAP**;1.000.000;600;302185;CAPS 2 AZUL/AZUL; 1.000.000,000 ;KG;;;
1700663;SEMI ACABADO;700663;CLARITROMICINA 500MG COMP REV;500.000;600;011054;CLARITROMICINA; 260,000 ;KG;;;
2700663;SEMI ACABADO;700663;CLARITROMICINA 500MG COMP REV;500.000;600;011018;AMIDO DE MILHO PREGELATINIZADO; 27,948 ;KG;;;
3700663;SEMI ACABADO;700663;CLARITROMICINA 500MG COMP REV;500.000;600;010041;DIOXIDO SILICIO COLOIDAL ANIDRO; 3,333 ;KG;;;
4700663;SEMI ACABADO;700663;CLARITROMICINA 500MG COMP REV;500.000;600;010071;CELULOSE MIC (TIPO200); 165,385 ;KG;;;
5700663;SEMI ACABADO;700663;CLARITROMICINA 500MG COMP REV;500.000;600;010923;CROSCARMELOSE SODICA; 26,665 ;KG;;;
6700663;SEMI ACABADO;700663;CLARITROMICINA 500MG COMP REV;500.000;600;010953;TALCO; 10,000 ;KG;;;
7700663;SEMI ACABADO;700663;CLARITROMICINA 500MG COMP REV;500.000;600;010311;ESTEARATO MAGNESIO; 10,000 ;KG;;;
8700663;SEMI ACABADO;700663;CLARITROMICINA 500MG COMP REV;500.000;600;010046;ALCOOL ETILICO; 162,000 ;KG;;;
9700663;SEMI ACABADO;700663;CLARITROMICINA 500MG COMP REV;500.000;600;010228;DIOXIDO TITANIO; 5,665 ;KG;;;
10700663;SEMI ACABADO;700663;CLARITROMICINA 500MG COMP REV;500.000;600;010177;COR ALUM LACA AMARELO TARTRAZINA 5; 0,500 ;KG;;;
11700663;SEMI ACABADO;700663;CLARITROMICINA 500MG COMP REV;500.000;600;010720;CLORETO METILENO (D2)**; 133,333 ;KG;;;
12700663;SEMI ACABADO;700663;CLARITROMICINA 500MG COMP REV;500.000;600;010978;ETILCELULOSE 10 CPS(ETHOCEL 10 CPS); 5,000 ;KG;;;
13700663;SEMI ACABADO;700663;CLARITROMICINA 500MG COMP REV;500.000;600;010979;HPMC+PEG; 14,000 ;KG;;;
1700672;SEMI ACABADO;700672;METRONIDAZOL 250MG COMP REV;800.000;600;010010;ACETONA **; 8,330 ;KG;;;
2700672;SEMI ACABADO;700672;METRONIDAZOL 250MG COMP REV;800.000;600;010046;ALCOOL ETILICO; 107,568 ;KG;;;
3700672;SEMI ACABADO;700672;METRONIDAZOL 250MG COMP REV;800.000;600;010047;ALCOOL ISOPROPILICO(ISOPROPANOL); 100,000 ;KG;;;
4700672;SEMI ACABADO;700672;METRONIDAZOL 250MG COMP REV;800.000;600;010120;POLIETILENOGLICOL 6000-MACROGOL 6000; 1,130 ;KG;;;
5700672;SEMI ACABADO;700672;METRONIDAZOL 250MG COMP REV;800.000;600;010228;DIOXIDO TITANIO; 3,330 ;KG;;;
6700672;SEMI ACABADO;700672;METRONIDAZOL 250MG COMP REV;800.000;600;010311;ESTEARATO MAGNESIO; 1,570 ;KG;;;
7700672;SEMI ACABADO;700672;METRONIDAZOL 250MG COMP REV;800.000;600;010322;POL CAT AC METACRIL(EUDRAGIT E100 G; 3,330 ;KG;;;
8700672;SEMI ACABADO;700672;METRONIDAZOL 250MG COMP REV;800.000;600;010328;OLEO VEGETAL HIDROGENADO (LUBRITAB); 6,670 ;KG;;;
9700672;SEMI ACABADO;700672;METRONIDAZOL 250MG COMP REV;800.000;600;010501;CELULOSE MIC.(TIPO102); 33,750 ;KG;;;
10700672;SEMI ACABADO;700672;METRONIDAZOL 250MG COMP REV;800.000;600;010731;FOSF.CAL.DIB.(COMPDIRETA); 28,680 ;KG;;;
11700672;SEMI ACABADO;700672;METRONIDAZOL 250MG COMP REV;800.000;600;010736;PEG 6000 MICRONIZADO (MACROGOL 6000); 5,000 ;KG;;;
12700672;SEMI ACABADO;700672;METRONIDAZOL 250MG COMP REV;800.000;600;010923;CROSCARMELOSE SODICA; 8,330 ;KG;;;
13700672;SEMI ACABADO;700672;METRONIDAZOL 250MG COMP REV;800.000;600;010953;TALCO; 4,420 ;KG;;;
14700672;SEMI ACABADO;700672;METRONIDAZOL 250MG COMP REV;800.000;600;010964;POVIDONA K29-32; 16,670 ;KG;;;
15700672;SEMI ACABADO;700672;METRONIDAZOL 250MG COMP REV;800.000;600;011625;METRONIDAZOL BASE (COMP); 200,000 ;KG;;;
1700673;SEMI ACABADO;700673;METRONIDAZOL 400MG COMP REV;500.000;600;010010;ACETONA **; 8,333 ;KG;;;
2700673;SEMI ACABADO;700673;METRONIDAZOL 400MG COMP REV;500.000;600;010046;ALCOOL ETILICO; 108,000 ;KG;;;
3700673;SEMI ACABADO;700673;METRONIDAZOL 400MG COMP REV;500.000;600;010047;ALCOOL ISOPROPILICO(ISOPROPANOL); 100,000 ;KG;;;
4700673;SEMI ACABADO;700673;METRONIDAZOL 400MG COMP REV;500.000;600;010120;POLIETILENOGLICOL 6000-MACROGOL 6000; 1,133 ;KG;;;
5700673;SEMI ACABADO;700673;METRONIDAZOL 400MG COMP REV;500.000;600;010228;DIOXIDO TITANIO; 3,333 ;KG;;;
6700673;SEMI ACABADO;700673;METRONIDAZOL 400MG COMP REV;500.000;600;010311;ESTEARATO MAGNESIO; 1,566 ;KG;;;
7700673;SEMI ACABADO;700673;METRONIDAZOL 400MG COMP REV;500.000;600;010322;POL CAT AC METACRIL(EUDRAGIT E100 G; 3,333 ;KG;;;
8700673;SEMI ACABADO;700673;METRONIDAZOL 400MG COMP REV;500.000;600;010328;OLEO VEGETAL HIDROGENADO (LUBRITAB); 6,667 ;KG;;;
9700673;SEMI ACABADO;700673;METRONIDAZOL 400MG COMP REV;500.000;600;010501;CELULOSE MIC.(TIPO102); 33,750 ;KG;;;
10700673;SEMI ACABADO;700673;METRONIDAZOL 400MG COMP REV;500.000;600;010731;FOSF.CAL.DIB.(COMPDIRETA); 28,684 ;KG;;;
11700673;SEMI ACABADO;700673;METRONIDAZOL 400MG COMP REV;500.000;600;010736;PEG 6000 MICRONIZADO (MACROGOL 6000); 5,000 ;KG;;;
12700673;SEMI ACABADO;700673;METRONIDAZOL 400MG COMP REV;500.000;600;010923;CROSCARMELOSE SODICA; 8,333 ;KG;;;
13700673;SEMI ACABADO;700673;METRONIDAZOL 400MG COMP REV;500.000;600;010953;TALCO; 4,416 ;KG;;;
14700673;SEMI ACABADO;700673;METRONIDAZOL 400MG COMP REV;500.000;600;010964;POVIDONA K29-32; 16,666 ;KG;;;
15700673;SEMI ACABADO;700673;METRONIDAZOL 400MG COMP REV;500.000;600;011625;METRONIDAZOL BASE (COMP); 200,000 ;KG;;;
1700685;SEMI ACABADO;700685;LANSOPRAZOL 30MG CAP;1.050.000;600;010878;CAPS 1 LARANJA/AMARELO; 1.050.000,000 ;UN;;;
2700685;SEMI ACABADO;700685;LANSOPRAZOL 30MG CAP;1.050.000;600;011387;LANSOPRAZOL ENTERIC PELLETS 8%; 393,750 ;KG;;;
1700686;SEMI ACABADO;700686;LANSOPRAZOL 15MG CAP;140.000;600;011213;CAPS 3 AZUL/BRANCO; 140.000,000 ;UN;;;
2700686;SEMI ACABADO;700686;LANSOPRAZOL 15MG CAP;140.000;600;011387;LANSOPRAZOL ENTERIC PELLETS 8%; 26,250 ;KG;;;
1700688;SEMI ACABADO;700688;CLOR.TICLOPIDINA COMP REV.250MG;1.500.000;600;010018;ACIDO CITRICO ANIDRO; 6,300 ;KG;;;
2700688;SEMI ACABADO;700688;CLOR.TICLOPIDINA COMP REV.250MG;1.500.000;600;010311;ESTEARATO MAGNESIO; 3,000 ;KG;;;
3700688;SEMI ACABADO;700688;CLOR.TICLOPIDINA COMP REV.250MG;1.500.000;600;010859;LACTOSE (200); 107,706 ;KG;;;
4700688;SEMI ACABADO;700688;CLOR.TICLOPIDINA COMP REV.250MG;1.500.000;600;010877;ACIDO ESTEARICO VEGETAL(MICRONIZADO); 6,372 ;KG;;;
5700688;SEMI ACABADO;700688;CLOR.TICLOPIDINA COMP REV.250MG;1.500.000;600;010923;CROSCARMELOSE SODICA; 12,000 ;KG;;;
6700688;SEMI ACABADO;700688;CLOR.TICLOPIDINA COMP REV.250MG;1.500.000;600;010964;POVIDONA K29-32; 19,500 ;KG;;;
7700688;SEMI ACABADO;700688;CLOR.TICLOPIDINA COMP REV.250MG;1.500.000;600;011020;CELULOSE MIC(TIPO 101); 25,122 ;KG;;;
8700688;SEMI ACABADO;700688;CLOR.TICLOPIDINA COMP REV.250MG;1.500.000;600;011032;ALC.POL.+DIOX.TIT.+PEG+TALCO; 20,700 ;KG;;;
9700688;SEMI ACABADO;700688;CLOR.TICLOPIDINA COMP REV.250MG;1.500.000;600;011426;CLOR.TICLOPIDINA; 375,000 ;KG;;;
10700688;SEMI ACABADO;700688;CLOR.TICLOPIDINA COMP REV.250MG;1.500.000;600;010056;AMIDO; 45,000 ;KG;;;
1700689;SEMI ACABADO;700689;FINASTERIDA 5MG COMP REV;1.200.000;600;010046;ALCOOL ETILICO; 35,964 ;KG;;;
2700689;SEMI ACABADO;700689;FINASTERIDA 5MG COMP REV;1.200.000;600;010184;COR ALUM LACA AZUL2; 0,030 ;KG;;;
3700689;SEMI ACABADO;700689;FINASTERIDA 5MG COMP REV;1.200.000;600;010311;ESTEARATO MAGNESIO; 1,020 ;KG;;;
4700689;SEMI ACABADO;700689;FINASTERIDA 5MG COMP REV;1.200.000;600;010469;LAURIL SULFATO SODIO (PO); 1,020 ;KG;;;
5700689;SEMI ACABADO;700689;FINASTERIDA 5MG COMP REV;1.200.000;600;010859;LACTOSE (200); 179,360 ;KG;;;
6700689;SEMI ACABADO;700689;FINASTERIDA 5MG COMP REV;1.200.000;600;010923;CROSCARMELOSE SODICA; 9,600 ;KG;;;
7700689;SEMI ACABADO;700689;FINASTERIDA 5MG COMP REV;1.200.000;600;010964;POVIDONA K29-32; 7,000 ;KG;;;
8700689;SEMI ACABADO;700689;FINASTERIDA 5MG COMP REV;1.200.000;600;011032;ALC.POL.+DIOX.TIT.+PEG+TALCO; 7,000 ;KG;;;
9700689;SEMI ACABADO;700689;FINASTERIDA 5MG COMP REV;1.200.000;600;011383;FINASTERIDA; 6,000 ;KG;;;
1700709;SEMI ACABADO;700709;SUCRALFATO 1G COMP-S;200.000;600;010041;DIOXIDO SILICIO COLOIDAL ANIDRO; 0,500 ;KG;;;
2700709;SEMI ACABADO;700709;SUCRALFATO 1G COMP-S;200.000;600;010276;ESS HORTELA; 0,500 ;KG;;;
3700709;SEMI ACABADO;700709;SUCRALFATO 1G COMP-S;200.000;600;010311;ESTEARATO MAGNESIO; 6,000 ;KG;;;
4700709;SEMI ACABADO;700709;SUCRALFATO 1G COMP-S;200.000;600;010328;OLEO VEGETAL HIDROGENADO (LUBRITAB); 8,000 ;KG;;;
5700709;SEMI ACABADO;700709;SUCRALFATO 1G COMP-S;200.000;600;010595;SORBITOL; 108,000 ;KG;;;
6700709;SEMI ACABADO;700709;SUCRALFATO 1G COMP-S;200.000;600;010739;LACTOSE (50/70); 63,000 ;KG;;;
7700709;SEMI ACABADO;700709;SUCRALFATO 1G COMP-S;200.000;600;010852;ASPARTAME; 10,000 ;KG;;;
8700709;SEMI ACABADO;700709;SUCRALFATO 1G COMP-S;200.000;600;010953;TALCO; 4,000 ;KG;;;
9700709;SEMI ACABADO;700709;SUCRALFATO 1G COMP-S;200.000;600;011389;SUCRALFATO; 200,000 ;KG;;;
1700723;SEMI ACABADO;700723;CLOR.SERTRALINA (C1) 50MG COMP REV;1.500.000;600;010041;DIOXIDO SILICIO COLOIDAL ANIDRO; 1,890 ;KG;;;
2700723;SEMI ACABADO;700723;CLOR.SERTRALINA (C1) 50MG COMP REV;1.500.000;600;010311;ESTEARATO MAGNESIO; 4,124 ;KG;;;
3700723;SEMI ACABADO;700723;CLOR.SERTRALINA (C1) 50MG COMP REV;1.500.000;600;010331;GLICOLATO AMIDO SODICO; 10,500 ;KG;;;
4700723;SEMI ACABADO;700723;CLOR.SERTRALINA (C1) 50MG COMP REV;1.500.000;600;010501;CELULOSE MIC.(TIPO102); 110,086 ;KG;;;
5700723;SEMI ACABADO;700723;CLOR.SERTRALINA (C1) 50MG COMP REV;1.500.000;600;010731;FOSF.CAL.DIB.(COMPDIRETA); 54,000 ;KG;;;
6700723;SEMI ACABADO;700723;CLOR.SERTRALINA (C1) 50MG COMP REV;1.500.000;600;010953;TALCO; 5,400 ;KG;;;
7700723;SEMI ACABADO;700723;CLOR.SERTRALINA (C1) 50MG COMP REV;1.500.000;600;011032;ALC.POL.+DIOX.TIT.+PEG+TALCO; 9,450 ;KG;;;
8700723;SEMI ACABADO;700723;CLOR.SERTRALINA (C1) 50MG COMP REV;1.500.000;600;011431;CLOR.SERTRALINA (C1); 84,000 ;KG;;;
1700724;SEMI ACABADO;700724;MALEATO ENALAPRIL 5MG COMP;3.378.394;600;010311;ESTEARATO MAGNESIO; 4,503 ;KG;;;
2700724;SEMI ACABADO;700724;MALEATO ENALAPRIL 5MG COMP;3.378.394;600;010501;CELULOSE MIC.(TIPO102); 464,529 ;KG;;;
3700724;SEMI ACABADO;700724;MALEATO ENALAPRIL 5MG COMP;3.378.394;600;010731;FOSF.CAL.DIB.(COMPDIRETA); 112,612 ;KG;;;
4700724;SEMI ACABADO;700724;MALEATO ENALAPRIL 5MG COMP;3.378.394;600;010739;LACTOSE (50/70); 112,612 ;KG;;;
5700724;SEMI ACABADO;700724;MALEATO ENALAPRIL 5MG COMP;3.378.394;600;010923;CROSCARMELOSE SODICA; 22,524 ;KG;;;
6700724;SEMI ACABADO;700724;MALEATO ENALAPRIL 5MG COMP;3.378.394;600;011018;AMIDO DE MILHO PREGELATINIZADO; 15,203 ;KG;;;
7700724;SEMI ACABADO;700724;MALEATO ENALAPRIL 5MG COMP;3.378.394;600;011346;MALEATO ENALAPRIL; 18,017 ;KG;;;
1700725;SEMI ACABADO;700725;MALEATO ENALAPRIL 10MG COMP;3.386.020;600;010311;ESTEARATO MAGNESIO; 6,772 ;KG;;;
2700725;SEMI ACABADO;700725;MALEATO ENALAPRIL 10MG COMP;3.386.020;600;010501;CELULOSE MIC.(TIPO102); 443,003 ;KG;;;
3700725;SEMI ACABADO;700725;MALEATO ENALAPRIL 10MG COMP;3.386.020;600;010731;FOSF.CAL.DIB.(COMPDIRETA); 112,866 ;KG;;;
4700725;SEMI ACABADO;700725;MALEATO ENALAPRIL 10MG COMP;3.386.020;600;010739;LACTOSE (50/70); 112,866 ;KG;;;
5700725;SEMI ACABADO;700725;MALEATO ENALAPRIL 10MG COMP;3.386.020;600;010923;CROSCARMELOSE SODICA; 22,575 ;KG;;;
6700725;SEMI ACABADO;700725;MALEATO ENALAPRIL 10MG COMP;3.386.020;600;011018;AMIDO DE MILHO PREGELATINIZADO; 15,237 ;KG;;;
7700725;SEMI ACABADO;700725;MALEATO ENALAPRIL 10MG COMP;3.386.020;600;011049;OXIDO DE FERRO VERM(USP REF.33.8075); 1,128 ;KG;;;
8700725;SEMI ACABADO;700725;MALEATO ENALAPRIL 10MG COMP;3.386.020;600;011346;MALEATO ENALAPRIL; 35,553 ;KG;;;
1700726;SEMI ACABADO;700726;MALEATO ENALAPRIL 20MG COMP;3.368.274;600;010311;ESTEARATO MAGNESIO; 8,983 ;KG;;;
2700726;SEMI ACABADO;700726;MALEATO ENALAPRIL 20MG COMP;3.368.274;600;010501;CELULOSE MIC.(TIPO102); 406,998 ;KG;;;
3700726;SEMI ACABADO;700726;MALEATO ENALAPRIL 20MG COMP;3.368.274;600;010731;FOSF.CAL.DIB.(COMPDIRETA); 112,275 ;KG;;;
4700726;SEMI ACABADO;700726;MALEATO ENALAPRIL 20MG COMP;3.368.274;600;010739;LACTOSE (50/70); 112,275 ;KG;;;
5700726;SEMI ACABADO;700726;MALEATO ENALAPRIL 20MG COMP;3.368.274;600;010923;CROSCARMELOSE SODICA; 22,456 ;KG;;;
6700726;SEMI ACABADO;700726;MALEATO ENALAPRIL 20MG COMP;3.368.274;600;011018;AMIDO DE MILHO PREGELATINIZADO; 15,157 ;KG;;;
7700726;SEMI ACABADO;700726;MALEATO ENALAPRIL 20MG COMP;3.368.274;600;011050;OXIDO FERRO AMARELO; 1,122 ;KG;;;
8700726;SEMI ACABADO;700726;MALEATO ENALAPRIL 20MG COMP;3.368.274;600;011346;MALEATO ENALAPRIL; 70,734 ;KG;;;
1700743;SEMI ACABADO;700743;PREDNISONA 20MG COMP;1.333.333;600;010056;AMIDO; 75,333 ;KG;;;
2700743;SEMI ACABADO;700743;PREDNISONA 20MG COMP;1.333.333;600;010311;ESTEARATO MAGNESIO; 3,000 ;KG;;;
3700743;SEMI ACABADO;700743;PREDNISONA 20MG COMP;1.333.333;600;010859;LACTOSE (200); 480,000 ;KG;;;
4700743;SEMI ACABADO;700743;PREDNISONA 20MG COMP;1.333.333;600;010964;POVIDONA K29-32; 15,000 ;KG;;;
5700743;SEMI ACABADO;700743;PREDNISONA 20MG COMP;1.333.333;600;011448;PREDNISONA(MICRONIZADA); 26,667 ;KG;;;
1700749;SEMI ACABADO;700749;PREDNISONA 5MG COMP;900.000;600;010311;ESTEARATO MAGNESIO; 0,900 ;KG;;;
2700749;SEMI ACABADO;700749;PREDNISONA 5MG COMP;900.000;600;010859;LACTOSE (200); 145,600 ;KG;;;
3700749;SEMI ACABADO;700749;PREDNISONA 5MG COMP;900.000;600;010964;POVIDONA K29-32; 4,500 ;KG;;;
4700749;SEMI ACABADO;700749;PREDNISONA 5MG COMP;900.000;600;011448;PREDNISONA(MICRONIZADA); 4,500 ;KG;;;
5700749;SEMI ACABADO;700749;PREDNISONA 5MG COMP;900.000;600;010056;AMIDO; 24,500 ;KG;;;
1700757;SEMI ACABADO;700757;FLUNITRAZEPAM (B1) 2MG COM REV;530.000;600;010041;DIOXIDO SILICIO COLOIDAL ANIDRO; 0,265 ;KG;;;
2700757;SEMI ACABADO;700757;FLUNITRAZEPAM (B1) 2MG COM REV;530.000;600;010174;COR ALUM LACA AMARELO CREPUSCULO 6; 0,016 ;KG;;;
3700757;SEMI ACABADO;700757;FLUNITRAZEPAM (B1) 2MG COM REV;530.000;600;010228;DIOXIDO TITANIO; 0,779 ;KG;;;
4700757;SEMI ACABADO;700757;FLUNITRAZEPAM (B1) 2MG COM REV;530.000;600;010311;ESTEARATO MAGNESIO; 0,795 ;KG;;;
5700757;SEMI ACABADO;700757;FLUNITRAZEPAM (B1) 2MG COM REV;530.000;600;010501;CELULOSE MIC.(TIPO102); 47,700 ;KG;;;
6700757;SEMI ACABADO;700757;FLUNITRAZEPAM (B1) 2MG COM REV;530.000;600;010739;LACTOSE (50/70); 29,134 ;KG;;;
7700757;SEMI ACABADO;700757;FLUNITRAZEPAM (B1) 2MG COM REV;530.000;600;010923;CROSCARMELOSE SODICA; 0,530 ;KG;;;
8700757;SEMI ACABADO;700757;FLUNITRAZEPAM (B1) 2MG COM REV;530.000;600;011668;ALCOOL POLIVINILICO+TALCO+PEG; 2,385 ;KG;;;
9700757;SEMI ACABADO;700757;FLUNITRAZEPAM (B1) 2MG COM REV;530.000;600;011869;FLUNITRAZEPAM (B1)**; 1,060 ;KG;;;
1700810;SEMI ACABADO;700810;CARBAMAZEPINA (C1)400MG COMP** ;400.000;600;010111;CARBAMAZEPINA (C1)**; 160,000 ;KG;;;
2700810;SEMI ACABADO;700810;CARBAMAZEPINA (C1)400MG COMP** ;400.000;600;010311;ESTEARATO MAGNESIO; 2,400 ;KG;;;
3700810;SEMI ACABADO;700810;CARBAMAZEPINA (C1)400MG COMP** ;400.000;600;010501;CELULOSE MIC.(TIPO102); 62,000 ;KG;;;
4700810;SEMI ACABADO;700810;CARBAMAZEPINA (C1)400MG COMP** ;400.000;600;010923;CROSCARMELOSE SODICA; 10,800 ;KG;;;
5700810;SEMI ACABADO;700810;CARBAMAZEPINA (C1)400MG COMP** ;400.000;600;010964;POVIDONA K29-32; 4,800 ;KG;;;
1700811;SEMI ACABADO;700811;CARBAMAZEPINA (C1)200MG COMP ;800.000;600;010111;CARBAMAZEPINA (C1)**; 160,000 ;KG;;;
2700811;SEMI ACABADO;700811;CARBAMAZEPINA (C1)200MG COMP ;800.000;600;010311;ESTEARATO MAGNESIO; 2,400 ;KG;;;
3700811;SEMI ACABADO;700811;CARBAMAZEPINA (C1)200MG COMP ;800.000;600;010501;CELULOSE MIC.(TIPO102); 62,000 ;KG;;;
4700811;SEMI ACABADO;700811;CARBAMAZEPINA (C1)200MG COMP ;800.000;600;010923;CROSCARMELOSE SODICA; 10,800 ;KG;;;
5700811;SEMI ACABADO;700811;CARBAMAZEPINA (C1)200MG COMP ;800.000;600;010964;POVIDONA K29-32; 4,800 ;KG;;;
1700825;SEMI ACABADO;700825;SECNIDAZOL 1000MG COM REV;50.000;600;010041;DIOXIDO SILICIO COLOIDAL ANIDRO; 1,277 ;KG;;;
2700825;SEMI ACABADO;700825;SECNIDAZOL 1000MG COM REV;50.000;600;010046;ALCOOL ETILICO; 3,900 ;KG;;;
3700825;SEMI ACABADO;700825;SECNIDAZOL 1000MG COM REV;50.000;600;010311;ESTEARATO MAGNESIO; 0,667 ;KG;;;
4700825;SEMI ACABADO;700825;SECNIDAZOL 1000MG COM REV;50.000;600;010923;CROSCARMELOSE SODICA; 4,389 ;KG;;;
5700825;SEMI ACABADO;700825;SECNIDAZOL 1000MG COM REV;50.000;600;010964;POVIDONA K29-32; 1,888 ;KG;;;
6700825;SEMI ACABADO;700825;SECNIDAZOL 1000MG COM REV;50.000;600;011020;CELULOSE MIC(TIPO 101); 1,277 ;KG;;;
7700825;SEMI ACABADO;700825;SECNIDAZOL 1000MG COM REV;50.000;600;011032;ALC.POL.+DIOX.TIT.+PEG+TALCO; 2,194 ;KG;;;
8700825;SEMI ACABADO;700825;SECNIDAZOL 1000MG COM REV;50.000;600;011464;SECNIDAZOL (MICRONIZADO); 50,000 ;KG;;;
9700825;SEMI ACABADO;700825;SECNIDAZOL 1000MG COM REV;50.000;600;010056;AMIDO; 3,167 ;KG;;;
1700856;SEMI ACABADO;700856;TROMETAMOL CETOROL. SL 10MG COMP -S;1.333.334;600;010168;CMC SODICA; 2,660 ;KG;;;
2700856;SEMI ACABADO;700856;TROMETAMOL CETOROL. SL 10MG COMP -S;1.333.334;600;010311;ESTEARATO MAGNESIO; 2,660 ;KG;;;
3700856;SEMI ACABADO;700856;TROMETAMOL CETOROL. SL 10MG COMP -S;1.333.334;600;010501;CELULOSE MIC.(TIPO102); 15,000 ;KG;;;
4700856;SEMI ACABADO;700856;TROMETAMOL CETOROL. SL 10MG COMP -S;1.333.334;600;010575;SACARINA SODICA; 2,000 ;KG;;;
5700856;SEMI ACABADO;700856;TROMETAMOL CETOROL. SL 10MG COMP -S;1.333.334;600;010595;SORBITOL; 6,660 ;KG;;;
6700856;SEMI ACABADO;700856;TROMETAMOL CETOROL. SL 10MG COMP -S;1.333.334;600;010739;LACTOSE (50/70); 45,000 ;KG;;;
7700856;SEMI ACABADO;700856;TROMETAMOL CETOROL. SL 10MG COMP -S;1.333.334;600;011357;AROMA LIMAO NATURAL; 3,340 ;KG;;;
8700856;SEMI ACABADO;700856;TROMETAMOL CETOROL. SL 10MG COMP -S;1.333.334;600;011569;TROMETAMOL CETOROLACO; 13,340 ;KG;;;
9700856;SEMI ACABADO;700856;TROMETAMOL CETOROL. SL 10MG COMP -S;1.333.334;600;011639;DIOXIDO SILICIO (SYLOID 244FP); 1,340 ;KG;;;
10700856;SEMI ACABADO;700856;TROMETAMOL CETOROL. SL 10MG COMP -S;1.333.334;600;010553;CROSPOVIDONE; 8,000 ;KG;;;
1700904;SEMI ACABADO;700904;CLOR.CIPROFLOXACINO 250MG COMP REV;600.000;600;010046;ALCOOL ETILICO; 154,500 ;KG;;;
2700904;SEMI ACABADO;700904;CLOR.CIPROFLOXACINO 250MG COMP REV;600.000;600;010228;DIOXIDO TITANIO; 2,025 ;KG;;;
3700904;SEMI ACABADO;700904;CLOR.CIPROFLOXACINO 250MG COMP REV;600.000;600;010311;ESTEARATO MAGNESIO; 3,000 ;KG;;;
4700904;SEMI ACABADO;700904;CLOR.CIPROFLOXACINO 250MG COMP REV;600.000;600;010720;CLORETO METILENO (D2)**; 49,500 ;KG;;;
5700904;SEMI ACABADO;700904;CLOR.CIPROFLOXACINO 250MG COMP REV;600.000;600;010835;CLOR.CIPROFLOXACINO; 184,500 ;KG;;;
6700904;SEMI ACABADO;700904;CLOR.CIPROFLOXACINO 250MG COMP REV;600.000;600;010923;CROSCARMELOSE SODICA; 14,400 ;KG;;;
7700904;SEMI ACABADO;700904;CLOR.CIPROFLOXACINO 250MG COMP REV;600.000;600;010964;POVIDONA K29-32; 6,000 ;KG;;;
8700904;SEMI ACABADO;700904;CLOR.CIPROFLOXACINO 250MG COMP REV;600.000;600;010978;ETILCELULOSE 10 CPS(ETHOCEL 10 CPS); 1,800 ;KG;;;
9700904;SEMI ACABADO;700904;CLOR.CIPROFLOXACINO 250MG COMP REV;600.000;600;010979;HPMC+PEG; 4,950 ;KG;;;
10700904;SEMI ACABADO;700904;CLOR.CIPROFLOXACINO 250MG COMP REV;600.000;600;010056;AMIDO; 21,000 ;KG;;;
1700905;SEMI ACABADO;700905;CLOR.CIPROFLOXACINO 500MG COMP REV;800.000;600;010056;AMIDO; 55,999 ;KG;;;
2700905;SEMI ACABADO;700905;CLOR.CIPROFLOXACINO 500MG COMP REV;800.000;600;010046;ALCOOL ETILICO; 402,000 ;KG;;;
3700905;SEMI ACABADO;700905;CLOR.CIPROFLOXACINO 500MG COMP REV;800.000;600;010174;COR ALUM LACA AMARELO CREPUSCULO 6; 0,400 ;KG;;;
4700905;SEMI ACABADO;700905;CLOR.CIPROFLOXACINO 500MG COMP REV;800.000;600;010228;DIOXIDO TITANIO; 5,400 ;KG;;;
5700905;SEMI ACABADO;700905;CLOR.CIPROFLOXACINO 500MG COMP REV;800.000;600;010311;ESTEARATO MAGNESIO; 8,000 ;KG;;;
6700905;SEMI ACABADO;700905;CLOR.CIPROFLOXACINO 500MG COMP REV;800.000;600;010720;CLORETO METILENO (D2)**; 132,000 ;KG;;;
7700905;SEMI ACABADO;700905;CLOR.CIPROFLOXACINO 500MG COMP REV;800.000;600;010835;CLOR.CIPROFLOXACINO; 492,000 ;KG;;;
8700905;SEMI ACABADO;700905;CLOR.CIPROFLOXACINO 500MG COMP REV;800.000;600;010923;CROSCARMELOSE SODICA; 38,400 ;KG;;;
9700905;SEMI ACABADO;700905;CLOR.CIPROFLOXACINO 500MG COMP REV;800.000;600;010964;POVIDONA K29-32; 16,000 ;KG;;;
10700905;SEMI ACABADO;700905;CLOR.CIPROFLOXACINO 500MG COMP REV;800.000;600;010978;ETILCELULOSE 10 CPS(ETHOCEL 10 CPS); 4,800 ;KG;;;
11700905;SEMI ACABADO;700905;CLOR.CIPROFLOXACINO 500MG COMP REV;800.000;600;010979;HPMC+PEG; 13,200 ;KG;;;
1700907;SEMI ACABADO;700907;LORAZEPAM (B1) 2MGCOMP - LG;1.000.000;600;010311;ESTEARATO MAGNESIO; 1,000 ;KG;;;
2700907;SEMI ACABADO;700907;LORAZEPAM (B1) 2MGCOMP - LG;1.000.000;600;010501;CELULOSE MIC.(TIPO102); 30,000 ;KG;;;
3700907;SEMI ACABADO;700907;LORAZEPAM (B1) 2MGCOMP - LG;1.000.000;600;010739;LACTOSE (50/70); 66,000 ;KG;;;
4700907;SEMI ACABADO;700907;LORAZEPAM (B1) 2MGCOMP - LG;1.000.000;600;010923;CROSCARMELOSE SODICA; 1,000 ;KG;;;
5700907;SEMI ACABADO;700907;LORAZEPAM (B1) 2MGCOMP - LG;1.000.000;600;011050;OXIDO FERRO AMARELO; 0,100 ;KG;;;
6700907;SEMI ACABADO;700907;LORAZEPAM (B1) 2MGCOMP - LG;1.000.000;600;011516;LORAZEPAM (B1)**; 2,000 ;KG;;;
1700935;SEMI ACABADO;700935;DICLOFENACO POTASSICO 50MG COMP REV;3.000.000;600;010010;ACETONA **; 12,501 ;KG;;;
2700935;SEMI ACABADO;700935;DICLOFENACO POTASSICO 50MG COMP REV;3.000.000;600;010047;ALCOOL ISOPROPILICO(ISOPROPANOL); 157,500 ;KG;;;
3700935;SEMI ACABADO;700935;DICLOFENACO POTASSICO 50MG COMP REV;3.000.000;600;010120;POLIETILENOGLICOL 6000-MACROGOL 6000; 1,251 ;KG;;;
4700935;SEMI ACABADO;700935;DICLOFENACO POTASSICO 50MG COMP REV;3.000.000;600;010174;COR ALUM LACA AMARELO CREPUSCULO 6; 2,250 ;KG;;;
5700935;SEMI ACABADO;700935;DICLOFENACO POTASSICO 50MG COMP REV;3.000.000;600;010228;DIOXIDO TITANIO; 4,374 ;KG;;;
6700935;SEMI ACABADO;700935;DICLOFENACO POTASSICO 50MG COMP REV;3.000.000;600;010311;ESTEARATO MAGNESIO; 16,000 ;KG;;;
7700935;SEMI ACABADO;700935;DICLOFENACO POTASSICO 50MG COMP REV;3.000.000;600;010322;POL CAT AC METACRIL(EUDRAGIT E100 G; 5,001 ;KG;;;
8700935;SEMI ACABADO;700935;DICLOFENACO POTASSICO 50MG COMP REV;3.000.000;600;010331;GLICOLATO AMIDO SODICO; 22,500 ;KG;;;
9700935;SEMI ACABADO;700935;DICLOFENACO POTASSICO 50MG COMP REV;3.000.000;600;010501;CELULOSE MIC.(TIPO102); 185,001 ;KG;;;
10700935;SEMI ACABADO;700935;DICLOFENACO POTASSICO 50MG COMP REV;3.000.000;600;010704;DICLOFENACO POTASSICO; 150,000 ;KG;;;
11700935;SEMI ACABADO;700935;DICLOFENACO POTASSICO 50MG COMP REV;3.000.000;600;010731;FOSF.CAL.DIB.(COMPDIRETA); 185,001 ;KG;;;
12700935;SEMI ACABADO;700935;DICLOFENACO POTASSICO 50MG COMP REV;3.000.000;600;010739;LACTOSE (50/70); 177,501 ;KG;;;
13700935;SEMI ACABADO;700935;DICLOFENACO POTASSICO 50MG COMP REV;3.000.000;600;010953;TALCO; 21,249 ;KG;;;
14700935;SEMI ACABADO;700935;DICLOFENACO POTASSICO 50MG COMP REV;3.000.000;600;011049;OXIDO DE FERRO VERM(USP REF.33.8075); 1,251 ;KG;;;
1700948;SEMI ACABADO;700948;CAPTOPRIL 50MG COMP;1.000.000;600;010311;ESTEARATO MAGNESIO; 2,000 ;KG;;;
2700948;SEMI ACABADO;700948;CAPTOPRIL 50MG COMP;1.000.000;600;010501;CELULOSE MIC.(TIPO102); 60,000 ;KG;;;
3700948;SEMI ACABADO;700948;CAPTOPRIL 50MG COMP;1.000.000;600;010739;LACTOSE (50/70); 60,000 ;KG;;;
4700948;SEMI ACABADO;700948;CAPTOPRIL 50MG COMP;1.000.000;600;010877;ACIDO ESTEARICO VEGETAL(MICRONIZADO); 3,000 ;KG;;;
5700948;SEMI ACABADO;700948;CAPTOPRIL 50MG COMP;1.000.000;600;011018;AMIDO DE MILHO PREGELATINIZADO; 26,000 ;KG;;;
6700948;SEMI ACABADO;700948;CAPTOPRIL 50MG COMP;1.000.000;600;011088;CAPTOPRIL; 50,000 ;KG;;;
1700951;SEMI ACABADO;700951;OMEPRAZOL 20MG CAP;1.000.000;600;011104;OMEPRAZOL PELLETE ENTERICO 8,5%P/P; 235,294 ;KG;;;
2700951;SEMI ACABADO;700951;OMEPRAZOL 20MG CAP;1.000.000;600;011214;CAPS 2 CARAMELO/ROSA; 1.000.000,000 ;UN;;;
1700956;SEMI ACABADO;700956;DIAZEPAM (B1) 10MGCOMP;3.000.000;600;010041;DIOXIDO SILICIO COLOIDAL ANIDRO; 0,750 ;KG;;;
2700956;SEMI ACABADO;700956;DIAZEPAM (B1) 10MGCOMP;3.000.000;600;010071;CELULOSE MIC (TIPO200); 130,875 ;KG;;;
3700956;SEMI ACABADO;700956;DIAZEPAM (B1) 10MGCOMP;3.000.000;600;010192;COR ALUM LACA VERMELHO ERITROZINA 3; 0,375 ;KG;;;
4700956;SEMI ACABADO;700956;DIAZEPAM (B1) 10MGCOMP;3.000.000;600;010311;ESTEARATO MAGNESIO; 6,000 ;KG;;;
5700956;SEMI ACABADO;700956;DIAZEPAM (B1) 10MGCOMP;3.000.000;600;010731;FOSF.CAL.DIB.(COMPDIRETA); 165,000 ;KG;;;
6700956;SEMI ACABADO;700956;DIAZEPAM (B1) 10MGCOMP;3.000.000;600;010739;LACTOSE (50/70); 165,000 ;KG;;;
7700956;SEMI ACABADO;700956;DIAZEPAM (B1) 10MGCOMP;3.000.000;600;010923;CROSCARMELOSE SODICA; 6,000 ;KG;;;
8700956;SEMI ACABADO;700956;DIAZEPAM (B1) 10MGCOMP;3.000.000;600;010953;TALCO; 6,000 ;KG;;;
9700956;SEMI ACABADO;700956;DIAZEPAM (B1) 10MGCOMP;3.000.000;600;011515;DIAZEPAM (B1)**; 30,000 ;KG;;;
1700957;SEMI ACABADO;700957;DIAZEPAM (B1) 5MG COMP;2.000.000;600;010041;DIOXIDO SILICIO COLOIDAL ANIDRO; 0,500 ;KG;;;
2700957;SEMI ACABADO;700957;DIAZEPAM (B1) 5MG COMP;2.000.000;600;010071;CELULOSE MIC (TIPO200); 77,500 ;KG;;;
3700957;SEMI ACABADO;700957;DIAZEPAM (B1) 5MG COMP;2.000.000;600;010311;ESTEARATO MAGNESIO; 4,000 ;KG;;;
4700957;SEMI ACABADO;700957;DIAZEPAM (B1) 5MG COMP;2.000.000;600;010731;FOSF.CAL.DIB.(COMPDIRETA); 120,000 ;KG;;;
5700957;SEMI ACABADO;700957;DIAZEPAM (B1) 5MG COMP;2.000.000;600;010739;LACTOSE (50/70); 120,000 ;KG;;;
6700957;SEMI ACABADO;700957;DIAZEPAM (B1) 5MG COMP;2.000.000;600;010923;CROSCARMELOSE SODICA; 4,000 ;KG;;;
7700957;SEMI ACABADO;700957;DIAZEPAM (B1) 5MG COMP;2.000.000;600;010953;TALCO; 4,000 ;KG;;;
8700957;SEMI ACABADO;700957;DIAZEPAM (B1) 5MG COMP;2.000.000;600;011515;DIAZEPAM (B1)**; 10,000 ;KG;;;
1700971;SEMI ACABADO;700971;CLOR.AMILORIDA 5MG+HIDROCLOROT.50MG;1.000.000;600;010046;ALCOOL ETILICO; 20,000 ;KG;;;
2700971;SEMI ACABADO;700971;CLOR.AMILORIDA 5MG+HIDROCLOROT.50MG;1.000.000;600;010090;BICARBONATO SODIO; 12,500 ;KG;;;
3700971;SEMI ACABADO;700971;CLOR.AMILORIDA 5MG+HIDROCLOROT.50MG;1.000.000;600;010174;COR ALUM LACA AMARELO CREPUSCULO 6; 0,120 ;KG;;;
4700971;SEMI ACABADO;700971;CLOR.AMILORIDA 5MG+HIDROCLOROT.50MG;1.000.000;600;010311;ESTEARATO MAGNESIO; 0,630 ;KG;;;
5700971;SEMI ACABADO;700971;CLOR.AMILORIDA 5MG+HIDROCLOROT.50MG;1.000.000;600;010331;GLICOLATO AMIDO SODICO; 6,250 ;KG;;;
6700971;SEMI ACABADO;700971;CLOR.AMILORIDA 5MG+HIDROCLOROT.50MG;1.000.000;600;010469;LAURIL SULFATO SODIO (PO); 1,250 ;KG;;;
7700971;SEMI ACABADO;700971;CLOR.AMILORIDA 5MG+HIDROCLOROT.50MG;1.000.000;600;010731;FOSF.CAL.DIB.(COMPDIRETA); 35,000 ;KG;;;
8700971;SEMI ACABADO;700971;CLOR.AMILORIDA 5MG+HIDROCLOROT.50MG;1.000.000;600;011018;AMIDO DE MILHO PREGELATINIZADO; 2,500 ;KG;;;
9700971;SEMI ACABADO;700971;CLOR.AMILORIDA 5MG+HIDROCLOROT.50MG;1.000.000;600;011377;HIDROCLOROTIAZIDA; 50,000 ;KG;;;
10700971;SEMI ACABADO;700971;CLOR.AMILORIDA 5MG+HIDROCLOROT.50MG;1.000.000;600;011429;CLOR.AMILORIDA DIHIDRATADA; 5,680 ;KG;;;
11700971;SEMI ACABADO;700971;CLOR.AMILORIDA 5MG+HIDROCLOROT.50MG;1.000.000;600;011675;LACTOSE (ANIDRA); 126,070 ;KG;;;
12700971;SEMI ACABADO;700971;CLOR.AMILORIDA 5MG+HIDROCLOROT.50MG;1.000.000;600;010056;AMIDO; 10,000 ;KG;;;
1700972;SEMI ACABADO;700972;CLOR.AMILORIDA 2.5MG+HIDROCLOROT.25MG;1.250.000;600;010046;ALCOOL ETILICO; 10,125 ;KG;;;
2700972;SEMI ACABADO;700972;CLOR.AMILORIDA 2.5MG+HIDROCLOROT.25MG;1.250.000;600;010090;BICARBONATO SODIO; 7,500 ;KG;;;
3700972;SEMI ACABADO;700972;CLOR.AMILORIDA 2.5MG+HIDROCLOROT.25MG;1.250.000;600;010174;COR ALUM LACA AMARELO CREPUSCULO 6; 0,013 ;KG;;;
4700972;SEMI ACABADO;700972;CLOR.AMILORIDA 2.5MG+HIDROCLOROT.25MG;1.250.000;600;010311;ESTEARATO MAGNESIO; 0,375 ;KG;;;
5700972;SEMI ACABADO;700972;CLOR.AMILORIDA 2.5MG+HIDROCLOROT.25MG;1.250.000;600;010331;GLICOLATO AMIDO SODICO; 3,750 ;KG;;;
6700972;SEMI ACABADO;700972;CLOR.AMILORIDA 2.5MG+HIDROCLOROT.25MG;1.250.000;600;010469;LAURIL SULFATO SODIO (PO); 0,750 ;KG;;;
7700972;SEMI ACABADO;700972;CLOR.AMILORIDA 2.5MG+HIDROCLOROT.25MG;1.250.000;600;010731;FOSF.CAL.DIB.(COMPDIRETA); 21,000 ;KG;;;
8700972;SEMI ACABADO;700972;CLOR.AMILORIDA 2.5MG+HIDROCLOROT.25MG;1.250.000;600;011018;AMIDO DE MILHO PREGELATINIZADO; 1,563 ;KG;;;
9700972;SEMI ACABADO;700972;CLOR.AMILORIDA 2.5MG+HIDROCLOROT.25MG;1.250.000;600;011377;HIDROCLOROTIAZIDA; 31,250 ;KG;;;
10700972;SEMI ACABADO;700972;CLOR.AMILORIDA 2.5MG+HIDROCLOROT.25MG;1.250.000;600;011429;CLOR.AMILORIDA DIHIDRATADA; 3,550 ;KG;;;
11700972;SEMI ACABADO;700972;CLOR.AMILORIDA 2.5MG+HIDROCLOROT.25MG;1.250.000;600;011675;LACTOSE (ANIDRA); 74,250 ;KG;;;
12700972;SEMI ACABADO;700972;CLOR.AMILORIDA 2.5MG+HIDROCLOROT.25MG;1.250.000;600;010056;AMIDO; 6,000 ;KG;;;
1700974;SEMI ACABADO;700974;LISINOPRIL 10 MG COM;558.140;600;010311;ESTEARATO MAGNESIO; 0,610 ;KG;;;
2700974;SEMI ACABADO;700974;LISINOPRIL 10 MG COM;558.140;600;010483;MANITOL; 24,186 ;KG;;;
3700974;SEMI ACABADO;700974;LISINOPRIL 10 MG COM;558.140;600;010731;FOSF.CAL.DIB.(COMPDIRETA); 55,820 ;KG;;;
4700974;SEMI ACABADO;700974;LISINOPRIL 10 MG COM;558.140;600;010923;CROSCARMELOSE SODICA; 1,210 ;KG;;;
5700974;SEMI ACABADO;700974;LISINOPRIL 10 MG COM;558.140;600;011018;AMIDO DE MILHO PREGELATINIZADO; 5,720 ;KG;;;
6700974;SEMI ACABADO;700974;LISINOPRIL 10 MG COM;558.140;600;011049;OXIDO DE FERRO VERM(USP REF.33.8075); 0,200 ;KG;;;
7700974;SEMI ACABADO;700974;LISINOPRIL 10 MG COM;558.140;600;011497;LISINOPRIL(DIHIDRATADO); 6,200 ;KG;;;
8700974;SEMI ACABADO;700974;LISINOPRIL 10 MG COM;558.140;600;010056;AMIDO; 26,050 ;KG;;;
1700975;SEMI ACABADO;700975;LISINOPRIL 20MG COMP  ;510.638;600;010311;ESTEARATO MAGNESIO; 0,624 ;KG;;;
2700975;SEMI ACABADO;700975;LISINOPRIL 20MG COMP  ;510.638;600;010483;MANITOL; 21,560 ;KG;;;
3700975;SEMI ACABADO;700975;LISINOPRIL 20MG COMP  ;510.638;600;010731;FOSF.CAL.DIB.(COMPDIRETA); 54,112 ;KG;;;
4700975;SEMI ACABADO;700975;LISINOPRIL 20MG COMP  ;510.638;600;010923;CROSCARMELOSE SODICA; 1,190 ;KG;;;
5700975;SEMI ACABADO;700975;LISINOPRIL 20MG COMP  ;510.638;600;011018;AMIDO DE MILHO PREGELATINIZADO; 5,674 ;KG;;;
6700975;SEMI ACABADO;700975;LISINOPRIL 20MG COMP  ;510.638;600;011049;OXIDO DE FERRO VERM(USP REF.33.8075); 0,240 ;KG;;;
7700975;SEMI ACABADO;700975;LISINOPRIL 20MG COMP  ;510.638;600;011497;LISINOPRIL(DIHIDRATADO); 11,348 ;KG;;;
8700975;SEMI ACABADO;700975;LISINOPRIL 20MG COMP  ;510.638;600;010056;AMIDO; 25,248 ;KG;;;
1700976;SEMI ACABADO;700976;CAPTOPRIL 12,5MG COMP;3.000.000;600;010311;ESTEARATO MAGNESIO; 1,500 ;KG;;;
2700976;SEMI ACABADO;700976;CAPTOPRIL 12,5MG COMP;3.000.000;600;010501;CELULOSE MIC.(TIPO102); 108,750 ;KG;;;
3700976;SEMI ACABADO;700976;CAPTOPRIL 12,5MG COMP;3.000.000;600;010739;LACTOSE (50/70); 108,750 ;KG;;;
4700976;SEMI ACABADO;700976;CAPTOPRIL 12,5MG COMP;3.000.000;600;010877;ACIDO ESTEARICO VEGETAL(MICRONIZADO); 4,500 ;KG;;;
5700976;SEMI ACABADO;700976;CAPTOPRIL 12,5MG COMP;3.000.000;600;011018;AMIDO DE MILHO PREGELATINIZADO; 39,000 ;KG;;;
6700976;SEMI ACABADO;700976;CAPTOPRIL 12,5MG COMP;3.000.000;600;011088;CAPTOPRIL; 37,500 ;KG;;;
1700977;SEMI ACABADO;700977;CAPTOPRIL 25MG COMP;2.000.000;600;010311;ESTEARATO MAGNESIO; 3,000 ;KG;;;
2700977;SEMI ACABADO;700977;CAPTOPRIL 25MG COMP;2.000.000;600;010501;CELULOSE MIC.(TIPO102); 102,500 ;KG;;;
3700977;SEMI ACABADO;700977;CAPTOPRIL 25MG COMP;2.000.000;600;010739;LACTOSE (50/70); 102,500 ;KG;;;
4700977;SEMI ACABADO;700977;CAPTOPRIL 25MG COMP;2.000.000;600;010877;ACIDO ESTEARICO VEGETAL(MICRONIZADO); 4,500 ;KG;;;
5700977;SEMI ACABADO;700977;CAPTOPRIL 25MG COMP;2.000.000;600;011018;AMIDO DE MILHO PREGELATINIZADO; 39,000 ;KG;;;
6700977;SEMI ACABADO;700977;CAPTOPRIL 25MG COMP;2.000.000;600;011088;CAPTOPRIL; 50,000 ;KG;;;
1700981;SEMI ACABADO;700981;METILDOPA 250MG COMP REV;800.000;600;010010;ACETONA **; 15,000 ;KG;;;
2700981;SEMI ACABADO;700981;METILDOPA 250MG COMP REV;800.000;600;010018;ACIDO CITRICO ANIDRO; 4,000 ;KG;;;
3700981;SEMI ACABADO;700981;METILDOPA 250MG COMP REV;800.000;600;010046;ALCOOL ETILICO; 80,000 ;KG;;;
4700981;SEMI ACABADO;700981;METILDOPA 250MG COMP REV;800.000;600;010047;ALCOOL ISOPROPILICO(ISOPROPANOL); 180,000 ;KG;;;
5700981;SEMI ACABADO;700981;METILDOPA 250MG COMP REV;800.000;600;010120;POLIETILENOGLICOL 6000-MACROGOL 6000; 1,500 ;KG;;;
6700981;SEMI ACABADO;700981;METILDOPA 250MG COMP REV;800.000;600;010174;COR ALUM LACA AMARELO CREPUSCULO 6; 3,000 ;KG;;;
7700981;SEMI ACABADO;700981;METILDOPA 250MG COMP REV;800.000;600;010228;DIOXIDO TITANIO; 6,000 ;KG;;;
8700981;SEMI ACABADO;700981;METILDOPA 250MG COMP REV;800.000;600;010241;EDTA DISSODICO DIH(EDETATO DE SODIO); 2,400 ;KG;;;
9700981;SEMI ACABADO;700981;METILDOPA 250MG COMP REV;800.000;600;010311;ESTEARATO MAGNESIO; 4,200 ;KG;;;
10700981;SEMI ACABADO;700981;METILDOPA 250MG COMP REV;800.000;600;010322;POL CAT AC METACRIL(EUDRAGIT E100 G; 9,000 ;KG;;;
11700981;SEMI ACABADO;700981;METILDOPA 250MG COMP REV;800.000;600;010494;METILDOPA; 230,000 ;KG;;;
12700981;SEMI ACABADO;700981;METILDOPA 250MG COMP REV;800.000;600;010923;CROSCARMELOSE SODICA; 14,000 ;KG;;;
13700981;SEMI ACABADO;700981;METILDOPA 250MG COMP REV;800.000;600;010953;TALCO; 7,500 ;KG;;;
14700981;SEMI ACABADO;700981;METILDOPA 250MG COMP REV;800.000;600;010964;POVIDONA K29-32; 20,000 ;KG;;;
15700981;SEMI ACABADO;700981;METILDOPA 250MG COMP REV;800.000;600;011049;OXIDO DE FERRO VERM(USP REF.33.8075); 1,650 ;KG;;;
16700981;SEMI ACABADO;700981;METILDOPA 250MG COMP REV;800.000;600;010553;CROSPOVIDONE; 12,000 ;KG;;;
1700984;SEMI ACABADO;700984;CLOR.TERBINAFINA 250MG COMP;500.000;600;010041;DIOXIDO SILICIO COLOIDAL ANIDRO; 1,800 ;KG;;;
2700984;SEMI ACABADO;700984;CLOR.TERBINAFINA 250MG COMP;500.000;600;010311;ESTEARATO MAGNESIO; 1,000 ;KG;;;
3700984;SEMI ACABADO;700984;CLOR.TERBINAFINA 250MG COMP;500.000;600;010469;LAURIL SULFATO SODIO (PO); 0,400 ;KG;;;
4700984;SEMI ACABADO;700984;CLOR.TERBINAFINA 250MG COMP;500.000;600;010501;CELULOSE MIC.(TIPO102); 25,800 ;KG;;;
5700984;SEMI ACABADO;700984;CLOR.TERBINAFINA 250MG COMP;500.000;600;010923;CROSCARMELOSE SODICA; 12,000 ;KG;;;
6700984;SEMI ACABADO;700984;CLOR.TERBINAFINA 250MG COMP;500.000;600;010953;TALCO; 3,000 ;KG;;;
7700984;SEMI ACABADO;700984;CLOR.TERBINAFINA 250MG COMP;500.000;600;011018;AMIDO DE MILHO PREGELATINIZADO; 8,000 ;KG;;;
8700984;SEMI ACABADO;700984;CLOR.TERBINAFINA 250MG COMP;500.000;600;011628;CLORIDRATO TERBINAFINA (COMP); 148,000 ;KG;;;
1700985;SEMI ACABADO;700985;ATENOLOL+CLORTALIDONA 100MG/25MG;900.000;600;010041;DIOXIDO SILICIO COLOIDAL ANIDRO; 2,250 ;KG;;;
2700985;SEMI ACABADO;700985;ATENOLOL+CLORTALIDONA 100MG/25MG;900.000;600;010071;CELULOSE MIC (TIPO200); 216,000 ;KG;;;
3700985;SEMI ACABADO;700985;ATENOLOL+CLORTALIDONA 100MG/25MG;900.000;600;010311;ESTEARATO MAGNESIO; 9,000 ;KG;;;
4700985;SEMI ACABADO;700985;ATENOLOL+CLORTALIDONA 100MG/25MG;900.000;600;010469;LAURIL SULFATO SODIO (PO); 2,250 ;KG;;;
5700985;SEMI ACABADO;700985;ATENOLOL+CLORTALIDONA 100MG/25MG;900.000;600;010729;CLORTALIDONA; 22,500 ;KG;;;
6700985;SEMI ACABADO;700985;ATENOLOL+CLORTALIDONA 100MG/25MG;900.000;600;010923;CROSCARMELOSE SODICA; 18,000 ;KG;;;
7700985;SEMI ACABADO;700985;ATENOLOL+CLORTALIDONA 100MG/25MG;900.000;600;010953;TALCO; 13,500 ;KG;;;
8700985;SEMI ACABADO;700985;ATENOLOL+CLORTALIDONA 100MG/25MG;900.000;600;011018;AMIDO DE MILHO PREGELATINIZADO; 45,000 ;KG;;;
9700985;SEMI ACABADO;700985;ATENOLOL+CLORTALIDONA 100MG/25MG;900.000;600;011437;ATENOLOL; 90,000 ;KG;;;
10700985;SEMI ACABADO;700985;ATENOLOL+CLORTALIDONA 100MG/25MG;900.000;600;011784;CARBONATO DE MAGNESIO (GRANULADO); 31,500 ;KG;;;
1700996;SEMI ACABADO;700996;LORATADINA 10MG COMP;600.000;600;010071;CELULOSE MIC (TIPO200); 64,000 ;KG;;;
2700996;SEMI ACABADO;700996;LORATADINA 10MG COMP;600.000;600;010311;ESTEARATO MAGNESIO; 0,600 ;KG;;;
3700996;SEMI ACABADO;700996;LORATADINA 10MG COMP;600.000;600;010739;LACTOSE (50/70); 30,000 ;KG;;;
4700996;SEMI ACABADO;700996;LORATADINA 10MG COMP;600.000;600;010923;CROSCARMELOSE SODICA; 1,200 ;KG;;;
5700996;SEMI ACABADO;700996;LORATADINA 10MG COMP;600.000;600;011384;LORATADINA(MICRONIZADA); 6,300 ;KG;;;
1700997;SEMI ACABADO;700997;ATENOLOL+CLORTALIDONA 50/12,5MG COMP;1.000.000;600;010041;DIOXIDO SILICIO COLOIDAL ANIDRO; 1,250 ;KG;;;
2700997;SEMI ACABADO;700997;ATENOLOL+CLORTALIDONA 50/12,5MG COMP;1.000.000;600;010071;CELULOSE MIC (TIPO200); 120,000 ;KG;;;
3700997;SEMI ACABADO;700997;ATENOLOL+CLORTALIDONA 50/12,5MG COMP;1.000.000;600;010311;ESTEARATO MAGNESIO; 5,000 ;KG;;;
4700997;SEMI ACABADO;700997;ATENOLOL+CLORTALIDONA 50/12,5MG COMP;1.000.000;600;010469;LAURIL SULFATO SODIO (PO); 1,250 ;KG;;;
5700997;SEMI ACABADO;700997;ATENOLOL+CLORTALIDONA 50/12,5MG COMP;1.000.000;600;010729;CLORTALIDONA; 12,500 ;KG;;;
6700997;SEMI ACABADO;700997;ATENOLOL+CLORTALIDONA 50/12,5MG COMP;1.000.000;600;010923;CROSCARMELOSE SODICA; 10,000 ;KG;;;
7700997;SEMI ACABADO;700997;ATENOLOL+CLORTALIDONA 50/12,5MG COMP;1.000.000;600;010953;TALCO; 7,500 ;KG;;;
8700997;SEMI ACABADO;700997;ATENOLOL+CLORTALIDONA 50/12,5MG COMP;1.000.000;600;011018;AMIDO DE MILHO PREGELATINIZADO; 25,000 ;KG;;;
9700997;SEMI ACABADO;700997;ATENOLOL+CLORTALIDONA 50/12,5MG COMP;1.000.000;600;011437;ATENOLOL; 50,000 ;KG;;;
10700997;SEMI ACABADO;700997;ATENOLOL+CLORTALIDONA 50/12,5MG COMP;1.000.000;600;011784;CARBONATO DE MAGNESIO (GRANULADO); 17,500 ;KG;;;
1700999;SEMI ACABADO;700999;GLIBENCLAMIDA 5MG COMP;3.000.000;600;010041;DIOXIDO SILICIO COLOIDAL ANIDRO; 1,350 ;KG;;;
2700999;SEMI ACABADO;700999;GLIBENCLAMIDA 5MG COMP;3.000.000;600;010311;ESTEARATO MAGNESIO; 2,700 ;KG;;;
3700999;SEMI ACABADO;700999;GLIBENCLAMIDA 5MG COMP;3.000.000;600;010469;LAURIL SULFATO SODIO (PO); 1,620 ;KG;;;
4700999;SEMI ACABADO;700999;GLIBENCLAMIDA 5MG COMP;3.000.000;600;010739;LACTOSE (50/70); 432,180 ;KG;;;
5700999;SEMI ACABADO;700999;GLIBENCLAMIDA 5MG COMP;3.000.000;600;010923;CROSCARMELOSE SODICA; 10,800 ;KG;;;
6700999;SEMI ACABADO;700999;GLIBENCLAMIDA 5MG COMP;3.000.000;600;011018;AMIDO DE MILHO PREGELATINIZADO; 75,600 ;KG;;;
7700999;SEMI ACABADO;700999;GLIBENCLAMIDA 5MG COMP;3.000.000;600;011440;GLIBENCLAMIDA (MICRONIZADA); 15,750 ;KG;;;
1701012;SEMI ACABADO;701012;GELMAX COM MAST (SABOR PAPAYA-CASSIS);300.000;600;010112;CARBONATO DE CALCIO (EXTRA LEVE); 70,500 ;KG;;;
2701012;SEMI ACABADO;701012;GELMAX COM MAST (SABOR PAPAYA-CASSIS);300.000;600;010136;CICLAMATO SODIO; 2,100 ;KG;;;
3701012;SEMI ACABADO;701012;GELMAX COM MAST (SABOR PAPAYA-CASSIS);300.000;600;010174;COR ALUM LACA AMARELO CREPUSCULO 6; 0,900 ;KG;;;
4701012;SEMI ACABADO;701012;GELMAX COM MAST (SABOR PAPAYA-CASSIS);300.000;600;010311;ESTEARATO MAGNESIO; 9,000 ;KG;;;
5701012;SEMI ACABADO;701012;GELMAX COM MAST (SABOR PAPAYA-CASSIS);300.000;600;010445;HIDROXIDO ALUMINIO GEL SECO; 70,500 ;KG;;;
6701012;SEMI ACABADO;701012;GELMAX COM MAST (SABOR PAPAYA-CASSIS);300.000;;010448;HIDROXIDO MAGNESIO GEL SECO; 55,500 ;KG;;;
7701012;SEMI ACABADO;701012;GELMAX COM MAST (SABOR PAPAYA-CASSIS);300.000;600;010483;MANITOL; 55,950 ;KG;;;
8701012;SEMI ACABADO;701012;GELMAX COM MAST (SABOR PAPAYA-CASSIS);300.000;600;010575;SACARINA SODICA; 2,100 ;KG;;;
9701012;SEMI ACABADO;701012;GELMAX COM MAST (SABOR PAPAYA-CASSIS);300.000;600;010953;TALCO; 9,000 ;KG;;;
10701012;SEMI ACABADO;701012;GELMAX COM MAST (SABOR PAPAYA-CASSIS);300.000;600;011018;AMIDO DE MILHO PREGELATINIZADO; 18,000 ;KG;;;
11701012;SEMI ACABADO;701012;GELMAX COM MAST (SABOR PAPAYA-CASSIS);300.000;600;011362;AROMA CASSIS IFF BR 018999; 2,100 ;KG;;;
12701012;SEMI ACABADO;701012;GELMAX COM MAST (SABOR PAPAYA-CASSIS);300.000;600;011363;AROMA MAMAO AROMAX960302; 4,350 ;KG;;;
1701042;SEMI ACABADO;701042;ATENOLOL 100MG COMP;900.000;600;010041;DIOXIDO SILICIO COLOIDAL ANIDRO; 2,115 ;KG;;;
2701042;SEMI ACABADO;701042;ATENOLOL 100MG COMP;900.000;600;010071;CELULOSE MIC (TIPO200); 158,850 ;KG;;;
3701042;SEMI ACABADO;701042;ATENOLOL 100MG COMP;900.000;600;010311;ESTEARATO MAGNESIO; 8,100 ;KG;;;
4701042;SEMI ACABADO;701042;ATENOLOL 100MG COMP;900.000;600;010469;LAURIL SULFATO SODIO (PO); 1,035 ;KG;;;
5701042;SEMI ACABADO;701042;ATENOLOL 100MG COMP;900.000;600;010739;LACTOSE (50/70); 109,800 ;KG;;;
6701042;SEMI ACABADO;701042;ATENOLOL 100MG COMP;900.000;600;010877;ACIDO ESTEARICO VEGETAL(MICRONIZADO); 9,000 ;KG;;;
7701042;SEMI ACABADO;701042;ATENOLOL 100MG COMP;900.000;600;010923;CROSCARMELOSE SODICA; 4,050 ;KG;;;
8701042;SEMI ACABADO;701042;ATENOLOL 100MG COMP;900.000;600;010953;TALCO; 14,850 ;KG;;;
9701042;SEMI ACABADO;701042;ATENOLOL 100MG COMP;900.000;600;011020;CELULOSE MIC(TIPO 101); 36,000 ;KG;;;
10701042;SEMI ACABADO;701042;ATENOLOL 100MG COMP;900.000;600;011437;ATENOLOL; 90,000 ;KG;;;
11701042;SEMI ACABADO;701042;ATENOLOL 100MG COMP;900.000;600;011784;CARBONATO DE MAGNESIO (GRANULADO); 16,200 ;KG;;;
1701045;SEMI ACABADO;701045;CETOPROFENO CAPSULAS 50MG;500.000;600;010311;ESTEARATO MAGNESIO; 0,400 ;KG;;;
2701045;SEMI ACABADO;701045;CETOPROFENO CAPSULAS 50MG;500.000;600;010739;LACTOSE (50/70); 48,600 ;KG;;;
3701045;SEMI ACABADO;701045;CETOPROFENO CAPSULAS 50MG;500.000;600;010923;CROSCARMELOSE SODICA; 1,000 ;KG;;;
4701045;SEMI ACABADO;701045;CETOPROFENO CAPSULAS 50MG;500.000;600;011213;CAPS 3 AZUL/BRANCO; 500.000,000 ;UN;;;
5701045;SEMI ACABADO;701045;CETOPROFENO CAPSULAS 50MG;500.000;600;301439;CETOPROFENO (ALTA DENSIDADE); 25,000 ;KG;;;
1701057;SEMI ACABADO;701057;CLOR.RANITIDINA 150MG COMP REV.;1.200.000;600;010041;DIOXIDO SILICIO COLOIDAL ANIDRO; 2,400 ;KG;;;
2701057;SEMI ACABADO;701057;CLOR.RANITIDINA 150MG COMP REV.;1.200.000;600;010046;ALCOOL ETILICO; 106,000 ;KG;;;
3701057;SEMI ACABADO;701057;CLOR.RANITIDINA 150MG COMP REV.;1.200.000;600;010228;DIOXIDO TITANIO; 4,200 ;KG;;;
4701057;SEMI ACABADO;701057;CLOR.RANITIDINA 150MG COMP REV.;1.200.000;600;010311;ESTEARATO MAGNESIO; 4,200 ;KG;;;
5701057;SEMI ACABADO;701057;CLOR.RANITIDINA 150MG COMP REV.;1.200.000;600;010501;CELULOSE MIC.(TIPO102); 192,900 ;KG;;;
6701057;SEMI ACABADO;701057;CLOR.RANITIDINA 150MG COMP REV.;1.200.000;600;010720;CLORETO METILENO (D2)**; 86,500 ;KG;;;
7701057;SEMI ACABADO;701057;CLOR.RANITIDINA 150MG COMP REV.;1.200.000;600;010923;CROSCARMELOSE SODICA; 19,200 ;KG;;;
8701057;SEMI ACABADO;701057;CLOR.RANITIDINA 150MG COMP REV.;1.200.000;600;010979;HPMC+PEG; 15,000 ;KG;;;
9701057;SEMI ACABADO;701057;CLOR.RANITIDINA 150MG COMP REV.;1.200.000;600;011722;CLOR.RANITIDINA CD; 202,500 ;KG;;;
1701058;SEMI ACABADO;701058;CLOR.RANITIDINA 300MG COMP REV;300.000;600;010041;DIOXIDO SILICIO COLOIDAL ANIDRO; 0,600 ;KG;;;
2701058;SEMI ACABADO;701058;CLOR.RANITIDINA 300MG COMP REV;300.000;600;010046;ALCOOL ETILICO; 37,500 ;KG;;;
3701058;SEMI ACABADO;701058;CLOR.RANITIDINA 300MG COMP REV;300.000;600;010228;DIOXIDO TITANIO; 2,100 ;KG;;;
4701058;SEMI ACABADO;701058;CLOR.RANITIDINA 300MG COMP REV;300.000;600;010311;ESTEARATO MAGNESIO; 2,100 ;KG;;;
5701058;SEMI ACABADO;701058;CLOR.RANITIDINA 300MG COMP REV;300.000;600;010501;CELULOSE MIC.(TIPO102); 96,450 ;KG;;;
6701058;SEMI ACABADO;701058;CLOR.RANITIDINA 300MG COMP REV;300.000;600;010720;CLORETO METILENO (D2)**; 37,500 ;KG;;;
7701058;SEMI ACABADO;701058;CLOR.RANITIDINA 300MG COMP REV;300.000;600;010923;CROSCARMELOSE SODICA; 9,600 ;KG;;;
8701058;SEMI ACABADO;701058;CLOR.RANITIDINA 300MG COMP REV;300.000;600;010979;HPMC+PEG; 7,350 ;KG;;;
9701058;SEMI ACABADO;701058;CLOR.RANITIDINA 300MG COMP REV;300.000;600;011722;CLOR.RANITIDINA CD; 101,250 ;KG;;;
1701094;SEMI ACABADO;701094;FLUNITRAZEPAM (B1) 1MG COM REV ;530.000;600;010041;DIOXIDO SILICIO COLOIDAL ANIDRO; 0,398 ;KG;;;
2701094;SEMI ACABADO;701094;FLUNITRAZEPAM (B1) 1MG COM REV ;530.000;600;010311;ESTEARATO MAGNESIO; 1,193 ;KG;;;
3701094;SEMI ACABADO;701094;FLUNITRAZEPAM (B1) 1MG COM REV ;530.000;600;010501;CELULOSE MIC.(TIPO102); 55,650 ;KG;;;
4701094;SEMI ACABADO;701094;FLUNITRAZEPAM (B1) 1MG COM REV ;530.000;600;010739;LACTOSE (50/70); 20,935 ;KG;;;
5701094;SEMI ACABADO;701094;FLUNITRAZEPAM (B1) 1MG COM REV ;530.000;600;010923;CROSCARMELOSE SODICA; 0,795 ;KG;;;
6701094;SEMI ACABADO;701094;FLUNITRAZEPAM (B1) 1MG COM REV ;530.000;600;011032;ALC.POL.+DIOX.TIT.+PEG+TALCO; 2,385 ;KG;;;
7701094;SEMI ACABADO;701094;FLUNITRAZEPAM (B1) 1MG COM REV ;530.000;600;011869;FLUNITRAZEPAM (B1)**; 0,530 ;KG;;;
1701095;SEMI ACABADO;701095;CETOCONAZOL 200MG COMP;666.666;600;010041;DIOXIDO SILICIO COLOIDAL ANIDRO; 0,500 ;KG;;;
2701095;SEMI ACABADO;701095;CETOCONAZOL 200MG COMP;666.666;600;010046;ALCOOL ETILICO; 35,000 ;KG;;;
3701095;SEMI ACABADO;701095;CETOCONAZOL 200MG COMP;666.666;600;010131;CETOCONAZOL (COMP); 133,332 ;KG;;;
4701095;SEMI ACABADO;701095;CETOCONAZOL 200MG COMP;666.666;600;010311;ESTEARATO MAGNESIO; 2,666 ;KG;;;
5701095;SEMI ACABADO;701095;CETOCONAZOL 200MG COMP;666.666;600;010859;LACTOSE (200); 28,000 ;KG;;;
6701095;SEMI ACABADO;701095;CETOCONAZOL 200MG COMP;666.666;600;010964;POVIDONA K29-32; 8,000 ;KG;;;
7701095;SEMI ACABADO;701095;CETOCONAZOL 200MG COMP;666.666;600;010056;AMIDO; 27,500 ;KG;;;
1701135;SEMI ACABADO;701135;CLOR.DILTIAZEM COMP 60MG;1.166.666;600;010041;DIOXIDO SILICIO COLOIDAL ANIDRO; 1,633 ;KG;;;
2701135;SEMI ACABADO;701135;CLOR.DILTIAZEM COMP 60MG;1.166.666;600;010311;ESTEARATO MAGNESIO; 9,333 ;KG;;;
3701135;SEMI ACABADO;701135;CLOR.DILTIAZEM COMP 60MG;1.166.666;600;010328;OLEO VEGETAL HIDROGENADO (LUBRITAB); 53,667 ;KG;;;
4701135;SEMI ACABADO;701135;CLOR.DILTIAZEM COMP 60MG;1.166.666;600;010736;PEG 6000 MICRONIZADO (MACROGOL 6000); 23,333 ;KG;;;
5701135;SEMI ACABADO;701135;CLOR.DILTIAZEM COMP 60MG;1.166.666;600;010739;LACTOSE (50/70); 192,034 ;KG;;;
6701135;SEMI ACABADO;701135;CLOR.DILTIAZEM COMP 60MG;1.166.666;600;011549;CLOR.DILTIAZEM; 70,000 ;KG;;;
1701136;SEMI ACABADO;701136;ATENOLOL COMP 50MG;1.600.000;600;010041;DIOXIDO SILICIO COLOIDAL ANIDRO; 2,400 ;KG;;;
2701136;SEMI ACABADO;701136;ATENOLOL COMP 50MG;1.600.000;600;010071;CELULOSE MIC (TIPO200); 216,000 ;KG;;;
3701136;SEMI ACABADO;701136;ATENOLOL COMP 50MG;1.600.000;600;010311;ESTEARATO MAGNESIO; 9,600 ;KG;;;
4701136;SEMI ACABADO;701136;ATENOLOL COMP 50MG;1.600.000;600;010469;LAURIL SULFATO SODIO (PO); 1,200 ;KG;;;
5701136;SEMI ACABADO;701136;ATENOLOL COMP 50MG;1.600.000;600;010739;LACTOSE (50/70); 122,800 ;KG;;;
6701136;SEMI ACABADO;701136;ATENOLOL COMP 50MG;1.600.000;600;010877;ACIDO ESTEARICO VEGETAL(MICRONIZADO); 4,800 ;KG;;;
7701136;SEMI ACABADO;701136;ATENOLOL COMP 50MG;1.600.000;600;010923;CROSCARMELOSE SODICA; 4,800 ;KG;;;
8701136;SEMI ACABADO;701136;ATENOLOL COMP 50MG;1.600.000;600;010953;TALCO; 19,200 ;KG;;;
9701136;SEMI ACABADO;701136;ATENOLOL COMP 50MG;1.600.000;600;011437;ATENOLOL; 80,000 ;KG;;;
10701136;SEMI ACABADO;701136;ATENOLOL COMP 50MG;1.600.000;600;011784;CARBONATO DE MAGNESIO (GRANULADO); 19,200 ;KG;;;
1701137;SEMI ACABADO;701137;ATENOLOL COMP 25MG;2.400.000;600;010041;DIOXIDO SILICIO COLOIDAL ANIDRO; 2,088 ;KG;;;
2701137;SEMI ACABADO;701137;ATENOLOL COMP 25MG;2.400.000;600;010071;CELULOSE MIC (TIPO200); 181,200 ;KG;;;
3701137;SEMI ACABADO;701137;ATENOLOL COMP 25MG;2.400.000;600;010311;ESTEARATO MAGNESIO; 8,160 ;KG;;;
4701137;SEMI ACABADO;701137;ATENOLOL COMP 25MG;2.400.000;600;010469;LAURIL SULFATO SODIO (PO); 1,032 ;KG;;;
5701137;SEMI ACABADO;701137;ATENOLOL COMP 25MG;2.400.000;600;010739;LACTOSE (50/70); 114,720 ;KG;;;
6701137;SEMI ACABADO;701137;ATENOLOL COMP 25MG;2.400.000;600;010877;ACIDO ESTEARICO VEGETAL(MICRONIZADO); 4,080 ;KG;;;
7701137;SEMI ACABADO;701137;ATENOLOL COMP 25MG;2.400.000;600;010923;CROSCARMELOSE SODICA; 4,080 ;KG;;;
8701137;SEMI ACABADO;701137;ATENOLOL COMP 25MG;2.400.000;600;010953;TALCO; 16,320 ;KG;;;
9701137;SEMI ACABADO;701137;ATENOLOL COMP 25MG;2.400.000;600;011437;ATENOLOL; 60,000 ;KG;;;
10701137;SEMI ACABADO;701137;ATENOLOL COMP 25MG;2.400.000;600;011784;CARBONATO DE MAGNESIO (GRANULADO); 16,320 ;KG;;;
1701146;SEMI ACABADO;701146;CLOR.CLOMIPRAMINA (C1) 25MG COMP REV   ;3.333.333;600;010041;DIOXIDO SILICIO COLOIDAL ANIDRO; 2,500 ;KG;;;
2701146;SEMI ACABADO;701146;CLOR.CLOMIPRAMINA (C1) 25MG COMP REV   ;3.333.333;600;010501;CELULOSE MIC.(TIPO102); 25,000 ;KG;;;
3701146;SEMI ACABADO;701146;CLOR.CLOMIPRAMINA (C1) 25MG COMP REV   ;3.333.333;600;010859;LACTOSE (200); 77,920 ;KG;;;
4701146;SEMI ACABADO;701146;CLOR.CLOMIPRAMINA (C1) 25MG COMP REV   ;3.333.333;600;010877;ACIDO ESTEARICO VEGETAL(MICRONIZADO); 6,250 ;KG;;;
5701146;SEMI ACABADO;701146;CLOR.CLOMIPRAMINA (C1) 25MG COMP REV   ;3.333.333;600;010953;TALCO; 15,000 ;KG;;;
6701146;SEMI ACABADO;701146;CLOR.CLOMIPRAMINA (C1) 25MG COMP REV   ;3.333.333;600;010964;POVIDONA K29-32; 2,500 ;KG;;;
7701146;SEMI ACABADO;701146;CLOR.CLOMIPRAMINA (C1) 25MG COMP REV   ;3.333.333;600;011018;AMIDO DE MILHO PREGELATINIZADO; 37,500 ;KG;;;
8701146;SEMI ACABADO;701146;CLOR.CLOMIPRAMINA (C1) 25MG COMP REV   ;3.333.333;600;011032;ALC.POL.+DIOX.TIT.+PEG+TALCO; 8,760 ;KG;;;
9701146;SEMI ACABADO;701146;CLOR.CLOMIPRAMINA (C1) 25MG COMP REV   ;3.333.333;600;011050;OXIDO FERRO AMARELO; 0,060 ;KG;;;
10701146;SEMI ACABADO;701146;CLOR.CLOMIPRAMINA (C1) 25MG COMP REV   ;3.333.333;600;011548;CLOR.CLOMIPRAMINA (C1)**; 83,330 ;KG;;;
1701164;SEMI ACABADO;701164;PANTOPRAZOL 40MG COM REV LIB RETARD;1.600.000;600;010041;DIOXIDO SILICIO COLOIDAL ANIDRO; 1,600 ;KG;;;
2701164;SEMI ACABADO;701164;PANTOPRAZOL 40MG COM REV LIB RETARD;1.600.000;600;010046;ALCOOL ETILICO; 180,000 ;KG;;;
3701164;SEMI ACABADO;701164;PANTOPRAZOL 40MG COM REV LIB RETARD;1.600.000;600;010071;CELULOSE MIC (TIPO200); 64,000 ;KG;;;
4701164;SEMI ACABADO;701164;PANTOPRAZOL 40MG COM REV LIB RETARD;1.600.000;600;010228;DIOXIDO TITANIO; 2,640 ;KG;;;
5701164;SEMI ACABADO;701164;PANTOPRAZOL 40MG COM REV LIB RETARD;1.600.000;600;010310;ESTEARATO CALCIO; 4,800 ;KG;;;
6701164;SEMI ACABADO;701164;PANTOPRAZOL 40MG COM REV LIB RETARD;1.600.000;600;010469;LAURIL SULFATO SODIO (PO); 3,200 ;KG;;;
7701164;SEMI ACABADO;701164;PANTOPRAZOL 40MG COM REV LIB RETARD;1.600.000;600;010953;TALCO; 6,400 ;KG;;;
8701164;SEMI ACABADO;701164;PANTOPRAZOL 40MG COM REV LIB RETARD;1.600.000;600;010979;HPMC+PEG; 12,800 ;KG;;;
9701164;SEMI ACABADO;701164;PANTOPRAZOL 40MG COM REV LIB RETARD;1.600.000;600;011050;OXIDO FERRO AMARELO; 0,160 ;KG;;;
10701164;SEMI ACABADO;701164;PANTOPRAZOL 40MG COM REV LIB RETARD;1.600.000;600;011454;PANTOPRAZOL SODICO SESQUIIDRATADO MICRON; 72,000 ;KG;;;
11701164;SEMI ACABADO;701164;PANTOPRAZOL 40MG COM REV LIB RETARD;1.600.000;600;011675;LACTOSE (ANIDRA); 139,200 ;KG;;;
12701164;SEMI ACABADO;701164;PANTOPRAZOL 40MG COM REV LIB RETARD;1.600.000;600;011683;POL.ANI.AC.METACRIL.(EUDRAGIT L30D); 132,000 ;KG;;;
13701164;SEMI ACABADO;701164;PANTOPRAZOL 40MG COM REV LIB RETARD;1.600.000;600;011684;TRIETILCITRATO; 4,000 ;KG;;;
14701164;SEMI ACABADO;701164;PANTOPRAZOL 40MG COM REV LIB RETARD;1.600.000;600;011900;COPOVIDONA; 12,800 ;KG;;;
15701164;SEMI ACABADO;701164;PANTOPRAZOL 40MG COM REV LIB RETARD;1.600.000;600;010553;CROSPOVIDONE; 16,000 ;KG;;;
1701165;SEMI ACABADO;701165;PANTOPRAZOL 20MG COM REV LIB RETARD;800.000;600;010041;DIOXIDO SILICIO COLOIDAL ANIDRO; 0,400 ;KG;;;
2701165;SEMI ACABADO;701165;PANTOPRAZOL 20MG COM REV LIB RETARD;800.000;600;010046;ALCOOL ETILICO; 45,000 ;KG;;;
3701165;SEMI ACABADO;701165;PANTOPRAZOL 20MG COM REV LIB RETARD;800.000;600;010071;CELULOSE MIC (TIPO200); 16,000 ;KG;;;
4701165;SEMI ACABADO;701165;PANTOPRAZOL 20MG COM REV LIB RETARD;800.000;600;010228;DIOXIDO TITANIO; 0,660 ;KG;;;
5701165;SEMI ACABADO;701165;PANTOPRAZOL 20MG COM REV LIB RETARD;800.000;600;010310;ESTEARATO CALCIO; 1,200 ;KG;;;
6701165;SEMI ACABADO;701165;PANTOPRAZOL 20MG COM REV LIB RETARD;800.000;600;010469;LAURIL SULFATO SODIO (PO); 0,800 ;KG;;;
7701165;SEMI ACABADO;701165;PANTOPRAZOL 20MG COM REV LIB RETARD;800.000;600;010953;TALCO; 1,600 ;KG;;;
8701165;SEMI ACABADO;701165;PANTOPRAZOL 20MG COM REV LIB RETARD;800.000;600;010979;HPMC+PEG; 3,200 ;KG;;;
9701165;SEMI ACABADO;701165;PANTOPRAZOL 20MG COM REV LIB RETARD;800.000;600;011050;OXIDO FERRO AMARELO; 0,040 ;KG;;;
10701165;SEMI ACABADO;701165;PANTOPRAZOL 20MG COM REV LIB RETARD;800.000;600;011454;PANTOPRAZOL SODICO SESQUIIDRATADO MICRON; 18,000 ;KG;;;
11701165;SEMI ACABADO;701165;PANTOPRAZOL 20MG COM REV LIB RETARD;800.000;600;011675;LACTOSE (ANIDRA); 34,800 ;KG;;;
12701165;SEMI ACABADO;701165;PANTOPRAZOL 20MG COM REV LIB RETARD;800.000;600;011683;POL.ANI.AC.METACRIL.(EUDRAGIT L30D); 33,000 ;KG;;;
13701165;SEMI ACABADO;701165;PANTOPRAZOL 20MG COM REV LIB RETARD;800.000;600;011684;TRIETILCITRATO; 1,000 ;KG;;;
14701165;SEMI ACABADO;701165;PANTOPRAZOL 20MG COM REV LIB RETARD;800.000;600;011900;COPOVIDONA; 3,200 ;KG;;;
15701165;SEMI ACABADO;701165;PANTOPRAZOL 20MG COM REV LIB RETARD;800.000;600;010553;CROSPOVIDONE; 4,000 ;KG;;;
1701166;SEMI ACABADO;701166;ALENDRONATO DE SODIO 70MG COMP;600.000;600;010041;DIOXIDO SILICIO COLOIDAL ANIDRO; 0,480 ;KG;;;
2701166;SEMI ACABADO;701166;ALENDRONATO DE SODIO 70MG COMP;600.000;600;010071;CELULOSE MIC (TIPO200); 86,400 ;KG;;;
3701166;SEMI ACABADO;701166;ALENDRONATO DE SODIO 70MG COMP;600.000;600;010311;ESTEARATO MAGNESIO; 1,440 ;KG;;;
4701166;SEMI ACABADO;701166;ALENDRONATO DE SODIO 70MG COMP;600.000;600;010739;LACTOSE (50/70); 63,120 ;KG;;;
5701166;SEMI ACABADO;701166;ALENDRONATO DE SODIO 70MG COMP;600.000;600;010923;CROSCARMELOSE SODICA; 2,160 ;KG;;;
6701166;SEMI ACABADO;701166;ALENDRONATO DE SODIO 70MG COMP;600.000;600;011386;ALENDRONATO DE SODIO TRIIDRATADO; 56,400 ;KG;;;
1701168;SEMI ACABADO;701168;CLORTALIDONA 12,5MG COMP;1.500.000;600;010041;DIOXIDO SILICIO COLOIDAL ANIDRO; 2,250 ;KG;;;
2701168;SEMI ACABADO;701168;CLORTALIDONA 12,5MG COMP;1.500.000;600;010071;CELULOSE MIC (TIPO200); 192,900 ;KG;;;
3701168;SEMI ACABADO;701168;CLORTALIDONA 12,5MG COMP;1.500.000;600;010311;ESTEARATO MAGNESIO; 4,500 ;KG;;;
4701168;SEMI ACABADO;701168;CLORTALIDONA 12,5MG COMP;1.500.000;600;010729;CLORTALIDONA; 18,750 ;KG;;;
5701168;SEMI ACABADO;701168;CLORTALIDONA 12,5MG COMP;1.500.000;600;010923;CROSCARMELOSE SODICA; 2,250 ;KG;;;
6701168;SEMI ACABADO;701168;CLORTALIDONA 12,5MG COMP;1.500.000;600;010953;TALCO; 4,200 ;KG;;;
7701168;SEMI ACABADO;701168;CLORTALIDONA 12,5MG COMP;1.500.000;600;011049;OXIDO DE FERRO VERM(USP REF.33.8075); 0,240 ;KG;;;
1701169;SEMI ACABADO;701169;CLORTALIDONA 25MG COMP;2.000.000;600;010041;DIOXIDO SILICIO COLOIDAL ANIDRO; 3,000 ;KG;;;
2701169;SEMI ACABADO;701169;CLORTALIDONA 25MG COMP;2.000.000;600;010071;CELULOSE MIC (TIPO200); 231,600 ;KG;;;
3701169;SEMI ACABADO;701169;CLORTALIDONA 25MG COMP;2.000.000;600;010311;ESTEARATO MAGNESIO; 6,000 ;KG;;;
4701169;SEMI ACABADO;701169;CLORTALIDONA 25MG COMP;2.000.000;600;010729;CLORTALIDONA; 50,000 ;KG;;;
5701169;SEMI ACABADO;701169;CLORTALIDONA 25MG COMP;2.000.000;600;010923;CROSCARMELOSE SODICA; 3,000 ;KG;;;
6701169;SEMI ACABADO;701169;CLORTALIDONA 25MG COMP;2.000.000;600;010953;TALCO; 5,600 ;KG;;;
7701169;SEMI ACABADO;701169;CLORTALIDONA 25MG COMP;2.000.000;600;011049;OXIDO DE FERRO VERM(USP REF.33.8075); 0,400 ;KG;;;
8701169;SEMI ACABADO;701169;CLORTALIDONA 25MG COMP;2.000.000;600;011050;OXIDO FERRO AMARELO; 0,400 ;KG;;;
1701171;SEMI ACABADO;701171;CLOR.SERTRALINA (C1) 100MG COMP REV;1.111.111;600;010041;DIOXIDO SILICIO COLOIDAL ANIDRO; 2,000 ;KG;;;
2701171;SEMI ACABADO;701171;CLOR.SERTRALINA (C1) 100MG COMP REV;1.111.111;600;010311;ESTEARATO MAGNESIO; 5,108 ;KG;;;
3701171;SEMI ACABADO;701171;CLOR.SERTRALINA (C1) 100MG COMP REV;1.111.111;600;010331;GLICOLATO AMIDO SODICO; 15,556 ;KG;;;
4701171;SEMI ACABADO;701171;CLOR.SERTRALINA (C1) 100MG COMP REV;1.111.111;600;010501;CELULOSE MIC.(TIPO102); 164,892 ;KG;;;
5701171;SEMI ACABADO;701171;CLOR.SERTRALINA (C1) 100MG COMP REV;1.111.111;600;010731;FOSF.CAL.DIB.(COMPDIRETA); 80,000 ;KG;;;
6701171;SEMI ACABADO;701171;CLOR.SERTRALINA (C1) 100MG COMP REV;1.111.111;600;010953;TALCO; 8,000 ;KG;;;
7701171;SEMI ACABADO;701171;CLOR.SERTRALINA (C1) 100MG COMP REV;1.111.111;600;011032;ALC.POL.+DIOX.TIT.+PEG+TALCO; 14,000 ;KG;;;
8701171;SEMI ACABADO;701171;CLOR.SERTRALINA (C1) 100MG COMP REV;1.111.111;600;011431;CLOR.SERTRALINA (C1); 124,444 ;KG;;;
1701201;SEMI ACABADO;701201;BROMAZEPAM (B1) 3MG COMP;1.428.571;600;010192;COR ALUM LACA VERMELHO ERITROZINA 3; 0,328 ;KG;;;
2701201;SEMI ACABADO;701201;BROMAZEPAM (B1) 3MG COMP;1.428.571;600;010311;ESTEARATO MAGNESIO; 1,800 ;KG;;;
3701201;SEMI ACABADO;701201;BROMAZEPAM (B1) 3MG COMP;1.428.571;600;010501;CELULOSE MIC.(TIPO102); 60,000 ;KG;;;
4701201;SEMI ACABADO;701201;BROMAZEPAM (B1) 3MG COMP;1.428.571;600;010739;LACTOSE (50/70); 207,300 ;KG;;;
5701201;SEMI ACABADO;701201;BROMAZEPAM (B1) 3MG COMP;1.428.571;600;010923;CROSCARMELOSE SODICA; 3,000 ;KG;;;
6701201;SEMI ACABADO;701201;BROMAZEPAM (B1) 3MG COMP;1.428.571;600;010953;TALCO; 2,286 ;KG;;;
7701201;SEMI ACABADO;701201;BROMAZEPAM (B1) 3MG COMP;1.428.571;600;011514;BROMAZEPAM (B1)**; 4,286 ;KG;;;
8701201;SEMI ACABADO;701201;BROMAZEPAM (B1) 3MG COMP;1.428.571;600;010056;AMIDO; 21,000 ;KG;;;
1701202;SEMI ACABADO;701202;ACICLOVIR 400MG COM;500.000;600;010041;DIOXIDO SILICIO COLOIDAL ANIDRO; 0,750 ;KG;;;
2701202;SEMI ACABADO;701202;ACICLOVIR 400MG COM;500.000;600;010311;ESTEARATO MAGNESIO; 1,000 ;KG;;;
3701202;SEMI ACABADO;701202;ACICLOVIR 400MG COM;500.000;600;010331;GLICOLATO AMIDO SODICO; 12,500 ;KG;;;
4701202;SEMI ACABADO;701202;ACICLOVIR 400MG COM;500.000;600;011018;AMIDO DE MILHO PREGELATINIZADO; 13,750 ;KG;;;
5701202;SEMI ACABADO;701202;ACICLOVIR 400MG COM;500.000;600;011047;ACICLOVIR MICRONIZADO; 200,000 ;KG;;;
6701202;SEMI ACABADO;701202;ACICLOVIR 400MG COM;500.000;600;012459;CELULOSE MICROCRISTALINA (TIPO 302); 44,500 ;KG;;;
1701211;SEMI ACABADO;701211;NIMODIPINO 30MG COMP REV;1.200.000;600;010553;CROSPOVIDONE; 45,120 ;KG;;;
2701211;SEMI ACABADO;701211;NIMODIPINO 30MG COMP REV;1.200.000;600;010046;ALCOOL ETILICO; 58,320 ;KG;;;
3701211;SEMI ACABADO;701211;NIMODIPINO 30MG COMP REV;1.200.000;600;010228;DIOXIDO TITANIO; 2,760 ;KG;;;
4701211;SEMI ACABADO;701211;NIMODIPINO 30MG COMP REV;1.200.000;600;010311;ESTEARATO MAGNESIO; 0,960 ;KG;;;
5701211;SEMI ACABADO;701211;NIMODIPINO 30MG COMP REV;1.200.000;600;010964;POVIDONA K29-32; 33,600 ;KG;;;
6701211;SEMI ACABADO;701211;NIMODIPINO 30MG COMP REV;1.200.000;600;010964;POVIDONA K29-32; 62,400 ;KG;;;
7701211;SEMI ACABADO;701211;NIMODIPINO 30MG COMP REV;1.200.000;600;011020;CELULOSE MIC(TIPO 101); 193,440 ;KG;;;
8701211;SEMI ACABADO;701211;NIMODIPINO 30MG COMP REV;1.200.000;600;011050;OXIDO FERRO AMARELO; 0,696 ;KG;;;
9701211;SEMI ACABADO;701211;NIMODIPINO 30MG COMP REV;1.200.000;600;011467;NIMODIPINO MICRONIZADO; 36,000 ;KG;;;
10701211;SEMI ACABADO;701211;NIMODIPINO 30MG COMP REV;1.200.000;600;011668;ALCOOL POLIVINILICO+TALCO+PEG; 13,860 ;KG;;;
11701211;SEMI ACABADO;701211;NIMODIPINO 30MG COMP REV;1.200.000;600;010056;AMIDO; 10,080 ;KG;;;
12701211;SEMI ACABADO;701211;NIMODIPINO 30MG COMP REV;1.200.000;600;010553;CROSPOVIDONE; 14,400 ;KG;;;
1701235;SEMI ACABADO;701235;ESPIRONOLACTONA COMP 100MG;909.090;600;010056;AMIDO; 272,092 ;KG;;;
2701235;SEMI ACABADO;701235;ESPIRONOLACTONA COMP 100MG;909.090;600;011537;ESPIRONOLACTONA; 90,910 ;KG;;;
3701235;SEMI ACABADO;701235;ESPIRONOLACTONA COMP 100MG;909.090;600;010964;POVIDONA K29-32; 24,000 ;KG;;;
4701235;SEMI ACABADO;701235;ESPIRONOLACTONA COMP 100MG;909.090;600;011689;SULFATO DE CALCIO DIHIDRATADO; 208,498 ;KG;;;
5701235;SEMI ACABADO;701235;ESPIRONOLACTONA COMP 100MG;909.090;600;010311;ESTEARATO MAGNESIO; 4,500 ;KG;;;
1701236;SEMI ACABADO;701236;LOSARTANA POTASSICA 100MG COMP REV;1.250.000;600;010041;DIOXIDO SILICIO COLOIDAL ANIDRO; 4,300 ;KG;;;
2701236;SEMI ACABADO;701236;LOSARTANA POTASSICA 100MG COMP REV;1.250.000;600;010311;ESTEARATO MAGNESIO; 7,500 ;KG;;;
3701236;SEMI ACABADO;701236;LOSARTANA POTASSICA 100MG COMP REV;1.250.000;600;010501;CELULOSE MIC.(TIPO102); 110,000 ;KG;;;
4701236;SEMI ACABADO;701236;LOSARTANA POTASSICA 100MG COMP REV;1.250.000;600;010739;LACTOSE (50/70); 222,200 ;KG;;;
5701236;SEMI ACABADO;701236;LOSARTANA POTASSICA 100MG COMP REV;1.250.000;600;010923;CROSCARMELOSE SODICA; 8,000 ;KG;;;
6701236;SEMI ACABADO;701236;LOSARTANA POTASSICA 100MG COMP REV;1.250.000;600;011018;AMIDO DE MILHO PREGELATINIZADO; 23,000 ;KG;;;
7701236;SEMI ACABADO;701236;LOSARTANA POTASSICA 100MG COMP REV;1.250.000;600;011032;ALC.POL.+DIOX.TIT.+PEG+TALCO; 17,500 ;KG;;;
8701236;SEMI ACABADO;701236;LOSARTANA POTASSICA 100MG COMP REV;1.250.000;600;011469;LOSARTAN POTASSICO MICRONIZADO; 125,000 ;KG;;;
1701247;SEMI ACABADO;701247;PENTOXIFILINA 400MG COMP REV;1.000.000;600;010192;COR ALUM LACA VERMELHO ERITROZINA 3; 2,250 ;KG;;;
2701247;SEMI ACABADO;701247;PENTOXIFILINA 400MG COMP REV;1.000.000;600;010311;ESTEARATO MAGNESIO; 6,000 ;KG;;;
3701247;SEMI ACABADO;701247;PENTOXIFILINA 400MG COMP REV;1.000.000;600;010501;CELULOSE MIC.(TIPO102); 83,304 ;KG;;;
4701247;SEMI ACABADO;701247;PENTOXIFILINA 400MG COMP REV;1.000.000;600;010964;POVIDONA K29-32; 38,700 ;KG;;;
5701247;SEMI ACABADO;701247;PENTOXIFILINA 400MG COMP REV;1.000.000;600;011032;ALC.POL.+DIOX.TIT.+PEG+TALCO; 21,000 ;KG;;;
6701247;SEMI ACABADO;701247;PENTOXIFILINA 400MG COMP REV;1.000.000;600;011434;PENTOXIFILINA; 400,000 ;KG;;;
7701247;SEMI ACABADO;701247;PENTOXIFILINA 400MG COMP REV;1.000.000;600;011610;HPMC (METHOCEL K100M-CR); 72,000 ;KG;;;
1701248;SEMI ACABADO;701248;CLOR.METFORMINA COMP REV 500MG;1.132.075;600;010046;ALCOOL ETILICO; 176,604 ;KG;;;
2701248;SEMI ACABADO;701248;CLOR.METFORMINA COMP REV 500MG;1.132.075;600;010228;DIOXIDO TITANIO; 4,188 ;KG;;;
3701248;SEMI ACABADO;701248;CLOR.METFORMINA COMP REV 500MG;1.132.075;600;010311;ESTEARATO MAGNESIO; 2,658 ;KG;;;
4701248;SEMI ACABADO;701248;CLOR.METFORMINA COMP REV 500MG;1.132.075;600;010501;CELULOSE MIC.(TIPO102); 10,302 ;KG;;;
5701248;SEMI ACABADO;701248;CLOR.METFORMINA COMP REV 500MG;1.132.075;600;010720;CLORETO METILENO (D2)**; 144,000 ;KG;;;
6701248;SEMI ACABADO;701248;CLOR.METFORMINA COMP REV 500MG;1.132.075;600;010964;POVIDONA K29-32; 21,000 ;KG;;;
7701248;SEMI ACABADO;701248;CLOR.METFORMINA COMP REV 500MG;1.132.075;600;010979;HPMC+PEG; 21,000 ;KG;;;
8701248;SEMI ACABADO;701248;CLOR.METFORMINA COMP REV 500MG;1.132.075;600;011483;CLOR.METFORMINA; 566,038 ;KG;;;
1701249;SEMI ACABADO;701249;CLOR.METFORMINA COMP REV 850MG;666.665;600;010046;ALCOOL ETILICO; 175,000 ;KG;;;
2701249;SEMI ACABADO;701249;CLOR.METFORMINA COMP REV 850MG;666.665;600;010228;DIOXIDO TITANIO; 4,165 ;KG;;;
3701249;SEMI ACABADO;701249;CLOR.METFORMINA COMP REV 850MG;666.665;600;010311;ESTEARATO MAGNESIO; 2,665 ;KG;;;
4701249;SEMI ACABADO;701249;CLOR.METFORMINA COMP REV 850MG;666.665;600;010501;CELULOSE MIC.(TIPO102); 9,670 ;KG;;;
5701249;SEMI ACABADO;701249;CLOR.METFORMINA COMP REV 850MG;666.665;600;010720;CLORETO METILENO (D2)**; 144,000 ;KG;;;
6701249;SEMI ACABADO;701249;CLOR.METFORMINA COMP REV 850MG;666.665;600;010964;POVIDONA K29-32; 21,000 ;KG;;;
7701249;SEMI ACABADO;701249;CLOR.METFORMINA COMP REV 850MG;666.665;600;010979;HPMC+PEG; 21,000 ;KG;;;
8701249;SEMI ACABADO;701249;CLOR.METFORMINA COMP REV 850MG;666.665;600;011483;CLOR.METFORMINA; 566,666 ;KG;;;
1702002;SEMI ACABADO;702002;OMEPRAZOL 40MG CAP;1.000.000;600;010887;CAPS 0 BCO/AZUL ROYAL; 1.000.000,000 ;UN;;;
2702002;SEMI ACABADO;702002;OMEPRAZOL 40MG CAP;1.000.000;600;011104;OMEPRAZOL PELLETE ENTERICO 8,5%P/P; 471,000 ;KG;;;
1702005;SEMI ACABADO;702005;FINASTERIDA 1MG COMP REV;600.000;600;010046;ALCOOL ETILICO; 17,820 ;KG;;;
2702005;SEMI ACABADO;702005;FINASTERIDA 1MG COMP REV;600.000;600;010228;DIOXIDO TITANIO; 0,762 ;KG;;;
3702005;SEMI ACABADO;702005;FINASTERIDA 1MG COMP REV;600.000;600;010311;ESTEARATO MAGNESIO; 0,510 ;KG;;;
4702005;SEMI ACABADO;702005;FINASTERIDA 1MG COMP REV;600.000;600;010469;LAURIL SULFATO SODIO (PO); 0,510 ;KG;;;
5702005;SEMI ACABADO;702005;FINASTERIDA 1MG COMP REV;600.000;600;010859;LACTOSE (200); 91,680 ;KG;;;
6702005;SEMI ACABADO;702005;FINASTERIDA 1MG COMP REV;600.000;600;010923;CROSCARMELOSE SODICA; 5,100 ;KG;;;
7702005;SEMI ACABADO;702005;FINASTERIDA 1MG COMP REV;600.000;600;010964;POVIDONA K29-32; 3,600 ;KG;;;
8702005;SEMI ACABADO;702005;FINASTERIDA 1MG COMP REV;600.000;600;011049;OXIDO DE FERRO VERM(USP REF.33.8075); 0,138 ;KG;;;
9702005;SEMI ACABADO;702005;FINASTERIDA 1MG COMP REV;600.000;600;011050;OXIDO FERRO AMARELO; 0,120 ;KG;;;
10702005;SEMI ACABADO;702005;FINASTERIDA 1MG COMP REV;600.000;600;011383;FINASTERIDA; 0,600 ;KG;;;
11702005;SEMI ACABADO;702005;FINASTERIDA 1MG COMP REV;600.000;600;011668;ALCOOL POLIVINILICO+TALCO+PEG; 3,570 ;KG;;;
1702006;SEMI ACABADO;702006;CLOR.DILTIAZEM COMP 30MG;1.333.333;600;010041;DIOXIDO SILICIO COLOIDAL ANIDRO; 0,933 ;KG;;;
2702006;SEMI ACABADO;702006;CLOR.DILTIAZEM COMP 30MG;1.333.333;600;010311;ESTEARATO MAGNESIO; 5,333 ;KG;;;
3702006;SEMI ACABADO;702006;CLOR.DILTIAZEM COMP 30MG;1.333.333;600;010328;OLEO VEGETAL HIDROGENADO (LUBRITAB); 30,667 ;KG;;;
4702006;SEMI ACABADO;702006;CLOR.DILTIAZEM COMP 30MG;1.333.333;600;010736;PEG 6000 MICRONIZADO (MACROGOL 6000); 13,333 ;KG;;;
5702006;SEMI ACABADO;702006;CLOR.DILTIAZEM COMP 30MG;1.333.333;600;010739;LACTOSE (50/70); 109,734 ;KG;;;
6702006;SEMI ACABADO;702006;CLOR.DILTIAZEM COMP 30MG;1.333.333;600;011549;CLOR.DILTIAZEM; 40,000 ;KG;;;
1702009;SEMI ACABADO;702009;IMUSSUPREX 50MG COMP REV;1.250.000;600;010046;ALCOOL ETILICO; 33,215 ;KG;;;
2702009;SEMI ACABADO;702009;IMUSSUPREX 50MG COMP REV;1.250.000;600;010311;ESTEARATO MAGNESIO; 2,500 ;KG;;;
3702009;SEMI ACABADO;702009;IMUSSUPREX 50MG COMP REV;1.250.000;600;010331;GLICOLATO AMIDO SODICO; 17,500 ;KG;;;
4702009;SEMI ACABADO;702009;IMUSSUPREX 50MG COMP REV;1.250.000;600;010483;MANITOL; 97,500 ;KG;;;
5702009;SEMI ACABADO;702009;IMUSSUPREX 50MG COMP REV;1.250.000;600;010501;CELULOSE MIC.(TIPO102); 47,500 ;KG;;;
6702009;SEMI ACABADO;702009;IMUSSUPREX 50MG COMP REV;1.250.000;600;010953;TALCO; 1,250 ;KG;;;
7702009;SEMI ACABADO;702009;IMUSSUPREX 50MG COMP REV;1.250.000;600;010979;HPMC+PEG; 5,000 ;KG;;;
8702009;SEMI ACABADO;702009;IMUSSUPREX 50MG COMP REV;1.250.000;600;011018;AMIDO DE MILHO PREGELATINIZADO; 21,250 ;KG;;;
9702009;SEMI ACABADO;702009;IMUSSUPREX 50MG COMP REV;1.250.000;600;011533;AZATIOPRINA; 62,500 ;KG;;;
1702012;SEMI ACABADO;702012;BROMAZEPAM (B1) 6MG COMP;1.428.571;600;010184;COR ALUM LACA AZUL2; 0,286 ;KG;;;
2702012;SEMI ACABADO;702012;BROMAZEPAM (B1) 6MG COMP;1.428.571;600;010311;ESTEARATO MAGNESIO; 1,950 ;KG;;;
3702012;SEMI ACABADO;702012;BROMAZEPAM (B1) 6MG COMP;1.428.571;600;010501;CELULOSE MIC.(TIPO102); 60,000 ;KG;;;
4702012;SEMI ACABADO;702012;BROMAZEPAM (B1) 6MG COMP;1.428.571;600;010739;LACTOSE (50/70); 202,422 ;KG;;;
5702012;SEMI ACABADO;702012;BROMAZEPAM (B1) 6MG COMP;1.428.571;600;010923;CROSCARMELOSE SODICA; 3,000 ;KG;;;
6702012;SEMI ACABADO;702012;BROMAZEPAM (B1) 6MG COMP;1.428.571;600;010953;TALCO; 2,286 ;KG;;;
7702012;SEMI ACABADO;702012;BROMAZEPAM (B1) 6MG COMP;1.428.571;600;011050;OXIDO FERRO AMARELO; 0,486 ;KG;;;
8702012;SEMI ACABADO;702012;BROMAZEPAM (B1) 6MG COMP;1.428.571;600;011514;BROMAZEPAM (B1)**; 8,572 ;KG;;;
9702012;SEMI ACABADO;702012;BROMAZEPAM (B1) 6MG COMP;1.428.571;600;010056;AMIDO; 21,000 ;KG;;;
1702013;SEMI ACABADO;702013;CLOR.VERAPAMIL 80MG COMP REV;1.714.286;600;010041;DIOXIDO SILICIO COLOIDAL ANIDRO; 8,743 ;KG;;;
2702013;SEMI ACABADO;702013;CLOR.VERAPAMIL 80MG COMP REV;1.714.286;600;010071;CELULOSE MIC (TIPO200); 314,057 ;KG;;;
3702013;SEMI ACABADO;702013;CLOR.VERAPAMIL 80MG COMP REV;1.714.286;600;010311;ESTEARATO MAGNESIO; 5,143 ;KG;;;
4702013;SEMI ACABADO;702013;CLOR.VERAPAMIL 80MG COMP REV;1.714.286;600;010731;FOSF.CAL.DIB.(COMPDIRETA); 120,000 ;KG;;;
5702013;SEMI ACABADO;702013;CLOR.VERAPAMIL 80MG COMP REV;1.714.286;600;010923;CROSCARMELOSE SODICA; 15,086 ;KG;;;
6702013;SEMI ACABADO;702013;CLOR.VERAPAMIL 80MG COMP REV;1.714.286;600;011032;ALC.POL.+DIOX.TIT.+PEG+TALCO; 21,000 ;KG;;;
7702013;SEMI ACABADO;702013;CLOR.VERAPAMIL 80MG COMP REV;1.714.286;600;011478;CLOR. VERAPAMIL; 137,143 ;KG;;;
1702017;SEMI ACABADO;702017;MALEATO DEXCLORFEN.+BETAMETASONA COMP;1.000.000;600;010193;COR VERMELHO ERITROSINA 3; 0,150 ;KG;;;
2702017;SEMI ACABADO;702017;MALEATO DEXCLORFEN.+BETAMETASONA COMP;1.000.000;600;010311;ESTEARATO MAGNESIO; 1,000 ;KG;;;
3702017;SEMI ACABADO;702017;MALEATO DEXCLORFEN.+BETAMETASONA COMP;1.000.000;600;010417;GELATINA; 4,800 ;KG;;;
4702017;SEMI ACABADO;702017;MALEATO DEXCLORFEN.+BETAMETASONA COMP;1.000.000;600;010859;LACTOSE (200); 172,000 ;KG;;;
5702017;SEMI ACABADO;702017;MALEATO DEXCLORFEN.+BETAMETASONA COMP;1.000.000;600;011441;BETAMETASONA (MICRONIZADA); 0,263 ;KG;;;
6702017;SEMI ACABADO;702017;MALEATO DEXCLORFEN.+BETAMETASONA COMP;1.000.000;600;011494;MALEATO DE DEXCLORFENIRAMINA; 2,000 ;KG;;;
7702017;SEMI ACABADO;702017;MALEATO DEXCLORFEN.+BETAMETASONA COMP;1.000.000;600;010056;AMIDO; 19,800 ;KG;;;
1702027;SEMI ACABADO;702027;ESPIRONOLACTONA COMP 25MG;2.307.690;600;010056;AMIDO; 300,000 ;KG;;;
2702027;SEMI ACABADO;702027;ESPIRONOLACTONA COMP 25MG;2.307.690;600;010311;ESTEARATO MAGNESIO; 4,272 ;KG;;;
3702027;SEMI ACABADO;702027;ESPIRONOLACTONA COMP 25MG;2.307.690;600;010964;POVIDONA K29-32; 24,000 ;KG;;;
4702027;SEMI ACABADO;702027;ESPIRONOLACTONA COMP 25MG;2.307.690;600;011537;ESPIRONOLACTONA; 57,692 ;KG;;;
5702027;SEMI ACABADO;702027;ESPIRONOLACTONA COMP 25MG;2.307.690;600;011689;SULFATO DE CALCIO DIHIDRATADO; 214,036 ;KG;;;
1702028;SEMI ACABADO;702028;CLOR.METFORMINA COMP REV 1G;330.188;600;010046;ALCOOL ETILICO; 103,000 ;KG;;;
2702028;SEMI ACABADO;702028;CLOR.METFORMINA COMP REV 1G;330.188;600;010228;DIOXIDO TITANIO; 2,426 ;KG;;;
3702028;SEMI ACABADO;702028;CLOR.METFORMINA COMP REV 1G;330.188;600;010311;ESTEARATO MAGNESIO; 1,650 ;KG;;;
4702028;SEMI ACABADO;702028;CLOR.METFORMINA COMP REV 1G;330.188;600;010501;CELULOSE MIC.(TIPO102); 6,025 ;KG;;;
5702028;SEMI ACABADO;702028;CLOR.METFORMINA COMP REV 1G;330.188;600;010720;CLORETO METILENO (D2)**; 84,000 ;KG;;;
6702028;SEMI ACABADO;702028;CLOR.METFORMINA COMP REV 1G;330.188;600;010964;POVIDONA K29-32; 12,134 ;KG;;;
7702028;SEMI ACABADO;702028;CLOR.METFORMINA COMP REV 1G;330.188;600;010979;HPMC+PEG; 12,134 ;KG;;;
8702028;SEMI ACABADO;702028;CLOR.METFORMINA COMP REV 1G;330.188;600;011483;CLOR.METFORMINA; 330,188 ;KG;;;
1702033;SEMI ACABADO;702033;DEFLAZACORTE 30MG COMP;550.000;600;010041;DIOXIDO SILICIO COLOIDAL ANIDRO; 1,430 ;KG;;;
2702033;SEMI ACABADO;702033;DEFLAZACORTE 30MG COMP;550.000;600;010311;ESTEARATO MAGNESIO; 1,430 ;KG;;;
3702033;SEMI ACABADO;702033;DEFLAZACORTE 30MG COMP;550.000;600;010331;GLICOLATO AMIDO SODICO; 4,070 ;KG;;;
4702033;SEMI ACABADO;702033;DEFLAZACORTE 30MG COMP;550.000;600;010501;CELULOSE MIC.(TIPO102); 40,700 ;KG;;;
5702033;SEMI ACABADO;702033;DEFLAZACORTE 30MG COMP;550.000;600;010739;LACTOSE (50/70); 121,825 ;KG;;;
6702033;SEMI ACABADO;702033;DEFLAZACORTE 30MG COMP;550.000;600;011472;DEFLAZACORTE MICRONIZADO; 16,500 ;KG;;;
7702033;SEMI ACABADO;702033;DEFLAZACORTE 30MG COMP;550.000;600;010056;AMIDO; 17,545 ;KG;;;
1702034;SEMI ACABADO;702034;NORFLOXACINO 400MG COMP REV-LG;681.818;600;010046;ALCOOL ETILICO; 101,590 ;KG;;;
2702034;SEMI ACABADO;702034;NORFLOXACINO 400MG COMP REV-LG;681.818;600;010071;CELULOSE MIC (TIPO200); 249,375 ;KG;;;
3702034;SEMI ACABADO;702034;NORFLOXACINO 400MG COMP REV-LG;681.818;600;010228;DIOXIDO TITANIO; 5,454 ;KG;;;
4702034;SEMI ACABADO;702034;NORFLOXACINO 400MG COMP REV-LG;681.818;600;010311;ESTEARATO MAGNESIO; 9,886 ;KG;;;
5702034;SEMI ACABADO;702034;NORFLOXACINO 400MG COMP REV-LG;681.818;600;010331;GLICOLATO AMIDO SODICO; 23,864 ;KG;;;
6702034;SEMI ACABADO;702034;NORFLOXACINO 400MG COMP REV-LG;681.818;600;010512;NORFLOXACINO; 272,727 ;KG;;;
7702034;SEMI ACABADO;702034;NORFLOXACINO 400MG COMP REV-LG;681.818;600;010720;CLORETO METILENO (D2)**; 81,136 ;KG;;;
8702034;SEMI ACABADO;702034;NORFLOXACINO 400MG COMP REV-LG;681.818;600;010731;FOSF.CAL.DIB.(COMPDIRETA); 30,000 ;KG;;;
9702034;SEMI ACABADO;702034;NORFLOXACINO 400MG COMP REV-LG;681.818;600;010953;TALCO; 14,148 ;KG;;;
10702034;SEMI ACABADO;702034;NORFLOXACINO 400MG COMP REV-LG;681.818;600;010979;HPMC+PEG; 18,000 ;KG;;;
1702046;SEMI ACABADO;702046;GENFIBROZILA 900MGCOMP REV-LG;333.333;600;010041;DIOXIDO SILICIO COLOIDAL ANIDRO; 6,000 ;KG;;;
2702046;SEMI ACABADO;702046;GENFIBROZILA 900MGCOMP REV-LG;333.333;600;010046;ALCOOL ETILICO; 135,232 ;KG;;;
3702046;SEMI ACABADO;702046;GENFIBROZILA 900MGCOMP REV-LG;333.333;600;010228;DIOXIDO TITANIO; 3,200 ;KG;;;
4702046;SEMI ACABADO;702046;GENFIBROZILA 900MGCOMP REV-LG;333.333;600;010311;ESTEARATO MAGNESIO; 6,000 ;KG;;;
5702046;SEMI ACABADO;702046;GENFIBROZILA 900MGCOMP REV-LG;333.333;600;010331;GLICOLATO AMIDO SODICO; 10,000 ;KG;;;
6702046;SEMI ACABADO;702046;GENFIBROZILA 900MGCOMP REV-LG;333.333;600;010669;POLISSORBATO 80(TWEEN 80); 3,332 ;KG;;;
7702046;SEMI ACABADO;702046;GENFIBROZILA 900MGCOMP REV-LG;333.333;600;010978;ETILCELULOSE 10 CPS(ETHOCEL 10 CPS); 4,000 ;KG;;;
8702046;SEMI ACABADO;702046;GENFIBROZILA 900MGCOMP REV-LG;333.333;600;010979;HPMC+PEG; 12,000 ;KG;;;
9702046;SEMI ACABADO;702046;GENFIBROZILA 900MGCOMP REV-LG;333.333;600;011018;AMIDO DE MILHO PREGELATINIZADO; 65,670 ;KG;;;
10702046;SEMI ACABADO;702046;GENFIBROZILA 900MGCOMP REV-LG;333.333;600;011480;GENFIBROZILA; 308,998 ;KG;;;
1702047;SEMI ACABADO;702047;GENFIBROZILA 600MG COMP REV;375.000;600;010041;DIOXIDO SILICIO COLOIDAL ANIDRO; 4,500 ;KG;;;
2702047;SEMI ACABADO;702047;GENFIBROZILA 600MG COMP REV;375.000;600;010046;ALCOOL ETILICO; 101,437 ;KG;;;
3702047;SEMI ACABADO;702047;GENFIBROZILA 600MG COMP REV;375.000;600;010228;DIOXIDO TITANIO; 2,400 ;KG;;;
4702047;SEMI ACABADO;702047;GENFIBROZILA 600MG COMP REV;375.000;600;010311;ESTEARATO MAGNESIO; 4,500 ;KG;;;
5702047;SEMI ACABADO;702047;GENFIBROZILA 600MG COMP REV;375.000;600;010331;GLICOLATO AMIDO SODICO; 7,500 ;KG;;;
6702047;SEMI ACABADO;702047;GENFIBROZILA 600MG COMP REV;375.000;600;010669;POLISSORBATO 80(TWEEN 80); 2,475 ;KG;;;
7702047;SEMI ACABADO;702047;GENFIBROZILA 600MG COMP REV;375.000;600;010978;ETILCELULOSE 10 CPS(ETHOCEL 10 CPS); 3,000 ;KG;;;
8702047;SEMI ACABADO;702047;GENFIBROZILA 600MG COMP REV;375.000;600;010979;HPMC+PEG; 9,000 ;KG;;;
9702047;SEMI ACABADO;702047;GENFIBROZILA 600MG COMP REV;375.000;600;011018;AMIDO DE MILHO PREGELATINIZADO; 49,275 ;KG;;;
10702047;SEMI ACABADO;702047;GENFIBROZILA 600MG COMP REV;375.000;600;011480;GENFIBROZILA; 231,750 ;KG;;;
1702050;SEMI ACABADO;702050;MALEATO DEXCLORFENIRAMINA 2MG COMP;2.000.000;600;010056;AMIDO; 58,500 ;KG;;;
2702050;SEMI ACABADO;702050;MALEATO DEXCLORFENIRAMINA 2MG COMP;2.000.000;600;010175;CORANTE AMARELO CREPUSCULO 6; 0,620 ;KG;;;
3702050;SEMI ACABADO;702050;MALEATO DEXCLORFENIRAMINA 2MG COMP;2.000.000;600;010195;CORANTE VERMELHO PONCEAUX; 0,880 ;KG;;;
4702050;SEMI ACABADO;702050;MALEATO DEXCLORFENIRAMINA 2MG COMP;2.000.000;600;010311;ESTEARATO MAGNESIO; 1,000 ;KG;;;
5702050;SEMI ACABADO;702050;MALEATO DEXCLORFENIRAMINA 2MG COMP;2.000.000;600;010417;GELATINA; 5,000 ;KG;;;
6702050;SEMI ACABADO;702050;MALEATO DEXCLORFENIRAMINA 2MG COMP;2.000.000;600;010859;LACTOSE (200); 130,000 ;KG;;;
7702050;SEMI ACABADO;702050;MALEATO DEXCLORFENIRAMINA 2MG COMP;2.000.000;600;011494;MALEATO DE DEXCLORFENIRAMINA; 4,000 ;KG;;;
1702056;SEMI ACABADO;702056;MALEATO ENALAP.+HIDROC.20/12,5MG COM;750.000;600;010090;BICARBONATO SODIO; 7,500 ;KG;;;
2702056;SEMI ACABADO;702056;MALEATO ENALAP.+HIDROC.20/12,5MG COM;750.000;600;010311;ESTEARATO MAGNESIO; 1,125 ;KG;;;
3702056;SEMI ACABADO;702056;MALEATO ENALAP.+HIDROC.20/12,5MG COM;750.000;600;010859;LACTOSE (200); 105,000 ;KG;;;
4702056;SEMI ACABADO;702056;MALEATO ENALAP.+HIDROC.20/12,5MG COM;750.000;600;011018;AMIDO DE MILHO PREGELATINIZADO; 4,500 ;KG;;;
5702056;SEMI ACABADO;702056;MALEATO ENALAP.+HIDROC.20/12,5MG COM;750.000;600;011346;MALEATO ENALAPRIL; 15,000 ;KG;;;
6702056;SEMI ACABADO;702056;MALEATO ENALAP.+HIDROC.20/12,5MG COM;750.000;600;011377;HIDROCLOROTIAZIDA; 9,375 ;KG;;;
7702056;SEMI ACABADO;702056;MALEATO ENALAP.+HIDROC.20/12,5MG COM;750.000;600;010056;AMIDO; 7,500 ;KG;;;
1702072;SEMI ACABADO;702072;DEXAMETASONA COMP 4MG;1.000.000;600;018864;DEXAMETASONA BASE; 4,000 ;KG;;;
2702072;SEMI ACABADO;702072;DEXAMETASONA COMP 4MG;1.000.000;600;010311;ESTEARATO MAGNESIO; 1,000 ;KG;;;
3702072;SEMI ACABADO;702072;DEXAMETASONA COMP 4MG;1.000.000;600;010731;FOSF.CAL.DIB.(COMPDIRETA); 22,000 ;KG;;;
4702072;SEMI ACABADO;702072;DEXAMETASONA COMP 4MG;1.000.000;600;010859;LACTOSE (200); 99,000 ;KG;;;
5702072;SEMI ACABADO;702072;DEXAMETASONA COMP 4MG;1.000.000;600;011018;AMIDO DE MILHO PREGELATINIZADO; 7,000 ;KG;;;
6702072;SEMI ACABADO;702072;DEXAMETASONA COMP 4MG;1.000.000;600;010056;AMIDO; 7,000 ;KG;;;
1702073;SEMI ACABADO;702073;MELOXICAM COMP 15MG;1.176.470;600;010041;DIOXIDO SILICIO COLOIDAL ANIDRO; 1,059 ;KG;;;
2702073;SEMI ACABADO;702073;MELOXICAM COMP 15MG;1.176.470;600;010071;CELULOSE MIC (TIPO200); 61,647 ;KG;;;
3702073;SEMI ACABADO;702073;MELOXICAM COMP 15MG;1.176.470;600;010150;CITRATO SODIO DIHIDRATADO; 12,000 ;KG;;;
4702073;SEMI ACABADO;702073;MELOXICAM COMP 15MG;1.176.470;600;010311;ESTEARATO MAGNESIO; 2,353 ;KG;;;
5702073;SEMI ACABADO;702073;MELOXICAM COMP 15MG;1.176.470;600;010469;LAURIL SULFATO SODIO (PO); 0,588 ;KG;;;
6702073;SEMI ACABADO;702073;MELOXICAM COMP 15MG;1.176.470;600;010731;FOSF.CAL.DIB.(COMPDIRETA); 38,235 ;KG;;;
7702073;SEMI ACABADO;702073;MELOXICAM COMP 15MG;1.176.470;600;010739;LACTOSE (50/70); 62,353 ;KG;;;
8702073;SEMI ACABADO;702073;MELOXICAM COMP 15MG;1.176.470;600;010923;CROSCARMELOSE SODICA; 1,294 ;KG;;;
9702073;SEMI ACABADO;702073;MELOXICAM COMP 15MG;1.176.470;600;010953;TALCO; 2,353 ;KG;;;
10702073;SEMI ACABADO;702073;MELOXICAM COMP 15MG;1.176.470;600;011049;OXIDO DE FERRO VERM(USP REF.33.8075); 0,470 ;KG;;;
11702073;SEMI ACABADO;702073;MELOXICAM COMP 15MG;1.176.470;600;011103;MELOXICAM(MICRONIZADO ); 17,647 ;KG;;;
1702074;SEMI ACABADO;702074;ALPRAZOLAM (B1) 0,25MG COMP;1.333.320;600;010041;DIOXIDO SILICIO COLOIDAL ANIDRO; 0,780 ;KG;;;
2702074;SEMI ACABADO;702074;ALPRAZOLAM (B1) 0,25MG COMP;1.333.320;600;010081;BENZOATO SODIO; 0,180 ;KG;;;
3702074;SEMI ACABADO;702074;ALPRAZOLAM (B1) 0,25MG COMP;1.333.320;600;010311;ESTEARATO MAGNESIO; 1,160 ;KG;;;
4702074;SEMI ACABADO;702074;ALPRAZOLAM (B1) 0,25MG COMP;1.333.320;600;010469;LAURIL SULFATO SODIO (PO); 0,980 ;KG;;;
5702074;SEMI ACABADO;702074;ALPRAZOLAM (B1) 0,25MG COMP;1.333.320;600;010859;LACTOSE (200); 148,998 ;KG;;;
6702074;SEMI ACABADO;702074;ALPRAZOLAM (B1) 0,25MG COMP;1.333.320;600;011020;CELULOSE MIC(TIPO 101); 38,326 ;KG;;;
7702074;SEMI ACABADO;702074;ALPRAZOLAM (B1) 0,25MG COMP;1.333.320;600;011455;ALPRAZOLAN MICRONIZADO (B1)**; 0,334 ;KG;;;
8702074;SEMI ACABADO;702074;ALPRAZOLAM (B1) 0,25MG COMP;1.333.320;600;010056;AMIDO; 9,240 ;KG;;;
1702075;SEMI ACABADO;702075;ALPRAZOLAM (B1) 0,50MG COMP;1.333.333;600;010041;DIOXIDO SILICIO COLOIDAL ANIDRO; 0,780 ;KG;;;
2702075;SEMI ACABADO;702075;ALPRAZOLAM (B1) 0,50MG COMP;1.333.333;600;010081;BENZOATO SODIO; 0,180 ;KG;;;
3702075;SEMI ACABADO;702075;ALPRAZOLAM (B1) 0,50MG COMP;1.333.333;600;010311;ESTEARATO MAGNESIO; 1,160 ;KG;;;
4702075;SEMI ACABADO;702075;ALPRAZOLAM (B1) 0,50MG COMP;1.333.333;600;010469;LAURIL SULFATO SODIO (PO); 0,980 ;KG;;;
5702075;SEMI ACABADO;702075;ALPRAZOLAM (B1) 0,50MG COMP;1.333.333;600;010859;LACTOSE (200); 149,301 ;KG;;;
6702075;SEMI ACABADO;702075;ALPRAZOLAM (B1) 0,50MG COMP;1.333.333;600;011020;CELULOSE MIC(TIPO 101); 37,640 ;KG;;;
7702075;SEMI ACABADO;702075;ALPRAZOLAM (B1) 0,50MG COMP;1.333.333;600;011049;OXIDO DE FERRO VERM(USP REF.33.8075); 0,013 ;KG;;;
8702075;SEMI ACABADO;702075;ALPRAZOLAM (B1) 0,50MG COMP;1.333.333;600;011050;OXIDO FERRO AMARELO; 0,040 ;KG;;;
9702075;SEMI ACABADO;702075;ALPRAZOLAM (B1) 0,50MG COMP;1.333.333;600;011455;ALPRAZOLAN MICRONIZADO (B1)**; 0,666 ;KG;;;
10702075;SEMI ACABADO;702075;ALPRAZOLAM (B1) 0,50MG COMP;1.333.333;600;010056;AMIDO; 9,240 ;KG;;;
1702076;SEMI ACABADO;702076;ALPRAZOLAM (B1) 1MG COMP;1.333.333;600;010041;DIOXIDO SILICIO COLOIDAL ANIDRO; 0,780 ;KG;;;
2702076;SEMI ACABADO;702076;ALPRAZOLAM (B1) 1MG COMP;1.333.333;600;010081;BENZOATO SODIO; 0,180 ;KG;;;
3702076;SEMI ACABADO;702076;ALPRAZOLAM (B1) 1MG COMP;1.333.333;600;010179;COR AZUL BRILHANTEFCP; 13,333 ;KG;;;
4702076;SEMI ACABADO;702076;ALPRAZOLAM (B1) 1MG COMP;1.333.333;600;010193;COR VERMELHO ERITROSINA 3; 0,040 ;KG;;;
5702076;SEMI ACABADO;702076;ALPRAZOLAM (B1) 1MG COMP;1.333.333;600;010311;ESTEARATO MAGNESIO; 1,160 ;KG;;;
6702076;SEMI ACABADO;702076;ALPRAZOLAM (B1) 1MG COMP;1.333.333;600;010469;LAURIL SULFATO SODIO (PO); 0,980 ;KG;;;
7702076;SEMI ACABADO;702076;ALPRAZOLAM (B1) 1MG COMP;1.333.333;600;010859;LACTOSE (200); 148,654 ;KG;;;
8702076;SEMI ACABADO;702076;ALPRAZOLAM (B1) 1MG COMP;1.333.333;600;011020;CELULOSE MIC(TIPO 101); 37,620 ;KG;;;
9702076;SEMI ACABADO;702076;ALPRAZOLAM (B1) 1MG COMP;1.333.333;600;011455;ALPRAZOLAN MICRONIZADO (B1)**; 1,334 ;KG;;;
10702076;SEMI ACABADO;702076;ALPRAZOLAM (B1) 1MG COMP;1.333.333;600;010056;AMIDO; 9,240 ;KG;;;
1702077;SEMI ACABADO;702077;ALPRAZOLAM (B1) 2MG COMP;769.230;600;010041;DIOXIDO SILICIO COLOIDAL ANIDRO; 0,780 ;KG;;;
2702077;SEMI ACABADO;702077;ALPRAZOLAM (B1) 2MG COMP;769.230;600;010081;BENZOATO SODIO; 0,180 ;KG;;;
3702077;SEMI ACABADO;702077;ALPRAZOLAM (B1) 2MG COMP;769.230;600;010311;ESTEARATO MAGNESIO; 1,160 ;KG;;;
4702077;SEMI ACABADO;702077;ALPRAZOLAM (B1) 2MG COMP;769.230;600;010469;LAURIL SULFATO SODIO (PO); 0,980 ;KG;;;
5702077;SEMI ACABADO;702077;ALPRAZOLAM (B1) 2MG COMP;769.230;600;010859;LACTOSE (200); 148,521 ;KG;;;
6702077;SEMI ACABADO;702077;ALPRAZOLAM (B1) 2MG COMP;769.230;600;011020;CELULOSE MIC(TIPO 101); 37,600 ;KG;;;
7702077;SEMI ACABADO;702077;ALPRAZOLAM (B1) 2MG COMP;769.230;600;011455;ALPRAZOLAN MICRONIZADO (B1)**; 1,539 ;KG;;;
8702077;SEMI ACABADO;702077;ALPRAZOLAM (B1) 2MG COMP;769.230;600;010056;AMIDO; 9,240 ;KG;;;
1702079;SEMI ACABADO;702079;DEFLAZACORTE 6MG COMPRIMIDO;650.000;600;010041;DIOXIDO SILICIO COLOIDAL ANIDRO; 0,820 ;KG;;;
2702079;SEMI ACABADO;702079;DEFLAZACORTE 6MG COMPRIMIDO;650.000;600;010311;ESTEARATO MAGNESIO; 0,820 ;KG;;;
3702079;SEMI ACABADO;702079;DEFLAZACORTE 6MG COMPRIMIDO;650.000;600;010331;GLICOLATO AMIDO SODICO; 2,340 ;KG;;;
4702079;SEMI ACABADO;702079;DEFLAZACORTE 6MG COMPRIMIDO;650.000;600;010501;CELULOSE MIC.(TIPO102); 23,400 ;KG;;;
5702079;SEMI ACABADO;702079;DEFLAZACORTE 6MG COMPRIMIDO;650.000;600;010739;LACTOSE (50/70); 75,630 ;KG;;;
6702079;SEMI ACABADO;702079;DEFLAZACORTE 6MG COMPRIMIDO;650.000;600;011472;DEFLAZACORTE MICRONIZADO; 3,900 ;KG;;;
7702079;SEMI ACABADO;702079;DEFLAZACORTE 6MG COMPRIMIDO;650.000;600;010056;AMIDO; 10,090 ;KG;;;
1702080;SEMI ACABADO;702080;BEZAFIBRATO 200MG COMP REV;666.666;600;010041;DIOXIDO SILICIO COLOIDAL ANIDRO; 2,800 ;KG;;;
2702080;SEMI ACABADO;702080;BEZAFIBRATO 200MG COMP REV;666.666;600;010120;POLIETILENOGLICOL 6000-MACROGOL 6000; 20,000 ;KG;;;
3702080;SEMI ACABADO;702080;BEZAFIBRATO 200MG COMP REV;666.666;600;010311;ESTEARATO MAGNESIO; 3,200 ;KG;;;
4702080;SEMI ACABADO;702080;BEZAFIBRATO 200MG COMP REV;666.666;600;010331;GLICOLATO AMIDO SODICO; 6,600 ;KG;;;
5702080;SEMI ACABADO;702080;BEZAFIBRATO 200MG COMP REV;666.666;600;011018;AMIDO DE MILHO PREGELATINIZADO; 16,000 ;KG;;;
6702080;SEMI ACABADO;702080;BEZAFIBRATO 200MG COMP REV;666.666;600;011020;CELULOSE MIC(TIPO 101); 18,066 ;KG;;;
7702080;SEMI ACABADO;702080;BEZAFIBRATO 200MG COMP REV;666.666;600;011032;ALC.POL.+DIOX.TIT.+PEG+TALCO; 7,000 ;KG;;;
8702080;SEMI ACABADO;702080;BEZAFIBRATO 200MG COMP REV;666.666;600;011476;BEZAFIBRATO MICRONIZADA; 133,334 ;KG;;;
1702084;SEMI ACABADO;702084;SULFATO FERROSO 109MG COMP REV;1.500.000;600;010071;CELULOSE MIC (TIPO200); 214,250 ;KG;;;
2702084;SEMI ACABADO;702084;SULFATO FERROSO 109MG COMP REV;1.500.000;600;010174;COR ALUM LACA AMARELO CREPUSCULO 6; 0,580 ;KG;;;
3702084;SEMI ACABADO;702084;SULFATO FERROSO 109MG COMP REV;1.500.000;600;010228;DIOXIDO TITANIO; 2,900 ;KG;;;
4702084;SEMI ACABADO;702084;SULFATO FERROSO 109MG COMP REV;1.500.000;600;010311;ESTEARATO MAGNESIO; 6,750 ;KG;;;
5702084;SEMI ACABADO;702084;SULFATO FERROSO 109MG COMP REV;1.500.000;600;010607;SULFATO FERROSO PO SECO; 214,000 ;KG;;;
6702084;SEMI ACABADO;702084;SULFATO FERROSO 109MG COMP REV;1.500.000;600;010923;CROSCARMELOSE SODICA; 15,000 ;KG;;;
7702084;SEMI ACABADO;702084;SULFATO FERROSO 109MG COMP REV;1.500.000;600;011049;OXIDO DE FERRO VERM(USP REF.33.8075); 0,980 ;KG;;;
8702084;SEMI ACABADO;702084;SULFATO FERROSO 109MG COMP REV;1.500.000;600;011734;ALCOOL POLIVINIL.-POLIETILENOGLICOL; 18,000 ;KG;;;
1702109;SEMI ACABADO;702109;ESPIRONOLACTONA COMP 50MG;1.818.180;600;010056;AMIDO; 272,092 ;KG;;;
2702109;SEMI ACABADO;702109;ESPIRONOLACTONA COMP 50MG;1.818.180;600;011537;ESPIRONOLACTONA; 90,910 ;KG;;;
3702109;SEMI ACABADO;702109;ESPIRONOLACTONA COMP 50MG;1.818.180;600;010964;POVIDONA K29-32; 24,000 ;KG;;;
4702109;SEMI ACABADO;702109;ESPIRONOLACTONA COMP 50MG;1.818.180;600;011689;SULFATO DE CALCIO DIHIDRATADO; 208,498 ;KG;;;
5702109;SEMI ACABADO;702109;ESPIRONOLACTONA COMP 50MG;1.818.180;600;010311;ESTEARATO MAGNESIO; 4,500 ;KG;;;
1702112;SEMI ACABADO;702112;MELOXICAM COMP 7,5MG;588.235;600;010041;DIOXIDO SILICIO COLOIDAL ANIDRO; 0,529 ;KG;;;
2702112;SEMI ACABADO;702112;MELOXICAM COMP 7,5MG;588.235;600;010071;CELULOSE MIC (TIPO200); 35,236 ;KG;;;
3702112;SEMI ACABADO;702112;MELOXICAM COMP 7,5MG;588.235;600;010150;CITRATO SODIO DIHIDRATADO; 6,000 ;KG;;;
4702112;SEMI ACABADO;702112;MELOXICAM COMP 7,5MG;588.235;600;010311;ESTEARATO MAGNESIO; 1,176 ;KG;;;
5702112;SEMI ACABADO;702112;MELOXICAM COMP 7,5MG;588.235;600;010469;LAURIL SULFATO SODIO (PO); 0,294 ;KG;;;
6702112;SEMI ACABADO;702112;MELOXICAM COMP 7,5MG;588.235;600;010731;FOSF.CAL.DIB.(COMPDIRETA); 19,118 ;KG;;;
7702112;SEMI ACABADO;702112;MELOXICAM COMP 7,5MG;588.235;600;010739;LACTOSE (50/70); 31,412 ;KG;;;
8702112;SEMI ACABADO;702112;MELOXICAM COMP 7,5MG;588.235;600;010923;CROSCARMELOSE SODICA; 0,647 ;KG;;;
9702112;SEMI ACABADO;702112;MELOXICAM COMP 7,5MG;588.235;600;010953;TALCO; 1,176 ;KG;;;
10702112;SEMI ACABADO;702112;MELOXICAM COMP 7,5MG;588.235;600;011103;MELOXICAM(MICRONIZADO ); 4,412 ;KG;;;
1702113;SEMI ACABADO;702113;DICLOFENACO COLESTIRAMINA CAPS 70MG;500.000;600;010122;CARVAO ATIVO; 0,005 ;KG;;;
2702113;SEMI ACABADO;702113;DICLOFENACO COLESTIRAMINA CAPS 70MG;500.000;600;010311;ESTEARATO MAGNESIO; 0,495 ;KG;;;
3702113;SEMI ACABADO;702113;DICLOFENACO COLESTIRAMINA CAPS 70MG;500.000;600;010960;CAPS 3 VERDE/BRANCA; 500.000,000 ;UN;;;
4702113;SEMI ACABADO;702113;DICLOFENACO COLESTIRAMINA CAPS 70MG;500.000;600;011650;DICLOFENACO DE COLESTIRAMINA; 70,000 ;KG;;;
1702132;SEMI ACABADO;702132;CARI+PARA+CAF+DICL.S.125+300+30+50MG COM;900.000;600;010041;DIOXIDO SILICIO COLOIDAL ANIDRO; 0,600 ;KG;;;
2702132;SEMI ACABADO;702132;CARI+PARA+CAF+DICL.S.125+300+30+50MG COM;900.000;600;010104;CAFEINA ANIDRA; 27,000 ;KG;;;
3702132;SEMI ACABADO;702132;CARI+PARA+CAF+DICL.S.125+300+30+50MG COM;900.000;600;010174;COR ALUM LACA AMARELO CREPUSCULO 6; 0,900 ;KG;;;
4702132;SEMI ACABADO;702132;CARI+PARA+CAF+DICL.S.125+300+30+50MG COM;900.000;600;010221;DICLOFENACO SODICO(FREE BROMIDE100%); 45,000 ;KG;;;
5702132;SEMI ACABADO;702132;CARI+PARA+CAF+DICL.S.125+300+30+50MG COM;900.000;600;010311;ESTEARATO MAGNESIO; 3,000 ;KG;;;
6702132;SEMI ACABADO;702132;CARI+PARA+CAF+DICL.S.125+300+30+50MG COM;900.000;600;010915;CARISOPRODOL; 112,500 ;KG;;;
7702132;SEMI ACABADO;702132;CARI+PARA+CAF+DICL.S.125+300+30+50MG COM;900.000;600;010923;CROSCARMELOSE SODICA; 12,000 ;KG;;;
8702132;SEMI ACABADO;702132;CARI+PARA+CAF+DICL.S.125+300+30+50MG COM;900.000;600;010953;TALCO; 3,000 ;KG;;;
9702132;SEMI ACABADO;702132;CARI+PARA+CAF+DICL.S.125+300+30+50MG COM;900.000;600;011609;PARACETAMOL 90%; 300,000 ;KG;;;
1702133;SEMI ACABADO;702133;CLOR.CLOMIPRAMINA (C1) 75MG COMP REV;500.000;600;010041;DIOXIDO SILICIO COLOIDAL ANIDRO; 1,000 ;KG;;;
2702133;SEMI ACABADO;702133;CLOR.CLOMIPRAMINA (C1) 75MG COMP REV;500.000;600;010047;ALCOOL ISOPROPILICO(ISOPROPANOL); 18,000 ;KG;;;
3702133;SEMI ACABADO;702133;CLOR.CLOMIPRAMINA (C1) 75MG COMP REV;500.000;600;010228;DIOXIDO TITANIO; 1,096 ;KG;;;
4702133;SEMI ACABADO;702133;CLOR.CLOMIPRAMINA (C1) 75MG COMP REV;500.000;600;010311;ESTEARATO MAGNESIO; 0,500 ;KG;;;
5702133;SEMI ACABADO;702133;CLOR.CLOMIPRAMINA (C1) 75MG COMP REV;500.000;600;010324;POL.ANI AC METACRIL(EUDRAGIT L 100); 6,000 ;KG;;;
6702133;SEMI ACABADO;702133;CLOR.CLOMIPRAMINA (C1) 75MG COMP REV;500.000;600;010731;FOSF.CAL.DIB.(COMPDIRETA); 55,000 ;KG;;;
7702133;SEMI ACABADO;702133;CLOR.CLOMIPRAMINA (C1) 75MG COMP REV;500.000;600;011049;OXIDO DE FERRO VERM(USP REF.33.8075); 0,065 ;KG;;;
8702133;SEMI ACABADO;702133;CLOR.CLOMIPRAMINA (C1) 75MG COMP REV;500.000;600;011548;CLOR.CLOMIPRAMINA (C1)**; 37,500 ;KG;;;
9702133;SEMI ACABADO;702133;CLOR.CLOMIPRAMINA (C1) 75MG COMP REV;500.000;600;011668;ALCOOL POLIVINILICO+TALCO+PEG; 3,500 ;KG;;;
1702327;SEMI ACABADO;702327;CLOR.TRAMADOL (A2)CAPS 50MG;454.545;600;010041;DIOXIDO SILICIO COLOIDAL ANIDRO; 0,273 ;KG;;;
2702327;SEMI ACABADO;702327;CLOR.TRAMADOL (A2)CAPS 50MG;454.545;600;010071;CELULOSE MIC (TIPO200); 25,682 ;KG;;;
3702327;SEMI ACABADO;702327;CLOR.TRAMADOL (A2)CAPS 50MG;454.545;600;010311;ESTEARATO MAGNESIO; 0,318 ;KG;;;
4702327;SEMI ACABADO;702327;CLOR.TRAMADOL (A2)CAPS 50MG;454.545;600;010331;GLICOLATO AMIDO SODICO; 1,000 ;KG;;;
5702327;SEMI ACABADO;702327;CLOR.TRAMADOL (A2)CAPS 50MG;454.545;600;010954;CAPS 3 AZUL/BRANCA; 454.545,000 ;UN;;;
6702327;SEMI ACABADO;702327;CLOR.TRAMADOL (A2)CAPS 50MG;454.545;600;011543;CLOR.TRAMADOL (A2)**; 22,727 ;KG;;;
1702345;SEMI ACABADO;702345;DEFLAZACORTE 7,5MGCOMP;650.000;600;010041;DIOXIDO SILICIO COLOIDAL ANIDRO; 0,819 ;KG;;;
2702345;SEMI ACABADO;702345;DEFLAZACORTE 7,5MGCOMP;650.000;600;010311;ESTEARATO MAGNESIO; 0,819 ;KG;;;
3702345;SEMI ACABADO;702345;DEFLAZACORTE 7,5MGCOMP;650.000;600;010331;GLICOLATO AMIDO SODICO; 2,340 ;KG;;;
4702345;SEMI ACABADO;702345;DEFLAZACORTE 7,5MGCOMP;650.000;600;010501;CELULOSE MIC.(TIPO102); 23,400 ;KG;;;
5702345;SEMI ACABADO;702345;DEFLAZACORTE 7,5MGCOMP;650.000;600;010739;LACTOSE (50/70); 74,672 ;KG;;;
6702345;SEMI ACABADO;702345;DEFLAZACORTE 7,5MGCOMP;650.000;600;011472;DEFLAZACORTE MICRONIZADO; 4,875 ;KG;;;
7702345;SEMI ACABADO;702345;DEFLAZACORTE 7,5MGCOMP;650.000;600;010056;AMIDO; 10,075 ;KG;;;
1702360;SEMI ACABADO;702360;GLIMEPIRIDA 2MG COMPRIMIDO;1.176.470;600;010041;DIOXIDO SILICIO COLOIDAL ANIDRO; 0,496 ;KG;;;
2702360;SEMI ACABADO;702360;GLIMEPIRIDA 2MG COMPRIMIDO;1.176.470;600;010046;ALCOOL ETILICO; 43,529 ;KG;;;
3702360;SEMI ACABADO;702360;GLIMEPIRIDA 2MG COMPRIMIDO;1.176.470;600;010184;COR ALUM LACA AZUL2; 0,080 ;KG;;;
4702360;SEMI ACABADO;702360;GLIMEPIRIDA 2MG COMPRIMIDO;1.176.470;600;010311;ESTEARATO MAGNESIO; 1,000 ;KG;;;
5702360;SEMI ACABADO;702360;GLIMEPIRIDA 2MG COMPRIMIDO;1.176.470;600;010451;HIDROXIDO SODIO; 0,100 ;KG;;;
6702360;SEMI ACABADO;702360;GLIMEPIRIDA 2MG COMPRIMIDO;1.176.470;600;010859;LACTOSE (200); 47,965 ;KG;;;
7702360;SEMI ACABADO;702360;GLIMEPIRIDA 2MG COMPRIMIDO;1.176.470;600;010923;CROSCARMELOSE SODICA; 4,006 ;KG;;;
8702360;SEMI ACABADO;702360;GLIMEPIRIDA 2MG COMPRIMIDO;1.176.470;600;010964;POVIDONA K29-32; 4,000 ;KG;;;
9702360;SEMI ACABADO;702360;GLIMEPIRIDA 2MG COMPRIMIDO;1.176.470;600;011020;CELULOSE MIC(TIPO 101); 40,000 ;KG;;;
10702360;SEMI ACABADO;702360;GLIMEPIRIDA 2MG COMPRIMIDO;1.176.470;600;011538;GLIMEPIRIDA MICRONIZADA; 2,353 ;KG;;;
1702361;SEMI ACABADO;702361;GLIMEPIRIDA 1MG COMPRIMIDO;705.882;600;010041;DIOXIDO SILICIO COLOIDAL ANIDRO; 0,298 ;KG;;;
2702361;SEMI ACABADO;702361;GLIMEPIRIDA 1MG COMPRIMIDO;705.882;600;010046;ALCOOL ETILICO; 21,155 ;KG;;;
3702361;SEMI ACABADO;702361;GLIMEPIRIDA 1MG COMPRIMIDO;705.882;600;010311;ESTEARATO MAGNESIO; 0,600 ;KG;;;
4702361;SEMI ACABADO;702361;GLIMEPIRIDA 1MG COMPRIMIDO;705.882;600;010451;HIDROXIDO SODIO; 0,060 ;KG;;;
5702361;SEMI ACABADO;702361;GLIMEPIRIDA 1MG COMPRIMIDO;705.882;600;010859;LACTOSE (200); 29,532 ;KG;;;
6702361;SEMI ACABADO;702361;GLIMEPIRIDA 1MG COMPRIMIDO;705.882;600;010923;CROSCARMELOSE SODICA; 2,404 ;KG;;;
7702361;SEMI ACABADO;702361;GLIMEPIRIDA 1MG COMPRIMIDO;705.882;600;010964;POVIDONA K29-32; 2,400 ;KG;;;
8702361;SEMI ACABADO;702361;GLIMEPIRIDA 1MG COMPRIMIDO;705.882;600;011020;CELULOSE MIC(TIPO 101); 24,000 ;KG;;;
9702361;SEMI ACABADO;702361;GLIMEPIRIDA 1MG COMPRIMIDO;705.882;600;011538;GLIMEPIRIDA MICRONIZADA; 0,706 ;KG;;;
1702363;SEMI ACABADO;702363;PARACETAMOL COMP REV 750MG  (CD);895.704;600;010311;ESTEARATO MAGNESIO; 3,583 ;KG;;;
2702363;SEMI ACABADO;702363;PARACETAMOL COMP REV 750MG  (CD);895.704;600;011032;ALC.POL.+DIOX.TIT.+PEG+TALCO; 8,061 ;KG;;;
3702363;SEMI ACABADO;702363;PARACETAMOL COMP REV 750MG  (CD);895.704;600;011609;PARACETAMOL 90%; 746,417 ;KG;;;
1702369;SEMI ACABADO;702369;ADIF.+DIP.+PROMET.10,0+500,0+5,0 MG/COM;800.000;600;010041;DIOXIDO SILICIO COLOIDAL ANIDRO; 3,120 ;KG;;;
2702369;SEMI ACABADO;702369;ADIF.+DIP.+PROMET.10,0+500,0+5,0 MG/COM;800.000;600;010071;CELULOSE MIC (TIPO200); 35,344 ;KG;;;
3702369;SEMI ACABADO;702369;ADIF.+DIP.+PROMET.10,0+500,0+5,0 MG/COM;800.000;600;010311;ESTEARATO MAGNESIO; 6,000 ;KG;;;
4702369;SEMI ACABADO;702369;ADIF.+DIP.+PROMET.10,0+500,0+5,0 MG/COM;800.000;600;010557;CLOR.PROMETAZINA; 4,400 ;KG;;;
5702369;SEMI ACABADO;702369;ADIF.+DIP.+PROMET.10,0+500,0+5,0 MG/COM;800.000;600;010923;CROSCARMELOSE SODICA; 8,000 ;KG;;;
6702369;SEMI ACABADO;702369;ADIF.+DIP.+PROMET.10,0+500,0+5,0 MG/COM;800.000;600;011334;CLOR.ADIFENINA; 8,800 ;KG;;;
7702369;SEMI ACABADO;702369;ADIF.+DIP.+PROMET.10,0+500,0+5,0 MG/COM;800.000;600;011691;DIPIRONA SODICA CD90; 454,336 ;KG;;;
1702370;SEMI ACABADO;702370;CAFEINA+CIT ORFENADRINA+DIP.COMP(CD);900.000;600;010041;DIOXIDO SILICIO COLOIDAL ANIDRO; 1,950 ;KG;;;
2702370;SEMI ACABADO;702370;CAFEINA+CIT ORFENADRINA+DIP.COMP(CD);900.000;600;010071;CELULOSE MIC (TIPO200); 79,200 ;KG;;;
3702370;SEMI ACABADO;702370;CAFEINA+CIT ORFENADRINA+DIP.COMP(CD);900.000;600;010104;CAFEINA ANIDRA; 45,000 ;KG;;;
4702370;SEMI ACABADO;702370;CAFEINA+CIT ORFENADRINA+DIP.COMP(CD);900.000;600;010148;CITRATO ORFENADRINA; 31,500 ;KG;;;
5702370;SEMI ACABADO;702370;CAFEINA+CIT ORFENADRINA+DIP.COMP(CD);900.000;600;010311;ESTEARATO MAGNESIO; 6,450 ;KG;;;
6702370;SEMI ACABADO;702370;CAFEINA+CIT ORFENADRINA+DIP.COMP(CD);900.000;600;010923;CROSCARMELOSE SODICA; 9,000 ;KG;;;
7702370;SEMI ACABADO;702370;CAFEINA+CIT ORFENADRINA+DIP.COMP(CD);900.000;600;011691;DIPIRONA SODICA CD90; 321,900 ;KG;;;
1702377;SEMI ACABADO;702377;ACIDO ACETIL SALICILICO 100MG COMP;2.500.000;600;010056;AMIDO; 64,200 ;KG;;;
2702377;SEMI ACABADO;702377;ACIDO ACETIL SALICILICO 100MG COMP;2.500.000;600;010013;ACIDO ACETILSALICILICO; 250,000 ;KG;;;
3702377;SEMI ACABADO;702377;ACIDO ACETIL SALICILICO 100MG COMP;2.500.000;600;010071;CELULOSE MIC (TIPO200); 60,250 ;KG;;;
4702377;SEMI ACABADO;702377;ACIDO ACETIL SALICILICO 100MG COMP;2.500.000;600;010192;COR ALUM LACA VERMELHO ERITROZINA 3; 0,150 ;KG;;;
5702377;SEMI ACABADO;702377;ACIDO ACETIL SALICILICO 100MG COMP;2.500.000;600;010295;ESS MORANGO PO; 1,250 ;KG;;;
6702377;SEMI ACABADO;702377;ACIDO ACETIL SALICILICO 100MG COMP;2.500.000;600;010575;SACARINA SODICA; 4,000 ;KG;;;
7702377;SEMI ACABADO;702377;ACIDO ACETIL SALICILICO 100MG COMP;2.500.000;600;010672;VANILINA USP; 0,800 ;KG;;;
8702377;SEMI ACABADO;702377;ACIDO ACETIL SALICILICO 100MG COMP;2.500.000;600;010731;FOSF.CAL.DIB.(COMPDIRETA); 19,350 ;KG;;;
1702385;SEMI ACABADO;702385;ACARBOSE 100MG COMPRIMIDOS;500.000;600;010041;DIOXIDO SILICIO COLOIDAL ANIDRO; 3,000 ;KG;;;
2702385;SEMI ACABADO;702385;ACARBOSE 100MG COMPRIMIDOS;500.000;600;010047;ALCOOL ISOPROPILICO(ISOPROPANOL); 44,000 ;KG;;;
3702385;SEMI ACABADO;702385;ACARBOSE 100MG COMPRIMIDOS;500.000;600;010071;CELULOSE MIC (TIPO200); 111,000 ;KG;;;
4702385;SEMI ACABADO;702385;ACARBOSE 100MG COMPRIMIDOS;500.000;600;010311;ESTEARATO MAGNESIO; 1,500 ;KG;;;
5702385;SEMI ACABADO;702385;ACARBOSE 100MG COMPRIMIDOS;500.000;600;011018;AMIDO DE MILHO PREGELATINIZADO; 4,500 ;KG;;;
6702385;SEMI ACABADO;702385;ACARBOSE 100MG COMPRIMIDOS;500.000;600;011645;ACARBOSE; 50,000 ;KG;;;
1702386;SEMI ACABADO;702386;ACARBOSE 50MG COMPRIMIDOS;1.000.000;600;010041;DIOXIDO SILICIO COLOIDAL ANIDRO; 6,000 ;KG;;;
2702386;SEMI ACABADO;702386;ACARBOSE 50MG COMPRIMIDOS;1.000.000;600;010047;ALCOOL ISOPROPILICO(ISOPROPANOL); 88,000 ;KG;;;
3702386;SEMI ACABADO;702386;ACARBOSE 50MG COMPRIMIDOS;1.000.000;600;010071;CELULOSE MIC (TIPO200); 271,400 ;KG;;;
4702386;SEMI ACABADO;702386;ACARBOSE 50MG COMPRIMIDOS;1.000.000;600;010311;ESTEARATO MAGNESIO; 3,000 ;KG;;;
5702386;SEMI ACABADO;702386;ACARBOSE 50MG COMPRIMIDOS;1.000.000;600;011018;AMIDO DE MILHO PREGELATINIZADO; 9,000 ;KG;;;
6702386;SEMI ACABADO;702386;ACARBOSE 50MG COMPRIMIDOS;1.000.000;600;011050;OXIDO FERRO AMARELO; 0,600 ;KG;;;
7702386;SEMI ACABADO;702386;ACARBOSE 50MG COMPRIMIDOS;1.000.000;600;011645;ACARBOSE; 50,000 ;KG;;;
1702390;SEMI ACABADO;702390;LOSARTAN POT.+HIDROCLOR.100/25MG C.R;1.000.000;600;010041;DIOXIDO SILICIO COLOIDAL ANIDRO; 3,000 ;KG;;;
2702390;SEMI ACABADO;702390;LOSARTAN POT.+HIDROCLOR.100/25MG C.R;1.000.000;600;010046;ALCOOL ETILICO; 314,000 ;KG;;;
3702390;SEMI ACABADO;702390;LOSARTAN POT.+HIDROCLOR.100/25MG C.R;1.000.000;600;010071;CELULOSE MIC (TIPO200); 230,001 ;KG;;;
4702390;SEMI ACABADO;702390;LOSARTAN POT.+HIDROCLOR.100/25MG C.R;1.000.000;600;010228;DIOXIDO TITANIO; 6,200 ;KG;;;
5702390;SEMI ACABADO;702390;LOSARTAN POT.+HIDROCLOR.100/25MG C.R;1.000.000;600;010311;ESTEARATO MAGNESIO; 9,000 ;KG;;;
6702390;SEMI ACABADO;702390;LOSARTAN POT.+HIDROCLOR.100/25MG C.R;1.000.000;600;010739;LACTOSE (50/70); 156,000 ;KG;;;
7702390;SEMI ACABADO;702390;LOSARTAN POT.+HIDROCLOR.100/25MG C.R;1.000.000;600;010923;CROSCARMELOSE SODICA; 6,000 ;KG;;;
8702390;SEMI ACABADO;702390;LOSARTAN POT.+HIDROCLOR.100/25MG C.R;1.000.000;600;010979;HPMC+PEG; 21,000 ;KG;;;
9702390;SEMI ACABADO;702390;LOSARTAN POT.+HIDROCLOR.100/25MG C.R;1.000.000;600;011018;AMIDO DE MILHO PREGELATINIZADO; 71,001 ;KG;;;
10702390;SEMI ACABADO;702390;LOSARTAN POT.+HIDROCLOR.100/25MG C.R;1.000.000;600;011469;LOSARTAN POTASSICO MICRONIZADO; 100,000 ;KG;;;
11702390;SEMI ACABADO;702390;LOSARTAN POT.+HIDROCLOR.100/25MG C.R;1.000.000;600;013796;HIDROCLOROTIAZIDA MICRONIZADA (58-93-5); 25,000 ;KG;;;
1702391;SEMI ACABADO;702391;LOSARTAN POT.+HIDROCLO.50/12,5MG C.R;2.000.000;600;010041;DIOXIDO SILICIO COLOIDAL ANIDRO; 3,000 ;KG;;;
2702391;SEMI ACABADO;702391;LOSARTAN POT.+HIDROCLO.50/12,5MG C.R;2.000.000;600;010046;ALCOOL ETILICO; 314,000 ;KG;;;
3702391;SEMI ACABADO;702391;LOSARTAN POT.+HIDROCLO.50/12,5MG C.R;2.000.000;600;010071;CELULOSE MIC (TIPO200); 230,000 ;KG;;;
4702391;SEMI ACABADO;702391;LOSARTAN POT.+HIDROCLO.50/12,5MG C.R;2.000.000;600;010228;DIOXIDO TITANIO; 6,200 ;KG;;;
5702391;SEMI ACABADO;702391;LOSARTAN POT.+HIDROCLO.50/12,5MG C.R;2.000.000;600;010311;ESTEARATO MAGNESIO; 9,000 ;KG;;;
6702391;SEMI ACABADO;702391;LOSARTAN POT.+HIDROCLO.50/12,5MG C.R;2.000.000;600;010739;LACTOSE (50/70); 156,000 ;KG;;;
7702391;SEMI ACABADO;702391;LOSARTAN POT.+HIDROCLO.50/12,5MG C.R;2.000.000;600;010923;CROSCARMELOSE SODICA; 6,000 ;KG;;;
8702391;SEMI ACABADO;702391;LOSARTAN POT.+HIDROCLO.50/12,5MG C.R;2.000.000;600;010979;HPMC+PEG; 21,000 ;KG;;;
9702391;SEMI ACABADO;702391;LOSARTAN POT.+HIDROCLO.50/12,5MG C.R;2.000.000;600;011018;AMIDO DE MILHO PREGELATINIZADO; 71,000 ;KG;;;
10702391;SEMI ACABADO;702391;LOSARTAN POT.+HIDROCLO.50/12,5MG C.R;2.000.000;600;011469;LOSARTAN POTASSICO MICRONIZADO; 100,000 ;KG;;;
11702391;SEMI ACABADO;702391;LOSARTAN POT.+HIDROCLO.50/12,5MG C.R;2.000.000;600;013796;HIDROCLOROTIAZIDA MICRONIZADA (58-93-5); 25,000 ;KG;;;
1702392;SEMI ACABADO;702392;DOXAZOSINA MESILATO 2MG-COMP;1.666.666;600;010311;ESTEARATO MAGNESIO; 1,000 ;KG;;;
2702392;SEMI ACABADO;702392;DOXAZOSINA MESILATO 2MG-COMP;1.666.666;600;010331;GLICOLATO AMIDO SODICO; 11,000 ;KG;;;
3702392;SEMI ACABADO;702392;DOXAZOSINA MESILATO 2MG-COMP;1.666.666;600;010469;LAURIL SULFATO SODIO (PO); 0,250 ;KG;;;
4702392;SEMI ACABADO;702392;DOXAZOSINA MESILATO 2MG-COMP;1.666.666;600;010501;CELULOSE MIC.(TIPO102); 106,700 ;KG;;;
5702392;SEMI ACABADO;702392;DOXAZOSINA MESILATO 2MG-COMP;1.666.666;600;010739;LACTOSE (50/70); 74,000 ;KG;;;
6702392;SEMI ACABADO;702392;DOXAZOSINA MESILATO 2MG-COMP;1.666.666;600;010923;CROSCARMELOSE SODICA; 3,000 ;KG;;;
7702392;SEMI ACABADO;702392;DOXAZOSINA MESILATO 2MG-COMP;1.666.666;600;011485;DOXAZOSINA MESILATO MICRONIZADO; 4,050 ;KG;;;
1702396;SEMI ACABADO;702396;DIPIRONA 500MG COM;900.000;600;010041;DIOXIDO SILICIO COLOIDAL ANIDRO; 2,813 ;KG;;;
2702396;SEMI ACABADO;702396;DIPIRONA 500MG COM;900.000;600;010311;ESTEARATO MAGNESIO; 4,500 ;KG;;;
3702396;SEMI ACABADO;702396;DIPIRONA 500MG COM;900.000;600;010923;CROSCARMELOSE SODICA; 18,547 ;KG;;;
4702396;SEMI ACABADO;702396;DIPIRONA 500MG COM;900.000;600;011691;DIPIRONA SODICA CD90; 536,640 ;KG;;;
1702408;SEMI ACABADO;702408;DIP+MES DIIDROERG+CAF 350+1+100MG COM;450.000;600;010041;DIOXIDO SILICIO COLOIDAL ANIDRO; 2,340 ;KG;;;
2702408;SEMI ACABADO;702408;DIP+MES DIIDROERG+CAF 350+1+100MG COM;450.000;600;010071;CELULOSE MIC (TIPO200); 21,135 ;KG;;;
3702408;SEMI ACABADO;702408;DIP+MES DIIDROERG+CAF 350+1+100MG COM;450.000;600;010104;CAFEINA ANIDRA; 45,000 ;KG;;;
4702408;SEMI ACABADO;702408;DIP+MES DIIDROERG+CAF 350+1+100MG COM;450.000;600;010177;COR ALUM LACA AMARELO TARTRAZINA 5; 0,044 ;KG;;;
5702408;SEMI ACABADO;702408;DIP+MES DIIDROERG+CAF 350+1+100MG COM;450.000;600;010311;ESTEARATO MAGNESIO; 2,925 ;KG;;;
6702408;SEMI ACABADO;702408;DIP+MES DIIDROERG+CAF 350+1+100MG COM;450.000;600;010964;POVIDONA K29-32; 8,366 ;KG;;;
7702408;SEMI ACABADO;702408;DIP+MES DIIDROERG+CAF 350+1+100MG COM;450.000;600;011018;AMIDO DE MILHO PREGELATINIZADO; 14,625 ;KG;;;
8702408;SEMI ACABADO;702408;DIP+MES DIIDROERG+CAF 350+1+100MG COM;450.000;600;011653;MANITOL CD(PAR TECK M2000 ART100419); 18,720 ;KG;;;
9702408;SEMI ACABADO;702408;DIP+MES DIIDROERG+CAF 350+1+100MG COM;450.000;600;011691;DIPIRONA SODICA CD90; 178,895 ;KG;;;
10702408;SEMI ACABADO;702408;DIP+MES DIIDROERG+CAF 350+1+100MG COM;450.000;600;011884;MESILATO DIIDROERGOTAMINA (D1)**; 0,450 ;KG;;;
1702468;SEMI ACABADO;702468;AAS+CARB.MAGNE+GLIC ALUM C.REV 100MG CD;2.405.000;600;010056;AMIDO; 24,000 ;KG;;;
2702468;SEMI ACABADO;702468;AAS+CARB.MAGNE+GLIC ALUM C.REV 100MG CD;2.405.000;600;010013;ACIDO ACETILSALICILICO; 240,500 ;KG;;;
3702468;SEMI ACABADO;702468;AAS+CARB.MAGNE+GLIC ALUM C.REV 100MG CD;2.405.000;600;010071;CELULOSE MIC (TIPO200); 185,822 ;KG;;;
4702468;SEMI ACABADO;702468;AAS+CARB.MAGNE+GLIC ALUM C.REV 100MG CD;2.405.000;600;010228;DIOXIDO TITANIO; 8,000 ;KG;;;
5702468;SEMI ACABADO;702468;AAS+CARB.MAGNE+GLIC ALUM C.REV 100MG CD;2.405.000;600;010311;ESTEARATO MAGNESIO; 4,716 ;KG;;;
6702468;SEMI ACABADO;702468;AAS+CARB.MAGNE+GLIC ALUM C.REV 100MG CD;2.405.000;600;010731;FOSF.CAL.DIB.(COMPDIRETA); 169,100 ;KG;;;
7702468;SEMI ACABADO;702468;AAS+CARB.MAGNE+GLIC ALUM C.REV 100MG CD;2.405.000;600;010903;GLICINATO ALUMINIO; 36,075 ;KG;;;
8702468;SEMI ACABADO;702468;AAS+CARB.MAGNE+GLIC ALUM C.REV 100MG CD;2.405.000;600;010923;CROSCARMELOSE SODICA; 14,400 ;KG;;;
9702468;SEMI ACABADO;702468;AAS+CARB.MAGNE+GLIC ALUM C.REV 100MG CD;2.405.000;600;010953;TALCO; 4,800 ;KG;;;
10702468;SEMI ACABADO;702468;AAS+CARB.MAGNE+GLIC ALUM C.REV 100MG CD;2.405.000;600;011032;ALC.POL.+DIOX.TIT.+PEG+TALCO; 20,000 ;KG;;;
11702468;SEMI ACABADO;702468;AAS+CARB.MAGNE+GLIC ALUM C.REV 100MG CD;2.405.000;600;011784;CARBONATO DE MAGNESIO (GRANULADO); 90,187 ;KG;;;
1702480;SEMI ACABADO;702480;NITRAZEPAM (B1) 5 MG COMPRIMIDO;1.000.000;600;010041;DIOXIDO SILICIO COLOIDAL ANIDRO; 0,250 ;KG;;;
2702480;SEMI ACABADO;702480;NITRAZEPAM (B1) 5 MG COMPRIMIDO;1.000.000;600;010071;CELULOSE MIC (TIPO200); 49,000 ;KG;;;
3702480;SEMI ACABADO;702480;NITRAZEPAM (B1) 5 MG COMPRIMIDO;1.000.000;600;010192;COR ALUM LACA VERMELHO ERITROZINA 3; 0,025 ;KG;;;
4702480;SEMI ACABADO;702480;NITRAZEPAM (B1) 5 MG COMPRIMIDO;1.000.000;600;010311;ESTEARATO MAGNESIO; 2,000 ;KG;;;
5702480;SEMI ACABADO;702480;NITRAZEPAM (B1) 5 MG COMPRIMIDO;1.000.000;600;010731;FOSF.CAL.DIB.(COMPDIRETA); 55,000 ;KG;;;
6702480;SEMI ACABADO;702480;NITRAZEPAM (B1) 5 MG COMPRIMIDO;1.000.000;600;010739;LACTOSE (50/70); 55,000 ;KG;;;
7702480;SEMI ACABADO;702480;NITRAZEPAM (B1) 5 MG COMPRIMIDO;1.000.000;600;010923;CROSCARMELOSE SODICA; 2,000 ;KG;;;
8702480;SEMI ACABADO;702480;NITRAZEPAM (B1) 5 MG COMPRIMIDO;1.000.000;600;010953;TALCO; 2,000 ;KG;;;
9702480;SEMI ACABADO;702480;NITRAZEPAM (B1) 5 MG COMPRIMIDO;1.000.000;600;011834;NITRAZEPAM (B1)**; 5,000 ;KG;;;
1702484;SEMI ACABADO;702484;CLORIDRATO FEXOFENADINA 180MG COM REV;500.000;600;010228;DIOXIDO TITANIO; 1,320 ;KG;;;
2702484;SEMI ACABADO;702484;CLORIDRATO FEXOFENADINA 180MG COM REV;500.000;600;010311;ESTEARATO MAGNESIO; 3,000 ;KG;;;
3702484;SEMI ACABADO;702484;CLORIDRATO FEXOFENADINA 180MG COM REV;500.000;600;010469;LAURIL SULFATO SODIO (PO); 3,000 ;KG;;;
4702484;SEMI ACABADO;702484;CLORIDRATO FEXOFENADINA 180MG COM REV;500.000;600;010859;LACTOSE (200); 78,510 ;KG;;;
5702484;SEMI ACABADO;702484;CLORIDRATO FEXOFENADINA 180MG COM REV;500.000;600;011018;AMIDO DE MILHO PREGELATINIZADO; 12,000 ;KG;;;
6702484;SEMI ACABADO;702484;CLORIDRATO FEXOFENADINA 180MG COM REV;500.000;600;011020;CELULOSE MIC(TIPO 101); 98,190 ;KG;;;
7702484;SEMI ACABADO;702484;CLORIDRATO FEXOFENADINA 180MG COM REV;500.000;600;011049;OXIDO DE FERRO VERM(USP REF.33.8075); 0,020 ;KG;;;
8702484;SEMI ACABADO;702484;CLORIDRATO FEXOFENADINA 180MG COM REV;500.000;600;011050;OXIDO FERRO AMARELO; 0,020 ;KG;;;
9702484;SEMI ACABADO;702484;CLORIDRATO FEXOFENADINA 180MG COM REV;500.000;600;011772;CLORIDRATO DE FEXOFENADINA; 90,000 ;KG;;;
10702484;SEMI ACABADO;702484;CLORIDRATO FEXOFENADINA 180MG COM REV;500.000;600;011781;HPMC+HPC+PEG; 7,640 ;KG;;;
11702484;SEMI ACABADO;702484;CLORIDRATO FEXOFENADINA 180MG COM REV;500.000;600;010553;CROSPOVIDONE; 15,300 ;KG;;;
1702485;SEMI ACABADO;702485;CLORIDRATO FEXOFENADINA 120MG COM REV;575.000;600;010228;DIOXIDO TITANIO; 1,010 ;KG;;;
2702485;SEMI ACABADO;702485;CLORIDRATO FEXOFENADINA 120MG COM REV;575.000;600;010311;ESTEARATO MAGNESIO; 2,300 ;KG;;;
3702485;SEMI ACABADO;702485;CLORIDRATO FEXOFENADINA 120MG COM REV;575.000;600;010469;LAURIL SULFATO SODIO (PO); 2,300 ;KG;;;
4702485;SEMI ACABADO;702485;CLORIDRATO FEXOFENADINA 120MG COM REV;575.000;600;010859;LACTOSE (200); 60,190 ;KG;;;
5702485;SEMI ACABADO;702485;CLORIDRATO FEXOFENADINA 120MG COM REV;575.000;600;011018;AMIDO DE MILHO PREGELATINIZADO; 9,200 ;KG;;;
6702485;SEMI ACABADO;702485;CLORIDRATO FEXOFENADINA 120MG COM REV;575.000;600;011020;CELULOSE MIC(TIPO 101); 75,280 ;KG;;;
7702485;SEMI ACABADO;702485;CLORIDRATO FEXOFENADINA 120MG COM REV;575.000;600;011049;OXIDO DE FERRO VERM(USP REF.33.8075); 0,020 ;KG;;;
8702485;SEMI ACABADO;702485;CLORIDRATO FEXOFENADINA 120MG COM REV;575.000;600;011050;OXIDO FERRO AMARELO; 0,020 ;KG;;;
9702485;SEMI ACABADO;702485;CLORIDRATO FEXOFENADINA 120MG COM REV;575.000;600;011772;CLORIDRATO DE FEXOFENADINA; 69,000 ;KG;;;
10702485;SEMI ACABADO;702485;CLORIDRATO FEXOFENADINA 120MG COM REV;575.000;600;011781;HPMC+HPC+PEG; 5,860 ;KG;;;
11702485;SEMI ACABADO;702485;CLORIDRATO FEXOFENADINA 120MG COM REV;575.000;600;010553;CROSPOVIDONE; 11,730 ;KG;;;
1702486;SEMI ACABADO;702486;CLOR.FEXO + CLOR.PSEUDO 60+120MG COM REV ;1.000.000;600;010041;DIOXIDO SILICIO COLOIDAL ANIDRO; 1,470 ;KG;;;
2702486;SEMI ACABADO;702486;CLOR.FEXO + CLOR.PSEUDO 60+120MG COM REV ;1.000.000;600;010071;CELULOSE MIC (TIPO200); 67,500 ;KG;;;
3702486;SEMI ACABADO;702486;CLOR.FEXO + CLOR.PSEUDO 60+120MG COM REV ;1.000.000;600;010228;DIOXIDO TITANIO; 2,000 ;KG;;;
4702486;SEMI ACABADO;702486;CLOR.FEXO + CLOR.PSEUDO 60+120MG COM REV ;1.000.000;600;010469;LAURIL SULFATO SODIO (PO); 3,000 ;KG;;;
5702486;SEMI ACABADO;702486;CLOR.FEXO + CLOR.PSEUDO 60+120MG COM REV ;1.000.000;600;010923;CROSCARMELOSE SODICA; 28,800 ;KG;;;
6702486;SEMI ACABADO;702486;CLOR.FEXO + CLOR.PSEUDO 60+120MG COM REV ;1.000.000;600;010979;HPMC+PEG; 17,160 ;KG;;;
7702486;SEMI ACABADO;702486;CLOR.FEXO + CLOR.PSEUDO 60+120MG COM REV ;1.000.000;600;011018;AMIDO DE MILHO PREGELATINIZADO; 65,520 ;KG;;;
8702486;SEMI ACABADO;702486;CLOR.FEXO + CLOR.PSEUDO 60+120MG COM REV ;1.000.000;600;011050;OXIDO FERRO AMARELO; 1,830 ;KG;;;
9702486;SEMI ACABADO;702486;CLOR.FEXO + CLOR.PSEUDO 60+120MG COM REV ;1.000.000;600;011610;HPMC (METHOCEL K100M-CR); 84,890 ;KG;;;
10702486;SEMI ACABADO;702486;CLOR.FEXO + CLOR.PSEUDO 60+120MG COM REV ;1.000.000;600;011653;MANITOL CD(PAR TECK M2000 ART100419); 89,700 ;KG;;;
11702486;SEMI ACABADO;702486;CLOR.FEXO + CLOR.PSEUDO 60+120MG COM REV ;1.000.000;600;011687;POL AC ACRIL (CARBOPOL 71G); 135,790 ;KG;;;
12702486;SEMI ACABADO;702486;CLOR.FEXO + CLOR.PSEUDO 60+120MG COM REV ;1.000.000;600;011772;CLORIDRATO DE FEXOFENADINA; 60,000 ;KG;;;
13702486;SEMI ACABADO;702486;CLOR.FEXO + CLOR.PSEUDO 60+120MG COM REV ;1.000.000;600;011808;CLORIDRATO DE PSEUDOEFEDRINA (D1)**; 120,000 ;KG;;;
14702486;SEMI ACABADO;702486;CLOR.FEXO + CLOR.PSEUDO 60+120MG COM REV ;1.000.000;600;012351;ESTEARIL FUMARATO DE SODIO; 9,340 ;KG;;;
1702493;SEMI ACABADO;702493;LOSARTANA POTASSICA 50MG COMP REV;3.000.000;600;010041;DIOXIDO SILICIO COLOIDAL ANIDRO; 5,160 ;KG;;;
2702493;SEMI ACABADO;702493;LOSARTANA POTASSICA 50MG COMP REV;3.000.000;600;010311;ESTEARATO MAGNESIO; 9,000 ;KG;;;
3702493;SEMI ACABADO;702493;LOSARTANA POTASSICA 50MG COMP REV;3.000.000;600;010501;CELULOSE MIC.(TIPO102); 132,000 ;KG;;;
4702493;SEMI ACABADO;702493;LOSARTANA POTASSICA 50MG COMP REV;3.000.000;600;010739;LACTOSE (50/70); 266,640 ;KG;;;
5702493;SEMI ACABADO;702493;LOSARTANA POTASSICA 50MG COMP REV;3.000.000;600;010923;CROSCARMELOSE SODICA; 9,600 ;KG;;;
6702493;SEMI ACABADO;702493;LOSARTANA POTASSICA 50MG COMP REV;3.000.000;600;011018;AMIDO DE MILHO PREGELATINIZADO; 27,600 ;KG;;;
7702493;SEMI ACABADO;702493;LOSARTANA POTASSICA 50MG COMP REV;3.000.000;600;011032;ALC.POL.+DIOX.TIT.+PEG+TALCO; 21,000 ;KG;;;
8702493;SEMI ACABADO;702493;LOSARTANA POTASSICA 50MG COMP REV;3.000.000;600;011469;LOSARTAN POTASSICO MICRONIZADO; 150,000 ;KG;;;
1702496;SEMI ACABADO;702496;AAS+CARB.MAGNE.+GLIC.ALUM COMP REV 81MG;2.000.000;600;010056;AMIDO; 37,800 ;KG;;;
2702496;SEMI ACABADO;702496;AAS+CARB.MAGNE.+GLIC.ALUM COMP REV 81MG;2.000.000;600;010013;ACIDO ACETILSALICILICO; 162,000 ;KG;;;
3702496;SEMI ACABADO;702496;AAS+CARB.MAGNE.+GLIC.ALUM COMP REV 81MG;2.000.000;600;010071;CELULOSE MIC (TIPO200); 16,200 ;KG;;;
4702496;SEMI ACABADO;702496;AAS+CARB.MAGNE.+GLIC.ALUM COMP REV 81MG;2.000.000;600;010071;CELULOSE MIC (TIPO200); 109,404 ;KG;;;
5702496;SEMI ACABADO;702496;AAS+CARB.MAGNE.+GLIC.ALUM COMP REV 81MG;2.000.000;600;010228;DIOXIDO TITANIO; 5,400 ;KG;;;
6702496;SEMI ACABADO;702496;AAS+CARB.MAGNE.+GLIC.ALUM COMP REV 81MG;2.000.000;600;010311;ESTEARATO MAGNESIO; 3,186 ;KG;;;
7702496;SEMI ACABADO;702496;AAS+CARB.MAGNE.+GLIC.ALUM COMP REV 81MG;2.000.000;600;010731;FOSF.CAL.DIB.(COMPDIRETA); 108,000 ;KG;;;
8702496;SEMI ACABADO;702496;AAS+CARB.MAGNE.+GLIC.ALUM COMP REV 81MG;2.000.000;600;010731;FOSF.CAL.DIB.(COMPDIRETA); 113,400 ;KG;;;
9702496;SEMI ACABADO;702496;AAS+CARB.MAGNE.+GLIC.ALUM COMP REV 81MG;2.000.000;600;010903;GLICINATO ALUMINIO; 24,300 ;KG;;;
10702496;SEMI ACABADO;702496;AAS+CARB.MAGNE.+GLIC.ALUM COMP REV 81MG;2.000.000;600;010923;CROSCARMELOSE SODICA; 9,720 ;KG;;;
11702496;SEMI ACABADO;702496;AAS+CARB.MAGNE.+GLIC.ALUM COMP REV 81MG;2.000.000;600;010953;TALCO; 3,240 ;KG;;;
12702496;SEMI ACABADO;702496;AAS+CARB.MAGNE.+GLIC.ALUM COMP REV 81MG;2.000.000;600;011032;ALC.POL.+DIOX.TIT.+PEG+TALCO; 13,500 ;KG;;;
13702496;SEMI ACABADO;702496;AAS+CARB.MAGNE.+GLIC.ALUM COMP REV 81MG;2.000.000;600;011784;CARBONATO DE MAGNESIO (GRANULADO); 60,750 ;KG;;;
1702498;SEMI ACABADO;702498;AAS+CARB.MAGNE.+GLIC.ALUM C.REV 200MG;1.750.000;600;010056;AMIDO; 35,100 ;KG;;;
2702498;SEMI ACABADO;702498;AAS+CARB.MAGNE.+GLIC.ALUM C.REV 200MG;1.750.000;600;010013;ACIDO ACETILSALICILICO; 351,000 ;KG;;;
3702498;SEMI ACABADO;702498;AAS+CARB.MAGNE.+GLIC.ALUM C.REV 200MG;1.750.000;600;010071;CELULOSE MIC (TIPO200); 92,367 ;KG;;;
4702498;SEMI ACABADO;702498;AAS+CARB.MAGNE.+GLIC.ALUM C.REV 200MG;1.750.000;600;010228;DIOXIDO TITANIO; 6,210 ;KG;;;
5702498;SEMI ACABADO;702498;AAS+CARB.MAGNE.+GLIC.ALUM C.REV 200MG;1.750.000;600;010311;ESTEARATO MAGNESIO; 3,186 ;KG;;;
6702498;SEMI ACABADO;702498;AAS+CARB.MAGNE.+GLIC.ALUM C.REV 200MG;1.750.000;600;010731;FOSF.CAL.DIB.(COMPDIRETA); 64,800 ;KG;;;
7702498;SEMI ACABADO;702498;AAS+CARB.MAGNE.+GLIC.ALUM C.REV 200MG;1.750.000;600;010903;GLICINATO ALUMINIO; 52,704 ;KG;;;
8702498;SEMI ACABADO;702498;AAS+CARB.MAGNE.+GLIC.ALUM C.REV 200MG;1.750.000;600;010923;CROSCARMELOSE SODICA; 8,100 ;KG;;;
9702498;SEMI ACABADO;702498;AAS+CARB.MAGNE.+GLIC.ALUM C.REV 200MG;1.750.000;600;010953;TALCO; 3,618 ;KG;;;
10702498;SEMI ACABADO;702498;AAS+CARB.MAGNE.+GLIC.ALUM C.REV 200MG;1.750.000;600;011032;ALC.POL.+DIOX.TIT.+PEG+TALCO; 15,660 ;KG;;;
11702498;SEMI ACABADO;702498;AAS+CARB.MAGNE.+GLIC.ALUM C.REV 200MG;1.750.000;600;011784;CARBONATO DE MAGNESIO (GRANULADO); 145,125 ;KG;;;
1702499;SEMI ACABADO;702499;TENADREN 80MG/12,5MG COMP;1.875.000;600;010311;ESTEARATO MAGNESIO; 4,500 ;KG;;;
2702499;SEMI ACABADO;702499;TENADREN 80MG/12,5MG COMP;1.875.000;600;010501;CELULOSE MIC.(TIPO102); 83,662 ;KG;;;
3702499;SEMI ACABADO;702499;TENADREN 80MG/12,5MG COMP;1.875.000;600;010739;LACTOSE (50/70); 329,400 ;KG;;;
4702499;SEMI ACABADO;702499;TENADREN 80MG/12,5MG COMP;1.875.000;600;010877;ACIDO ESTEARICO VEGETAL(MICRONIZADO); 9,000 ;KG;;;
5702499;SEMI ACABADO;702499;TENADREN 80MG/12,5MG COMP;1.875.000;600;011377;HIDROCLOROTIAZIDA; 23,438 ;KG;;;
6702499;SEMI ACABADO;702499;TENADREN 80MG/12,5MG COMP;1.875.000;600;011395;CLOR.PROPRANOLOL; 150,000 ;KG;;;
1702500;SEMI ACABADO;702500;TENADREN 40MG/12,5MG COMP;1.899.995;600;010041;DIOXIDO SILICIO COLOIDAL ANIDRO; 1,900 ;KG;;;
2702500;SEMI ACABADO;702500;TENADREN 40MG/12,5MG COMP;1.899.995;600;010311;ESTEARATO MAGNESIO; 3,008 ;KG;;;
3702500;SEMI ACABADO;702500;TENADREN 40MG/12,5MG COMP;1.899.995;600;010501;CELULOSE MIC.(TIPO102); 103,708 ;KG;;;
4702500;SEMI ACABADO;702500;TENADREN 40MG/12,5MG COMP;1.899.995;600;010739;LACTOSE (50/70); 186,833 ;KG;;;
5702500;SEMI ACABADO;702500;TENADREN 40MG/12,5MG COMP;1.899.995;600;010877;ACIDO ESTEARICO VEGETAL(MICRONIZADO); 3,800 ;KG;;;
6702500;SEMI ACABADO;702500;TENADREN 40MG/12,5MG COMP;1.899.995;600;011377;HIDROCLOROTIAZIDA; 23,750 ;KG;;;
7702500;SEMI ACABADO;702500;TENADREN 40MG/12,5MG COMP;1.899.995;600;011395;CLOR.PROPRANOLOL; 76,000 ;KG;;;
1702503;SEMI ACABADO;702503;MESALAZINA 800MG COMP REV ;600.000;600;010047;ALCOOL ISOPROPILICO(ISOPROPANOL); 401,400 ;KG;;;
2702503;SEMI ACABADO;702503;MESALAZINA 800MG COMP REV ;600.000;600;010120;POLIETILENOGLICOL 6000-MACROGOL 6000; 1,500 ;KG;;;
3702503;SEMI ACABADO;702503;MESALAZINA 800MG COMP REV ;600.000;600;010174;COR ALUM LACA AMARELO CREPUSCULO 6; 2,520 ;KG;;;
4702503;SEMI ACABADO;702503;MESALAZINA 800MG COMP REV ;600.000;600;010228;DIOXIDO TITANIO; 1,680 ;KG;;;
5702503;SEMI ACABADO;702503;MESALAZINA 800MG COMP REV ;600.000;600;010311;ESTEARATO MAGNESIO; 9,300 ;KG;;;
6702503;SEMI ACABADO;702503;MESALAZINA 800MG COMP REV ;600.000;600;010325;EUDRAGIT S 100; 30,600 ;KG;;;
7702503;SEMI ACABADO;702503;MESALAZINA 800MG COMP REV ;600.000;600;010331;GLICOLATO AMIDO SODICO; 6,000 ;KG;;;
8702503;SEMI ACABADO;702503;MESALAZINA 800MG COMP REV ;600.000;600;010859;LACTOSE (200); 12,000 ;KG;;;
9702503;SEMI ACABADO;702503;MESALAZINA 800MG COMP REV ;600.000;600;010953;TALCO; 14,400 ;KG;;;
10702503;SEMI ACABADO;702503;MESALAZINA 800MG COMP REV ;600.000;600;011018;AMIDO DE MILHO PREGELATINIZADO; 36,000 ;KG;;;
11702503;SEMI ACABADO;702503;MESALAZINA 800MG COMP REV ;600.000;600;011020;CELULOSE MIC(TIPO 101); 24,000 ;KG;;;
12702503;SEMI ACABADO;702503;MESALAZINA 800MG COMP REV ;600.000;600;011049;OXIDO DE FERRO VERM(USP REF.33.8075); 3,990 ;KG;;;
13702503;SEMI ACABADO;702503;MESALAZINA 800MG COMP REV ;600.000;600;011684;TRIETILCITRATO; 3,000 ;KG;;;
14702503;SEMI ACABADO;702503;MESALAZINA 800MG COMP REV ;600.000;600;011738;MESALAZINA; 480,000 ;KG;;;
15702503;SEMI ACABADO;702503;MESALAZINA 800MG COMP REV ;600.000;600;011848;EUDRAGIT RS PO; 30,000 ;KG;;;
1702504;SEMI ACABADO;702504;MESALAZINA 400MG COMP REV  ;1.200.000;600;010047;ALCOOL ISOPROPILICO(ISOPROPANOL); 370,600 ;KG;;;
2702504;SEMI ACABADO;702504;MESALAZINA 400MG COMP REV  ;1.200.000;600;010120;POLIETILENOGLICOL 6000-MACROGOL 6000; 1,846 ;KG;;;
3702504;SEMI ACABADO;702504;MESALAZINA 400MG COMP REV  ;1.200.000;600;010174;COR ALUM LACA AMARELO CREPUSCULO 6; 2,816 ;KG;;;
4702504;SEMI ACABADO;702504;MESALAZINA 400MG COMP REV  ;1.200.000;600;010228;DIOXIDO TITANIO; 1,846 ;KG;;;
5702504;SEMI ACABADO;702504;MESALAZINA 400MG COMP REV  ;1.200.000;600;010311;ESTEARATO MAGNESIO; 9,690 ;KG;;;
6702504;SEMI ACABADO;702504;MESALAZINA 400MG COMP REV  ;1.200.000;600;010325;EUDRAGIT S 100; 31,846 ;KG;;;
7702504;SEMI ACABADO;702504;MESALAZINA 400MG COMP REV  ;1.200.000;600;010331;GLICOLATO AMIDO SODICO; 6,000 ;KG;;;
8702504;SEMI ACABADO;702504;MESALAZINA 400MG COMP REV  ;1.200.000;600;010859;LACTOSE (200); 12,000 ;KG;;;
9702504;SEMI ACABADO;702504;MESALAZINA 400MG COMP REV  ;1.200.000;600;010953;TALCO; 15,966 ;KG;;;
10702504;SEMI ACABADO;702504;MESALAZINA 400MG COMP REV  ;1.200.000;600;011018;AMIDO DE MILHO PREGELATINIZADO; 36,000 ;KG;;;
11702504;SEMI ACABADO;702504;MESALAZINA 400MG COMP REV  ;1.200.000;600;011049;OXIDO DE FERRO VERM(USP REF.33.8075); 4,430 ;KG;;;
12702504;SEMI ACABADO;702504;MESALAZINA 400MG COMP REV  ;1.200.000;600;011684;TRIETILCITRATO; 2,816 ;KG;;;
13702504;SEMI ACABADO;702504;MESALAZINA 400MG COMP REV  ;1.200.000;600;011738;MESALAZINA; 480,000 ;KG;;;
14702504;SEMI ACABADO;702504;MESALAZINA 400MG COMP REV  ;1.200.000;600;011848;EUDRAGIT RS PO; 54,000 ;KG;;;
1702532;SEMI ACABADO;702532;LEVOFLOXACINO 500MG COMP REV;1.000.000;600;010553;CROSPOVIDONE; 30,000 ;KG;;;
2702532;SEMI ACABADO;702532;LEVOFLOXACINO 500MG COMP REV;1.000.000;600;010041;DIOXIDO SILICIO COLOIDAL ANIDRO; 7,000 ;KG;;;
3702532;SEMI ACABADO;702532;LEVOFLOXACINO 500MG COMP REV;1.000.000;600;010046;ALCOOL ETILICO; 202,500 ;KG;;;
4702532;SEMI ACABADO;702532;LEVOFLOXACINO 500MG COMP REV;1.000.000;600;010071;CELULOSE MIC (TIPO200); 47,550 ;KG;;;
5702532;SEMI ACABADO;702532;LEVOFLOXACINO 500MG COMP REV;1.000.000;600;010311;ESTEARATO MAGNESIO; 10,000 ;KG;;;
6702532;SEMI ACABADO;702532;LEVOFLOXACINO 500MG COMP REV;1.000.000;600;011020;CELULOSE MIC(TIPO 101); 50,000 ;KG;;;
7702532;SEMI ACABADO;702532;LEVOFLOXACINO 500MG COMP REV;1.000.000;600;011049;OXIDO DE FERRO VERM(USP REF.33.8075); 0,030 ;KG;;;
8702532;SEMI ACABADO;702532;LEVOFLOXACINO 500MG COMP REV;1.000.000;600;011050;OXIDO FERRO AMARELO; 0,030 ;KG;;;
9702532;SEMI ACABADO;702532;LEVOFLOXACINO 500MG COMP REV;1.000.000;600;011723;HIDROXIPROPILMETILCELULOSE E-5; 10,000 ;KG;;;
10702532;SEMI ACABADO;702532;LEVOFLOXACINO 500MG COMP REV;1.000.000;600;011770;LEVOFLOXACINO; 512,450 ;KG;;;
11702532;SEMI ACABADO;702532;LEVOFLOXACINO 500MG COMP REV;1.000.000;600;013397;HPMC+PEG+DIOX TIT+POL 80(OPADRY YS17003); 26,700 ;KG;;;
1702534;SEMI ACABADO;702534;BROMOPRIDA 10MG CAPS;500.000;600;010311;ESTEARATO MAGNESIO; 2,120 ;KG;;;
2702534;SEMI ACABADO;702534;BROMOPRIDA 10MG CAPS;500.000;600;010483;MANITOL; 8,500 ;KG;;;
3702534;SEMI ACABADO;702534;BROMOPRIDA 10MG CAPS;500.000;600;010731;FOSF.CAL.DIB.(COMPDIRETA); 15,300 ;KG;;;
4702534;SEMI ACABADO;702534;BROMOPRIDA 10MG CAPS;500.000;600;010884;BROMOPRIDA; 5,000 ;KG;;;
5702534;SEMI ACABADO;702534;BROMOPRIDA 10MG CAPS;500.000;600;010953;TALCO; 2,550 ;KG;;;
6702534;SEMI ACABADO;702534;BROMOPRIDA 10MG CAPS;500.000;600;011020;CELULOSE MIC(TIPO 101); 30,280 ;KG;;;
7702534;SEMI ACABADO;702534;BROMOPRIDA 10MG CAPS;500.000;600;011405;CAPS 3 AZUL/AZUL; 500.000,000 ;UN;;;
8702534;SEMI ACABADO;702534;BROMOPRIDA 10MG CAPS;500.000;600;011653;MANITOL CD(PAR TECK M2000 ART100419); 17,000 ;KG;;;
9702534;SEMI ACABADO;702534;BROMOPRIDA 10MG CAPS;500.000;600;011724;HIDROXIPROPILMETILCELULOSE E-50; 4,250 ;KG;;;
1702535;SEMI ACABADO;702535;GABAPENTINA (C1) 400MG CAPS;490.000;600;010046;ALCOOL ETILICO; 72,520 ;KG;;;
2702535;SEMI ACABADO;702535;GABAPENTINA (C1) 400MG CAPS;490.000;600;010891;CAPS 0 ESC/CREME; 490.000,000 ;UN;;;
3702535;SEMI ACABADO;702535;GABAPENTINA (C1) 400MG CAPS;490.000;600;010953;TALCO; 2,205 ;KG;;;
4702535;SEMI ACABADO;702535;GABAPENTINA (C1) 400MG CAPS;490.000;600;010964;POVIDONA K29-32; 2,450 ;KG;;;
5702535;SEMI ACABADO;702535;GABAPENTINA (C1) 400MG CAPS;490.000;600;011777;GABAPENTINA (C1)**; 196,245 ;KG;;;
1702536;SEMI ACABADO;702536;HIDROCLOROTIAZIDA 25MG COM;4.000.000;600;010311;ESTEARATO MAGNESIO; 7,520 ;KG;;;
2702536;SEMI ACABADO;702536;HIDROCLOROTIAZIDA 25MG COM;4.000.000;600;010501;CELULOSE MIC.(TIPO102); 85,480 ;KG;;;
3702536;SEMI ACABADO;702536;HIDROCLOROTIAZIDA 25MG COM;4.000.000;600;010739;LACTOSE (50/70); 247,000 ;KG;;;
4702536;SEMI ACABADO;702536;HIDROCLOROTIAZIDA 25MG COM;4.000.000;600;011018;AMIDO DE MILHO PREGELATINIZADO; 60,000 ;KG;;;
5702536;SEMI ACABADO;702536;HIDROCLOROTIAZIDA 25MG COM;4.000.000;600;011377;HIDROCLOROTIAZIDA; 100,000 ;KG;;;
1702539;SEMI ACABADO;702539;TOPIRAMATO 100MG (C1) COMP REV**;875.000;600;010228;DIOXIDO TITANIO; 2,975 ;KG;;;
2702539;SEMI ACABADO;702539;TOPIRAMATO 100MG (C1) COMP REV**;875.000;600;010311;ESTEARATO MAGNESIO; 3,500 ;KG;;;
3702539;SEMI ACABADO;702539;TOPIRAMATO 100MG (C1) COMP REV**;875.000;600;010501;CELULOSE MIC.(TIPO102); 157,500 ;KG;;;
4702539;SEMI ACABADO;702539;TOPIRAMATO 100MG (C1) COMP REV**;875.000;600;010739;LACTOSE (50/70); 70,000 ;KG;;;
5702539;SEMI ACABADO;702539;TOPIRAMATO 100MG (C1) COMP REV**;875.000;600;010923;CROSCARMELOSE SODICA; 10,500 ;KG;;;
6702539;SEMI ACABADO;702539;TOPIRAMATO 100MG (C1) COMP REV**;875.000;600;011018;AMIDO DE MILHO PREGELATINIZADO; 21,000 ;KG;;;
7702539;SEMI ACABADO;702539;TOPIRAMATO 100MG (C1) COMP REV**;875.000;600;011050;OXIDO FERRO AMARELO; 0,525 ;KG;;;
8702539;SEMI ACABADO;702539;TOPIRAMATO 100MG (C1) COMP REV**;875.000;600;011668;ALCOOL POLIVINILICO+TALCO+PEG; 10,500 ;KG;;;
9702539;SEMI ACABADO;702539;TOPIRAMATO 100MG (C1) COMP REV**;875.000;600;011711;TOPIRAMATO (C1)**; 87,500 ;KG;;;
1702540;SEMI ACABADO;702540;TOPIRAMATO 50MG (C1) COMP REV**;1.200.000;600;010228;DIOXIDO TITANIO; 2,040 ;KG;;;
2702540;SEMI ACABADO;702540;TOPIRAMATO 50MG (C1) COMP REV**;1.200.000;600;010311;ESTEARATO MAGNESIO; 2,400 ;KG;;;
3702540;SEMI ACABADO;702540;TOPIRAMATO 50MG (C1) COMP REV**;1.200.000;600;010501;CELULOSE MIC.(TIPO102); 108,000 ;KG;;;
4702540;SEMI ACABADO;702540;TOPIRAMATO 50MG (C1) COMP REV**;1.200.000;600;010739;LACTOSE (50/70); 48,000 ;KG;;;
5702540;SEMI ACABADO;702540;TOPIRAMATO 50MG (C1) COMP REV**;1.200.000;600;010923;CROSCARMELOSE SODICA; 7,200 ;KG;;;
6702540;SEMI ACABADO;702540;TOPIRAMATO 50MG (C1) COMP REV**;1.200.000;600;011018;AMIDO DE MILHO PREGELATINIZADO; 14,400 ;KG;;;
7702540;SEMI ACABADO;702540;TOPIRAMATO 50MG (C1) COMP REV**;1.200.000;600;011050;OXIDO FERRO AMARELO; 0,360 ;KG;;;
8702540;SEMI ACABADO;702540;TOPIRAMATO 50MG (C1) COMP REV**;1.200.000;600;011668;ALCOOL POLIVINILICO+TALCO+PEG; 7,200 ;KG;;;
9702540;SEMI ACABADO;702540;TOPIRAMATO 50MG (C1) COMP REV**;1.200.000;600;011711;TOPIRAMATO (C1)**; 60,000 ;KG;;;
1702541;SEMI ACABADO;702541;TOPIRAMATO 25MG (C1) COMP REV;1.500.000;600;010228;DIOXIDO TITANIO; 1,275 ;KG;;;
2702541;SEMI ACABADO;702541;TOPIRAMATO 25MG (C1) COMP REV;1.500.000;600;010311;ESTEARATO MAGNESIO; 1,500 ;KG;;;
3702541;SEMI ACABADO;702541;TOPIRAMATO 25MG (C1) COMP REV;1.500.000;600;010501;CELULOSE MIC.(TIPO102); 67,500 ;KG;;;
4702541;SEMI ACABADO;702541;TOPIRAMATO 25MG (C1) COMP REV;1.500.000;600;010739;LACTOSE (50/70); 30,000 ;KG;;;
5702541;SEMI ACABADO;702541;TOPIRAMATO 25MG (C1) COMP REV;1.500.000;600;010923;CROSCARMELOSE SODICA; 4,500 ;KG;;;
6702541;SEMI ACABADO;702541;TOPIRAMATO 25MG (C1) COMP REV;1.500.000;600;011018;AMIDO DE MILHO PREGELATINIZADO; 9,000 ;KG;;;
7702541;SEMI ACABADO;702541;TOPIRAMATO 25MG (C1) COMP REV;1.500.000;600;011050;OXIDO FERRO AMARELO; 0,225 ;KG;;;
8702541;SEMI ACABADO;702541;TOPIRAMATO 25MG (C1) COMP REV;1.500.000;600;011668;ALCOOL POLIVINILICO+TALCO+PEG; 4,500 ;KG;;;
9702541;SEMI ACABADO;702541;TOPIRAMATO 25MG (C1) COMP REV;1.500.000;600;011711;TOPIRAMATO (C1)**; 37,500 ;KG;;;
1702543;SEMI ACABADO;702543;MICOFENOLATO DE MOFETILA 500MG C.REV;684.000;600;010041;DIOXIDO SILICIO COLOIDAL ANIDRO; 3,830 ;KG;;;
2702543;SEMI ACABADO;702543;MICOFENOLATO DE MOFETILA 500MG C.REV;684.000;600;010046;ALCOOL ETILICO; 40,500 ;KG;;;
3702543;SEMI ACABADO;702543;MICOFENOLATO DE MOFETILA 500MG C.REV;684.000;600;010184;COR ALUM LACA AZUL2; 0,103 ;KG;;;
4702543;SEMI ACABADO;702543;MICOFENOLATO DE MOFETILA 500MG C.REV;684.000;600;010228;DIOXIDO TITANIO; 3,403 ;KG;;;
5702543;SEMI ACABADO;702543;MICOFENOLATO DE MOFETILA 500MG C.REV;684.000;600;010311;ESTEARATO MAGNESIO; 3,830 ;KG;;;
6702543;SEMI ACABADO;702543;MICOFENOLATO DE MOFETILA 500MG C.REV;684.000;600;010501;CELULOSE MIC.(TIPO102); 97,060 ;KG;;;
7702543;SEMI ACABADO;702543;MICOFENOLATO DE MOFETILA 500MG C.REV;684.000;600;010923;CROSCARMELOSE SODICA; 8,138 ;KG;;;
8702543;SEMI ACABADO;702543;MICOFENOLATO DE MOFETILA 500MG C.REV;684.000;600;010923;CROSCARMELOSE SODICA; 9,578 ;KG;;;
9702543;SEMI ACABADO;702543;MICOFENOLATO DE MOFETILA 500MG C.REV;684.000;600;010965;POVIDONA K-90; 14,364 ;KG;;;
10702543;SEMI ACABADO;702543;MICOFENOLATO DE MOFETILA 500MG C.REV;684.000;600;011049;OXIDO DE FERRO VERM(USP REF.33.8075); 0,103 ;KG;;;
11702543;SEMI ACABADO;702543;MICOFENOLATO DE MOFETILA 500MG C.REV;684.000;600;011050;OXIDO FERRO AMARELO; 0,017 ;KG;;;
12702543;SEMI ACABADO;702543;MICOFENOLATO DE MOFETILA 500MG C.REV;684.000;600;011646;MICOFENOLATO DE MOFETILA; 342,000 ;KG;;;
13702543;SEMI ACABADO;702543;MICOFENOLATO DE MOFETILA 500MG C.REV;684.000;600;011781;HPMC+HPC+PEG; 14,364 ;KG;;;
1702554;SEMI ACABADO;702554;GABAPENTINA (C1) 300MG CAPS;650.000;600;010046;ALCOOL ETILICO; 58,442 ;KG;;;
2702554;SEMI ACABADO;702554;GABAPENTINA (C1) 300MG CAPS;650.000;600;010887;CAPS 0 BCO/AZUL ROYAL; 650.000,000 ;UN;;;
3702554;SEMI ACABADO;702554;GABAPENTINA (C1) 300MG CAPS;650.000;600;010953;TALCO; 2,178 ;KG;;;
4702554;SEMI ACABADO;702554;GABAPENTINA (C1) 300MG CAPS;650.000;600;010964;POVIDONA K29-32; 2,438 ;KG;;;
5702554;SEMI ACABADO;702554;GABAPENTINA (C1) 300MG CAPS;650.000;600;011777;GABAPENTINA (C1)**; 195,000 ;KG;;;
1702563;SEMI ACABADO;702563;BISGLICINATO FERROSO 300 MG COM REV (CD);400.000;600;010174;COR ALUM LACA AMARELO CREPUSCULO 6; 1,280 ;KG;;;
2702563;SEMI ACABADO;702563;BISGLICINATO FERROSO 300 MG COM REV (CD);400.000;600;010228;DIOXIDO TITANIO; 2,745 ;KG;;;
3702563;SEMI ACABADO;702563;BISGLICINATO FERROSO 300 MG COM REV (CD);400.000;600;010311;ESTEARATO MAGNESIO; 7,200 ;KG;;;
4702563;SEMI ACABADO;702563;BISGLICINATO FERROSO 300 MG COM REV (CD);400.000;600;010923;CROSCARMELOSE SODICA; 12,800 ;KG;;;
5702563;SEMI ACABADO;702563;BISGLICINATO FERROSO 300 MG COM REV (CD);400.000;600;011049;OXIDO DE FERRO VERM(USP REF.33.8075); 0,640 ;KG;;;
6702563;SEMI ACABADO;702563;BISGLICINATO FERROSO 300 MG COM REV (CD);400.000;600;011117;BISGLICINATO FERROSO 20%; 120,000 ;KG;;;
7702563;SEMI ACABADO;702563;BISGLICINATO FERROSO 300 MG COM REV (CD);400.000;600;011664;CELULOSE+LACTOSE; 260,000 ;KG;;;
8702563;SEMI ACABADO;702563;BISGLICINATO FERROSO 300 MG COM REV (CD);400.000;600;011668;ALCOOL POLIVINILICO+TALCO+PEG; 14,000 ;KG;;;
1702564;SEMI ACABADO;702564;BISGLICINATO FERROSO 150 MG COM REV (CD);800.000;600;010174;COR ALUM LACA AMARELO CREPUSCULO 6; 1,280 ;KG;;;
2702564;SEMI ACABADO;702564;BISGLICINATO FERROSO 150 MG COM REV (CD);800.000;600;010228;DIOXIDO TITANIO; 2,745 ;KG;;;
3702564;SEMI ACABADO;702564;BISGLICINATO FERROSO 150 MG COM REV (CD);800.000;600;010311;ESTEARATO MAGNESIO; 7,200 ;KG;;;
4702564;SEMI ACABADO;702564;BISGLICINATO FERROSO 150 MG COM REV (CD);800.000;600;010923;CROSCARMELOSE SODICA; 12,800 ;KG;;;
5702564;SEMI ACABADO;702564;BISGLICINATO FERROSO 150 MG COM REV (CD);800.000;600;011049;OXIDO DE FERRO VERM(USP REF.33.8075); 0,640 ;KG;;;
6702564;SEMI ACABADO;702564;BISGLICINATO FERROSO 150 MG COM REV (CD);800.000;600;011117;BISGLICINATO FERROSO 20%; 132,000 ;KG;;;
7702564;SEMI ACABADO;702564;BISGLICINATO FERROSO 150 MG COM REV (CD);800.000;600;011664;CELULOSE+LACTOSE; 248,000 ;KG;;;
8702564;SEMI ACABADO;702564;BISGLICINATO FERROSO 150 MG COM REV (CD);800.000;600;011668;ALCOOL POLIVINILICO+TALCO+PEG; 14,000 ;KG;;;
1702565;SEMI ACABADO;702565;BISGLIC FERROSO+ACFOLICO 150+5MG COM REV;800.000;600;010023;ACIDO FOLICO; 5,200 ;KG;;;
2702565;SEMI ACABADO;702565;BISGLIC FERROSO+ACFOLICO 150+5MG COM REV;800.000;600;010174;COR ALUM LACA AMARELO CREPUSCULO 6; 1,050 ;KG;;;
3702565;SEMI ACABADO;702565;BISGLIC FERROSO+ACFOLICO 150+5MG COM REV;800.000;600;010228;DIOXIDO TITANIO; 3,200 ;KG;;;
4702565;SEMI ACABADO;702565;BISGLIC FERROSO+ACFOLICO 150+5MG COM REV;800.000;600;010311;ESTEARATO MAGNESIO; 7,200 ;KG;;;
5702565;SEMI ACABADO;702565;BISGLIC FERROSO+ACFOLICO 150+5MG COM REV;800.000;600;010923;CROSCARMELOSE SODICA; 12,800 ;KG;;;
6702565;SEMI ACABADO;702565;BISGLIC FERROSO+ACFOLICO 150+5MG COM REV;800.000;600;011049;OXIDO DE FERRO VERM(USP REF.33.8075); 0,500 ;KG;;;
7702565;SEMI ACABADO;702565;BISGLIC FERROSO+ACFOLICO 150+5MG COM REV;800.000;600;011117;BISGLICINATO FERROSO 20%; 132,000 ;KG;;;
8702565;SEMI ACABADO;702565;BISGLIC FERROSO+ACFOLICO 150+5MG COM REV;800.000;600;011664;CELULOSE+LACTOSE; 242,800 ;KG;;;
9702565;SEMI ACABADO;702565;BISGLIC FERROSO+ACFOLICO 150+5MG COM REV;800.000;600;011668;ALCOOL POLIVINILICO+TALCO+PEG; 14,000 ;KG;;;
1702577;SEMI ACABADO;702577;IVERMECTINA 6MG COMPRIMIDO;200.000;600;010018;ACIDO CITRICO ANIDRO; 0,330 ;KG;;;
2702577;SEMI ACABADO;702577;IVERMECTINA 6MG COMPRIMIDO;200.000;600;010041;DIOXIDO SILICIO COLOIDAL ANIDRO; 0,272 ;KG;;;
3702577;SEMI ACABADO;702577;IVERMECTINA 6MG COMPRIMIDO;200.000;600;010047;ALCOOL ISOPROPILICO(ISOPROPANOL); 0,250 ;KG;;;
4702577;SEMI ACABADO;702577;IVERMECTINA 6MG COMPRIMIDO;200.000;600;010071;CELULOSE MIC (TIPO200); 22,616 ;KG;;;
5702577;SEMI ACABADO;702577;IVERMECTINA 6MG COMPRIMIDO;200.000;600;010088;BUTILHIDROXITOLUENO(BHT); 0,010 ;KG;;;
6702577;SEMI ACABADO;702577;IVERMECTINA 6MG COMPRIMIDO;200.000;600;010311;ESTEARATO MAGNESIO; 0,272 ;KG;;;
7702577;SEMI ACABADO;702577;IVERMECTINA 6MG COMPRIMIDO;200.000;600;010731;FOSF.CAL.DIB.(COMPDIRETA); 10,200 ;KG;;;
8702577;SEMI ACABADO;702577;IVERMECTINA 6MG COMPRIMIDO;200.000;600;011018;AMIDO DE MILHO PREGELATINIZADO; 5,100 ;KG;;;
9702577;SEMI ACABADO;702577;IVERMECTINA 6MG COMPRIMIDO;200.000;600;011585;IVERMECTINA MICRONIZADA; 1,200 ;KG;;;
1702605;SEMI ACABADO;702605;CLOR.FLUOXETINA 20MG CAPS (C1) (E);600.000;600;011018;AMIDO DE MILHO PREGELATINIZADO; 118,584 ;KG;;;
2702605;SEMI ACABADO;702605;CLOR.FLUOXETINA 20MG CAPS (C1) (E);600.000;600;011912;CLORIDRATO DE FLUOXETINA (C1) (EP)**; 13,416 ;KG;;;
3702605;SEMI ACABADO;702605;CLOR.FLUOXETINA 20MG CAPS (C1) (E);600.000;600;012163;CAPS 2 AZUL OPACO / AZUL CLARO OPACO; 600.000,000 ;UN;;;
1702621;SEMI ACABADO;702621;DINITRATO ISOSSORBIDA 10MG COMP (CD);1.200.000;600;010041;DIOXIDO SILICIO COLOIDAL ANIDRO; 1,000 ;KG;;;
2702621;SEMI ACABADO;702621;DINITRATO ISOSSORBIDA 10MG COMP (CD);1.200.000;600;010311;ESTEARATO MAGNESIO; 3,000 ;KG;;;
3702621;SEMI ACABADO;702621;DINITRATO ISOSSORBIDA 10MG COMP (CD);1.200.000;600;010923;CROSCARMELOSE SODICA; 4,800 ;KG;;;
4702621;SEMI ACABADO;702621;DINITRATO ISOSSORBIDA 10MG COMP (CD);1.200.000;600;011393;DINITRATO ISOSSORBIDA 25%/LACTOSEUSP; 48,000 ;KG;;;
5702621;SEMI ACABADO;702621;DINITRATO ISOSSORBIDA 10MG COMP (CD);1.200.000;600;011664;CELULOSE+LACTOSE; 206,000 ;KG;;;
1702626;SEMI ACABADO;702626;PARACETAMOL 500MG COMP.REVESTIDO;999.998;600;010311;ESTEARATO MAGNESIO; 2,801 ;KG;;;
2702626;SEMI ACABADO;702626;PARACETAMOL 500MG COMP.REVESTIDO;999.998;600;010979;HPMC+PEG; 5,821 ;KG;;;
3702626;SEMI ACABADO;702626;PARACETAMOL 500MG COMP.REVESTIDO;999.998;600;011609;PARACETAMOL 90%; 555,559 ;KG;;;
4702626;SEMI ACABADO;702626;PARACETAMOL 500MG COMP.REVESTIDO;999.998;600;011900;COPOVIDONA; 5,821 ;KG;;;
5702626;SEMI ACABADO;702626;PARACETAMOL 500MG COMP.REVESTIDO;999.998;600;010553;CROSPOVIDONE; 17,449 ;KG;;;
1702627;SEMI ACABADO;702627;HIDROCLOROTIAZIDA 50MG COMP;1.000.000;600;010311;ESTEARATO MAGNESIO; 3,750 ;KG;;;
2702627;SEMI ACABADO;702627;HIDROCLOROTIAZIDA 50MG COMP;1.000.000;600;010501;CELULOSE MIC.(TIPO102); 42,750 ;KG;;;
3702627;SEMI ACABADO;702627;HIDROCLOROTIAZIDA 50MG COMP;1.000.000;600;010739;LACTOSE (50/70); 123,500 ;KG;;;
4702627;SEMI ACABADO;702627;HIDROCLOROTIAZIDA 50MG COMP;1.000.000;600;011018;AMIDO DE MILHO PREGELATINIZADO; 30,000 ;KG;;;
5702627;SEMI ACABADO;702627;HIDROCLOROTIAZIDA 50MG COMP;1.000.000;600;011377;HIDROCLOROTIAZIDA; 50,000 ;KG;;;
1702639;SEMI ACABADO;702639;HEMIFUMARATO DE BISOPROLOL 10MG COMP REV  ;470.588;600;010041;DIOXIDO SILICIO COLOIDAL ANIDRO; 0,710 ;KG;;;
2702639;SEMI ACABADO;702639;HEMIFUMARATO DE BISOPROLOL 10MG COMP REV  ;470.588;600;010228;DIOXIDO TITANIO; 0,710 ;KG;;;
3702639;SEMI ACABADO;702639;HEMIFUMARATO DE BISOPROLOL 10MG COMP REV  ;470.588;600;010311;ESTEARATO MAGNESIO; 0,710 ;KG;;;
4702639;SEMI ACABADO;702639;HEMIFUMARATO DE BISOPROLOL 10MG COMP REV  ;470.588;600;010501;CELULOSE MIC.(TIPO102); 4,710 ;KG;;;
5702639;SEMI ACABADO;702639;HEMIFUMARATO DE BISOPROLOL 10MG COMP REV  ;470.588;600;010731;FOSF.CAL.DIB.(COMPDIRETA); 62,574 ;KG;;;
6702639;SEMI ACABADO;702639;HEMIFUMARATO DE BISOPROLOL 10MG COMP REV  ;470.588;600;010979;HPMC+PEG; 2,400 ;KG;;;
7702639;SEMI ACABADO;702639;HEMIFUMARATO DE BISOPROLOL 10MG COMP REV  ;470.588;600;011050;OXIDO FERRO AMARELO; 0,020 ;KG;;;
8702639;SEMI ACABADO;702639;HEMIFUMARATO DE BISOPROLOL 10MG COMP REV  ;470.588;600;011806;HEMIFUMARATO DE BISOPROLOL; 4,706 ;KG;;;
9702639;SEMI ACABADO;702639;HEMIFUMARATO DE BISOPROLOL 10MG COMP REV  ;470.588;600;010056;AMIDO; 6,590 ;KG;;;
1702661;SEMI ACABADO;702661;CLOR.SIBUTRAMINA (B2) 15MG CAPS;900.000;600;010041;DIOXIDO SILICIO COLOIDAL ANIDRO; 0,540 ;KG;;;
2702661;SEMI ACABADO;702661;CLOR.SIBUTRAMINA (B2) 15MG CAPS;900.000;600;010311;ESTEARATO MAGNESIO; 1,080 ;KG;;;
3702661;SEMI ACABADO;702661;CLOR.SIBUTRAMINA (B2) 15MG CAPS;900.000;600;010739;LACTOSE (50/70); 213,611 ;KG;;;
4702661;SEMI ACABADO;702661;CLOR.SIBUTRAMINA (B2) 15MG CAPS;900.000;600;011672;CAPS 2 ROXO/BRANCO; 900.000,000 ;UN;;;
5702661;SEMI ACABADO;702661;CLOR.SIBUTRAMINA (B2) 15MG CAPS;900.000;600;011753;CLOR. DE SIBUTRAMINA MONOIDRATADO(B2)**; 14,269 ;KG;;;
1702667;SEMI ACABADO;702667;ACIDO MEFENAMICO 500MG COMP;840.000;600;010041;DIOXIDO SILICIO COLOIDAL ANIDRO; 3,003 ;KG;;;
2702667;SEMI ACABADO;702667;ACIDO MEFENAMICO 500MG COMP;840.000;600;010311;ESTEARATO MAGNESIO; 6,006 ;KG;;;
3702667;SEMI ACABADO;702667;ACIDO MEFENAMICO 500MG COMP;840.000;600;010469;LAURIL SULFATO SODIO (PO); 4,505 ;KG;;;
4702667;SEMI ACABADO;702667;ACIDO MEFENAMICO 500MG COMP;840.000;600;010964;POVIDONA K29-32; 27,027 ;KG;;;
5702667;SEMI ACABADO;702667;ACIDO MEFENAMICO 500MG COMP;840.000;600;011018;AMIDO DE MILHO PREGELATINIZADO; 60,060 ;KG;;;
6702667;SEMI ACABADO;702667;ACIDO MEFENAMICO 500MG COMP;840.000;600;011020;CELULOSE MIC(TIPO 101); 80,000 ;KG;;;
7702667;SEMI ACABADO;702667;ACIDO MEFENAMICO 500MG COMP;840.000;600;011532;ACIDO MEFENAMICO; 420,000 ;KG;;;
1702668;SEMI ACABADO;702668;CLOR.SIBUTRAMINA (B2) 10MG CAPS;600.000;600;010041;DIOXIDO SILICIO COLOIDAL ANIDRO; 0,240 ;KG;;;
2702668;SEMI ACABADO;702668;CLOR.SIBUTRAMINA (B2) 10MG CAPS;600.000;600;010311;ESTEARATO MAGNESIO; 0,480 ;KG;;;
3702668;SEMI ACABADO;702668;CLOR.SIBUTRAMINA (B2) 10MG CAPS;600.000;600;010739;LACTOSE (50/70); 94,939 ;KG;;;
4702668;SEMI ACABADO;702668;CLOR.SIBUTRAMINA (B2) 10MG CAPS;600.000;600;010960;CAPS 3 VERDE/BRANCA; 600.000,000 ;UN;;;
5702668;SEMI ACABADO;702668;CLOR.SIBUTRAMINA (B2) 10MG CAPS;600.000;600;011753;CLOR. DE SIBUTRAMINA MONOIDRATADO(B2)**; 6,341 ;KG;;;
1702726;SEMI ACABADO;702726;ACIDO FOLICO COMP 5MG;1.000.000;600;010056;AMIDO; 15,000 ;KG;;;
2702726;SEMI ACABADO;702726;ACIDO FOLICO COMP 5MG;1.000.000;600;010877;ACIDO ESTEARICO VEGETAL(MICRONIZADO); 4,000 ;KG;;;
3702726;SEMI ACABADO;702726;ACIDO FOLICO COMP 5MG;1.000.000;600;010923;CROSCARMELOSE SODICA; 7,560 ;KG;;;
4702726;SEMI ACABADO;702726;ACIDO FOLICO COMP 5MG;1.000.000;600;010953;TALCO; 18,000 ;KG;;;
5702726;SEMI ACABADO;702726;ACIDO FOLICO COMP 5MG;1.000.000;600;011675;LACTOSE (ANIDRA); 141,440 ;KG;;;
6702726;SEMI ACABADO;702726;ACIDO FOLICO COMP 5MG;1.000.000;600;018438;ACIDO FOLICO; 5,000 ;KG;;;
1702751;SEMI ACABADO;702751;BISSULFATO DE CLOPIDOGREL 75MG COM REV;1.000.000;600;010041;DIOXIDO SILICIO COLOIDAL ANIDRO; 0,870 ;KG;;;
2702751;SEMI ACABADO;702751;BISSULFATO DE CLOPIDOGREL 75MG COM REV;1.000.000;600;010501;CELULOSE MIC.(TIPO102); 62,500 ;KG;;;
3702751;SEMI ACABADO;702751;BISSULFATO DE CLOPIDOGREL 75MG COM REV;1.000.000;600;011049;OXIDO DE FERRO VERM(USP REF.33.8075); 0,025 ;KG;;;
4702751;SEMI ACABADO;702751;BISSULFATO DE CLOPIDOGREL 75MG COM REV;1.000.000;600;011735;MALTODEXTRIN (9050-36-6); 73,750 ;KG;;;
5702751;SEMI ACABADO;702751;BISSULFATO DE CLOPIDOGREL 75MG COM REV;1.000.000;600;012059;HPMC + PEG + DIOXIDO TITANIO; 7,500 ;KG;;;
6702751;SEMI ACABADO;702751;BISSULFATO DE CLOPIDOGREL 75MG COM REV;1.000.000;600;012090;BEHENATO DE GLICERILA; 2,500 ;KG;;;
7702751;SEMI ACABADO;702751;BISSULFATO DE CLOPIDOGREL 75MG COM REV;1.000.000;600;012091;BISSULFATO DE CLOPIDOGREL; 97,880 ;KG;;;
8702751;SEMI ACABADO;702751;BISSULFATO DE CLOPIDOGREL 75MG COM REV;1.000.000;600;010553;CROSPOVIDONE; 12,500 ;KG;;;
1702755;SEMI ACABADO;702755;PARACETAMOL+CLOR.DE PSEUDOEF.COMP REV;450.000;600;010046;ALCOOL ETILICO; 177,300 ;KG;;;
2702755;SEMI ACABADO;702755;PARACETAMOL+CLOR.DE PSEUDOEF.COMP REV;450.000;600;010177;COR ALUM LACA AMARELO TARTRAZINA 5; 0,253 ;KG;;;
3702755;SEMI ACABADO;702755;PARACETAMOL+CLOR.DE PSEUDOEF.COMP REV;450.000;600;010184;COR ALUM LACA AZUL2; 0,042 ;KG;;;
4702755;SEMI ACABADO;702755;PARACETAMOL+CLOR.DE PSEUDOEF.COMP REV;450.000;600;010228;DIOXIDO TITANIO; 1,224 ;KG;;;
5702755;SEMI ACABADO;702755;PARACETAMOL+CLOR.DE PSEUDOEF.COMP REV;450.000;600;010311;ESTEARATO MAGNESIO; 1,350 ;KG;;;
6702755;SEMI ACABADO;702755;PARACETAMOL+CLOR.DE PSEUDOEF.COMP REV;450.000;600;010501;CELULOSE MIC.(TIPO102); 55,772 ;KG;;;
7702755;SEMI ACABADO;702755;PARACETAMOL+CLOR.DE PSEUDOEF.COMP REV;450.000;600;010923;CROSCARMELOSE SODICA; 13,500 ;KG;;;
8702755;SEMI ACABADO;702755;PARACETAMOL+CLOR.DE PSEUDOEF.COMP REV;450.000;600;010979;HPMC+PEG; 8,606 ;KG;;;
9702755;SEMI ACABADO;702755;PARACETAMOL+CLOR.DE PSEUDOEF.COMP REV;450.000;600;011609;PARACETAMOL 90%; 250,003 ;KG;;;
10702755;SEMI ACABADO;702755;PARACETAMOL+CLOR.DE PSEUDOEF.COMP REV;450.000;600;011808;CLORIDRATO DE PSEUDOEFEDRINA (D1)**; 13,500 ;KG;;;
11702755;SEMI ACABADO;702755;PARACETAMOL+CLOR.DE PSEUDOEF.COMP REV;450.000;600;011900;COPOVIDONA; 3,375 ;KG;;;
1702788;SEMI ACABADO;702788;PARACETAMOL+CAFEINA COMP REV;500.000;600;010104;CAFEINA ANIDRA; 32,500 ;KG;;;
2702788;SEMI ACABADO;702788;PARACETAMOL+CAFEINA COMP REV;500.000;600;010199;COR ALUM LACA VERMELHO 40; 2,437 ;KG;;;
3702788;SEMI ACABADO;702788;PARACETAMOL+CAFEINA COMP REV;500.000;600;010228;DIOXIDO TITANIO; 0,141 ;KG;;;
4702788;SEMI ACABADO;702788;PARACETAMOL+CAFEINA COMP REV;500.000;600;010311;ESTEARATO MAGNESIO; 1,500 ;KG;;;
5702788;SEMI ACABADO;702788;PARACETAMOL+CAFEINA COMP REV;500.000;600;010501;CELULOSE MIC.(TIPO102); 44,450 ;KG;;;
6702788;SEMI ACABADO;702788;PARACETAMOL+CAFEINA COMP REV;500.000;600;010923;CROSCARMELOSE SODICA; 11,250 ;KG;;;
7702788;SEMI ACABADO;702788;PARACETAMOL+CAFEINA COMP REV;500.000;600;010979;HPMC+PEG; 8,672 ;KG;;;
8702788;SEMI ACABADO;702788;PARACETAMOL+CAFEINA COMP REV;500.000;600;011609;PARACETAMOL 90%; 277,800 ;KG;;;
9702788;SEMI ACABADO;702788;PARACETAMOL+CAFEINA COMP REV;500.000;600;011900;COPOVIDONA; 7,500 ;KG;;;
1702789;SEMI ACABADO;702789;CLONAZEPAM (B1) 2MG COMPRIMIDOS;1.500.000;600;010311;ESTEARATO MAGNESIO; 1,920 ;KG;;;
2702789;SEMI ACABADO;702789;CLONAZEPAM (B1) 2MG COMPRIMIDOS;1.500.000;600;010501;CELULOSE MIC.(TIPO102); 12,000 ;KG;;;
3702789;SEMI ACABADO;702789;CLONAZEPAM (B1) 2MG COMPRIMIDOS;1.500.000;600;010739;LACTOSE (50/70); 199,080 ;KG;;;
4702789;SEMI ACABADO;702789;CLONAZEPAM (B1) 2MG COMPRIMIDOS;1.500.000;600;011018;AMIDO DE MILHO PREGELATINIZADO; 24,000 ;KG;;;
5702789;SEMI ACABADO;702789;CLONAZEPAM (B1) 2MG COMPRIMIDOS;1.500.000;600;011463;CLONAZEPAM MICRONIZADO (B1)**; 3,000 ;KG;;;
1702821;SEMI ACABADO;702821;CLOR. BUPROPIONA (C1) 150MG COM REV;1.500.000;600;010228;DIOXIDO TITANIO; 2,655 ;KG;;;
2702821;SEMI ACABADO;702821;CLOR. BUPROPIONA (C1) 150MG COM REV;1.500.000;600;010311;ESTEARATO MAGNESIO; 6,000 ;KG;;;
3702821;SEMI ACABADO;702821;CLOR. BUPROPIONA (C1) 150MG COM REV;1.500.000;600;010501;CELULOSE MIC.(TIPO102); 297,750 ;KG;;;
4702821;SEMI ACABADO;702821;CLOR. BUPROPIONA (C1) 150MG COM REV;1.500.000;600;010979;HPMC+PEG; 15,450 ;KG;;;
5702821;SEMI ACABADO;702821;CLOR. BUPROPIONA (C1) 150MG COM REV;1.500.000;600;011056;CLOR.CISTEINA; 11,250 ;KG;;;
6702821;SEMI ACABADO;702821;CLOR. BUPROPIONA (C1) 150MG COM REV;1.500.000;600;011851;CLORIDRATO BUPROPIONA(C1)**; 225,000 ;KG;;;
7702821;SEMI ACABADO;702821;CLOR. BUPROPIONA (C1) 150MG COM REV;1.500.000;600;012546;HIPROMELOSE (METHOCEL E4M CR ); 60,000 ;KG;;;
8702821;SEMI ACABADO;702821;CLOR. BUPROPIONA (C1) 150MG COM REV;1.500.000;600;013481;COR ALUM LACA AZUL1; 0,177 ;KG;;;
9702821;SEMI ACABADO;702821;CLOR. BUPROPIONA (C1) 150MG COM REV;1.500.000;600;013482;COR VERMELHO 40 SOLUVEL; 0,042 ;KG;;;
1702822;SEMI ACABADO;702822;BROMETO DE PINAVERIO 100MG COMP REV;800.000;600;010041;DIOXIDO SILICIO COLOIDAL ANIDRO; 6,688 ;KG;;;
2702822;SEMI ACABADO;702822;BROMETO DE PINAVERIO 100MG COMP REV;800.000;600;010047;ALCOOL ISOPROPILICO(ISOPROPANOL); 181,190 ;KG;;;
3702822;SEMI ACABADO;702822;BROMETO DE PINAVERIO 100MG COMP REV;800.000;600;010120;POLIETILENOGLICOL 6000-MACROGOL 6000; 1,368 ;KG;;;
4702822;SEMI ACABADO;702822;BROMETO DE PINAVERIO 100MG COMP REV;800.000;600;010174;COR ALUM LACA AMARELO CREPUSCULO 6; 1,369 ;KG;;;
5702822;SEMI ACABADO;702822;BROMETO DE PINAVERIO 100MG COMP REV;800.000;600;010228;DIOXIDO TITANIO; 4,598 ;KG;;;
6702822;SEMI ACABADO;702822;BROMETO DE PINAVERIO 100MG COMP REV;800.000;600;010311;ESTEARATO MAGNESIO; 5,830 ;KG;;;
7702822;SEMI ACABADO;702822;BROMETO DE PINAVERIO 100MG COMP REV;800.000;600;010322;POL CAT AC METACRIL(EUDRAGIT E100 G; 19,609 ;KG;;;
8702822;SEMI ACABADO;702822;BROMETO DE PINAVERIO 100MG COMP REV;800.000;600;010501;CELULOSE MIC.(TIPO102); 143,770 ;KG;;;
9702822;SEMI ACABADO;702822;BROMETO DE PINAVERIO 100MG COMP REV;800.000;600;010739;LACTOSE (50/70); 52,992 ;KG;;;
10702822;SEMI ACABADO;702822;BROMETO DE PINAVERIO 100MG COMP REV;800.000;600;010953;TALCO; 15,694 ;KG;;;
11702822;SEMI ACABADO;702822;BROMETO DE PINAVERIO 100MG COMP REV;800.000;600;011687;POL AC ACRIL (CARBOPOL 71G); 7,584 ;KG;;;
12702822;SEMI ACABADO;702822;BROMETO DE PINAVERIO 100MG COMP REV;800.000;600;011790;BROMETO DE PINAVERIO; 80,030 ;KG;;;
13702822;SEMI ACABADO;702822;BROMETO DE PINAVERIO 100MG COMP REV;800.000;600;012351;ESTEARIL FUMARATO DE SODIO; 3,040 ;KG;;;
1702838;SEMI ACABADO;702838;CARB.CALCIO+COLECALC. (VIT.D) COMP.REV;500.000;600;010056;AMIDO; 40,400 ;KG;;;
2702838;SEMI ACABADO;702838;CARB.CALCIO+COLECALC. (VIT.D) COMP.REV;500.000;600;010047;ALCOOL ISOPROPILICO(ISOPROPANOL); 114,858 ;KG;;;
3702838;SEMI ACABADO;702838;CARB.CALCIO+COLECALC. (VIT.D) COMP.REV;500.000;600;010120;POLIETILENOGLICOL 6000-MACROGOL 6000; 0,832 ;KG;;;
4702838;SEMI ACABADO;702838;CARB.CALCIO+COLECALC. (VIT.D) COMP.REV;500.000;600;010228;DIOXIDO TITANIO; 2,954 ;KG;;;
5702838;SEMI ACABADO;702838;CARB.CALCIO+COLECALC. (VIT.D) COMP.REV;500.000;600;010311;ESTEARATO MAGNESIO; 13,664 ;KG;;;
6702838;SEMI ACABADO;702838;CARB.CALCIO+COLECALC. (VIT.D) COMP.REV;500.000;600;010322;POL CAT AC METACRIL(EUDRAGIT E100 G; 12,484 ;KG;;;
7702838;SEMI ACABADO;702838;CARB.CALCIO+COLECALC. (VIT.D) COMP.REV;500.000;600;010331;GLICOLATO AMIDO SODICO; 24,000 ;KG;;;
8702838;SEMI ACABADO;702838;CARB.CALCIO+COLECALC. (VIT.D) COMP.REV;500.000;600;010513;METILPARABENO; 1,400 ;KG;;;
9702838;SEMI ACABADO;702838;CARB.CALCIO+COLECALC. (VIT.D) COMP.REV;500.000;600;010514;PROPILPARABENO; 0,200 ;KG;;;
10702838;SEMI ACABADO;702838;CARB.CALCIO+COLECALC. (VIT.D) COMP.REV;500.000;600;010669;POLISSORBATO 80(TWEEN 80); 8,000 ;KG;;;
11702838;SEMI ACABADO;702838;CARB.CALCIO+COLECALC. (VIT.D) COMP.REV;500.000;600;010925;VITAMINA D3; 1,300 ;KG;;;
12702838;SEMI ACABADO;702838;CARB.CALCIO+COLECALC. (VIT.D) COMP.REV;500.000;600;010953;TALCO; 15,034 ;KG;;;
13702838;SEMI ACABADO;702838;CARB.CALCIO+COLECALC. (VIT.D) COMP.REV;500.000;600;011018;AMIDO DE MILHO PREGELATINIZADO; 79,700 ;KG;;;
14702838;SEMI ACABADO;702838;CARB.CALCIO+COLECALC. (VIT.D) COMP.REV;500.000;600;011670;CARBONATO CALCIO CONCHA DE OSTRAS 40%; 625,000 ;KG;;;
1702849;SEMI ACABADO;702849;CLOR.AMITRIPTILINA(C1) 75MG COMP REV;583.333;600;010041;DIOXIDO SILICIO COLOIDAL ANIDRO; 2,520 ;KG;;;
2702849;SEMI ACABADO;702849;CLOR.AMITRIPTILINA(C1) 75MG COMP REV;583.333;600;010174;COR ALUM LACA AMARELO CREPUSCULO 6; 0,761 ;KG;;;
3702849;SEMI ACABADO;702849;CLOR.AMITRIPTILINA(C1) 75MG COMP REV;583.333;600;010228;DIOXIDO TITANIO; 1,155 ;KG;;;
4702849;SEMI ACABADO;702849;CLOR.AMITRIPTILINA(C1) 75MG COMP REV;583.333;600;010311;ESTEARATO MAGNESIO; 2,100 ;KG;;;
5702849;SEMI ACABADO;702849;CLOR.AMITRIPTILINA(C1) 75MG COMP REV;583.333;600;010501;CELULOSE MIC.(TIPO102); 25,200 ;KG;;;
6702849;SEMI ACABADO;702849;CLOR.AMITRIPTILINA(C1) 75MG COMP REV;583.333;600;010731;FOSF.CAL.DIB.(COMPDIRETA); 76,580 ;KG;;;
7702849;SEMI ACABADO;702849;CLOR.AMITRIPTILINA(C1) 75MG COMP REV;583.333;600;010739;LACTOSE (50/70); 52,500 ;KG;;;
8702849;SEMI ACABADO;702849;CLOR.AMITRIPTILINA(C1) 75MG COMP REV;583.333;600;010923;CROSCARMELOSE SODICA; 1,050 ;KG;;;
9702849;SEMI ACABADO;702849;CLOR.AMITRIPTILINA(C1) 75MG COMP REV;583.333;600;010953;TALCO; 6,300 ;KG;;;
10702849;SEMI ACABADO;702849;CLOR.AMITRIPTILINA(C1) 75MG COMP REV;583.333;600;011428;CLOR.AMITRIPTILINA(C1)**; 43,750 ;KG;;;
11702849;SEMI ACABADO;702849;CLOR.AMITRIPTILINA(C1) 75MG COMP REV;583.333;600;011668;ALCOOL POLIVINILICO+TALCO+PEG; 5,723 ;KG;;;
1702850;SEMI ACABADO;702850;CLOR.AMITRIPTILINA(C1) 25MG COMP REV;3.000.000;600;010041;DIOXIDO SILICIO COLOIDAL ANIDRO; 4,320 ;KG;;;
2702850;SEMI ACABADO;702850;CLOR.AMITRIPTILINA(C1) 25MG COMP REV;3.000.000;600;010174;COR ALUM LACA AMARELO CREPUSCULO 6; 1,305 ;KG;;;
3702850;SEMI ACABADO;702850;CLOR.AMITRIPTILINA(C1) 25MG COMP REV;3.000.000;600;010228;DIOXIDO TITANIO; 1,980 ;KG;;;
4702850;SEMI ACABADO;702850;CLOR.AMITRIPTILINA(C1) 25MG COMP REV;3.000.000;600;010311;ESTEARATO MAGNESIO; 3,600 ;KG;;;
5702850;SEMI ACABADO;702850;CLOR.AMITRIPTILINA(C1) 25MG COMP REV;3.000.000;600;010501;CELULOSE MIC.(TIPO102); 43,200 ;KG;;;
6702850;SEMI ACABADO;702850;CLOR.AMITRIPTILINA(C1) 25MG COMP REV;3.000.000;600;010731;FOSF.CAL.DIB.(COMPDIRETA); 133,800 ;KG;;;
7702850;SEMI ACABADO;702850;CLOR.AMITRIPTILINA(C1) 25MG COMP REV;3.000.000;600;010739;LACTOSE (50/70); 87,480 ;KG;;;
8702850;SEMI ACABADO;702850;CLOR.AMITRIPTILINA(C1) 25MG COMP REV;3.000.000;600;010923;CROSCARMELOSE SODICA; 1,800 ;KG;;;
9702850;SEMI ACABADO;702850;CLOR.AMITRIPTILINA(C1) 25MG COMP REV;3.000.000;600;010953;TALCO; 10,800 ;KG;;;
10702850;SEMI ACABADO;702850;CLOR.AMITRIPTILINA(C1) 25MG COMP REV;3.000.000;600;011428;CLOR.AMITRIPTILINA(C1)**; 75,000 ;KG;;;
11702850;SEMI ACABADO;702850;CLOR.AMITRIPTILINA(C1) 25MG COMP REV;3.000.000;600;011668;ALCOOL POLIVINILICO+TALCO+PEG; 9,810 ;KG;;;
1702863;SEMI ACABADO;702863;ORLISTATE 120MG CAPSULAS;1.600.000;600;010041;DIOXIDO SILICIO COLOIDAL ANIDRO; 4,800 ;KG;;;
2702863;SEMI ACABADO;702863;ORLISTATE 120MG CAPSULAS;1.600.000;600;010041;DIOXIDO SILICIO COLOIDAL ANIDRO; 19,200 ;KG;;;
3702863;SEMI ACABADO;702863;ORLISTATE 120MG CAPSULAS;1.600.000;600;010469;LAURIL SULFATO SODIO (PO); 14,400 ;KG;;;
4702863;SEMI ACABADO;702863;ORLISTATE 120MG CAPSULAS;1.600.000;600;010887;CAPS 0 BCO/AZUL ROYAL; 1.600.000,000 ;UN;;;
5702863;SEMI ACABADO;702863;ORLISTATE 120MG CAPSULAS;1.600.000;600;010953;TALCO; 9,600 ;KG;;;
6702863;SEMI ACABADO;702863;ORLISTATE 120MG CAPSULAS;1.600.000;600;011018;AMIDO DE MILHO PREGELATINIZADO; 216,000 ;KG;;;
7702863;SEMI ACABADO;702863;ORLISTATE 120MG CAPSULAS;1.600.000;600;011142;ETANOL ABSOLUTO P.A.; 53,189 ;KG;;;
8702863;SEMI ACABADO;702863;ORLISTATE 120MG CAPSULAS;1.600.000;600;011748;ORLISTAT; 192,000 ;KG;;;
9702863;SEMI ACABADO;702863;ORLISTATE 120MG CAPSULAS;1.600.000;600;010553;CROSPOVIDONE; 14,400 ;KG;;;
10702863;SEMI ACABADO;702863;ORLISTATE 120MG CAPSULAS;1.600.000;600;010553;CROSPOVIDONE; 9,600 ;KG;;;
1702879;SEMI ACABADO;702879;CLOR.VALACICLOVIR 500MG COMP REV;100.000;600;010311;ESTEARATO MAGNESIO; 0,800 ;KG;;;
2702879;SEMI ACABADO;702879;CLOR.VALACICLOVIR 500MG COMP REV;100.000;600;011020;CELULOSE MIC(TIPO 101); 16,770 ;KG;;;
3702879;SEMI ACABADO;702879;CLOR.VALACICLOVIR 500MG COMP REV;100.000;600;011032;ALC.POL.+DIOX.TIT.+PEG+TALCO; 2,400 ;KG;;;
4702879;SEMI ACABADO;702879;CLOR.VALACICLOVIR 500MG COMP REV;100.000;600;011725;HIDROXIPROPILCELULOSE EXF; 3,200 ;KG;;;
5702879;SEMI ACABADO;702879;CLOR.VALACICLOVIR 500MG COMP REV;100.000;600;011774;CLORIDRATO DE VALACICLOVIR; 55,630 ;KG;;;
6702879;SEMI ACABADO;702879;CLOR.VALACICLOVIR 500MG COMP REV;100.000;600;010553;CROSPOVIDONE; 3,600 ;KG;;;
1702892;SEMI ACABADO;702892;CLOR.VENLAFAXINA(C1)150MG CAP.GEL.DU. LP;280.000;600;011331;CAPS 0 LAR / BEGE; 280.000,000 ;UN;;;
2702892;SEMI ACABADO;702892;CLOR.VENLAFAXINA(C1)150MG CAP.GEL.DU. LP;280.000;600;011901;VENLAFAXINA PELLETS (C1)**; 128,722 ;KG;;;
1702896;SEMI ACABADO;702896;ATORVASTATINA CALCICA 80MG COMP.REV.;200.000;600;010041;DIOXIDO SILICIO COLOIDAL ANIDRO; 2,400 ;KG;;;
2702896;SEMI ACABADO;702896;ATORVASTATINA CALCICA 80MG COMP.REV.;200.000;600;010046;ALCOOL ETILICO; 17,600 ;KG;;;
3702896;SEMI ACABADO;702896;ATORVASTATINA CALCICA 80MG COMP.REV.;200.000;600;010088;BUTILHIDROXITOLUENO(BHT); 0,120 ;KG;;;
4702896;SEMI ACABADO;702896;ATORVASTATINA CALCICA 80MG COMP.REV.;200.000;600;010501;CELULOSE MIC.(TIPO102); 96,901 ;KG;;;
5702896;SEMI ACABADO;702896;ATORVASTATINA CALCICA 80MG COMP.REV.;200.000;600;010739;LACTOSE (50/70); 110,060 ;KG;;;
6702896;SEMI ACABADO;702896;ATORVASTATINA CALCICA 80MG COMP.REV.;200.000;600;010979;HPMC+PEG; 2,400 ;KG;;;
7702896;SEMI ACABADO;702896;ATORVASTATINA CALCICA 80MG COMP.REV.;200.000;600;012351;ESTEARIL FUMARATO DE SODIO; 3,600 ;KG;;;
8702896;SEMI ACABADO;702896;ATORVASTATINA CALCICA 80MG COMP.REV.;200.000;600;012367;ATORVASTATINA CALCICA (AMORFA); 17,319 ;KG;;;
9702896;SEMI ACABADO;702896;ATORVASTATINA CALCICA 80MG COMP.REV.;200.000;600;012693;OPADRY AMB WHITE (OY-B-28920) (EP); 9,600 ;KG;;;
10702896;SEMI ACABADO;702896;ATORVASTATINA CALCICA 80MG COMP.REV.;200.000;600;010553;CROSPOVIDONE; 9,600 ;KG;;;
1702898;SEMI ACABADO;702898;IBUPROFENO 400MG COMP.REV.;300.000;600;010046;ALCOOL ETILICO; 55,200 ;KG;;;
2702898;SEMI ACABADO;702898;IBUPROFENO 400MG COMP.REV.;300.000;600;010184;COR ALUM LACA AZUL2; 0,026 ;KG;;;
3702898;SEMI ACABADO;702898;IBUPROFENO 400MG COMP.REV.;300.000;600;010228;DIOXIDO TITANIO; 1,024 ;KG;;;
4702898;SEMI ACABADO;702898;IBUPROFENO 400MG COMP.REV.;300.000;600;010311;ESTEARATO MAGNESIO; 1,050 ;KG;;;
5702898;SEMI ACABADO;702898;IBUPROFENO 400MG COMP.REV.;300.000;600;010331;GLICOLATO AMIDO SODICO; 6,300 ;KG;;;
6702898;SEMI ACABADO;702898;IBUPROFENO 400MG COMP.REV.;300.000;600;010979;HPMC+PEG; 2,126 ;KG;;;
7702898;SEMI ACABADO;702898;IBUPROFENO 400MG COMP.REV.;300.000;600;011664;CELULOSE+LACTOSE; 69,300 ;KG;;;
8702898;SEMI ACABADO;702898;IBUPROFENO 400MG COMP.REV.;300.000;600;011852;IBUPROFENO 90% (CD); 133,350 ;KG;;;
1702899;SEMI ACABADO;702899;DESLORATADINA 5MG COMP. REV;600.000;600;010041;DIOXIDO SILICIO COLOIDAL ANIDRO; 0,120 ;KG;;;
2702899;SEMI ACABADO;702899;DESLORATADINA 5MG COMP. REV;600.000;600;010739;LACTOSE (50/70); 9,000 ;KG;;;
3702899;SEMI ACABADO;702899;DESLORATADINA 5MG COMP. REV;600.000;600;010953;TALCO; 0,300 ;KG;;;
4702899;SEMI ACABADO;702899;DESLORATADINA 5MG COMP. REV;600.000;600;011018;AMIDO DE MILHO PREGELATINIZADO; 3,000 ;KG;;;
5702899;SEMI ACABADO;702899;DESLORATADINA 5MG COMP. REV;600.000;600;011032;ALC.POL.+DIOX.TIT.+PEG+TALCO; 1,200 ;KG;;;
6702899;SEMI ACABADO;702899;DESLORATADINA 5MG COMP. REV;600.000;600;012351;ESTEARIL FUMARATO DE SODIO; 0,900 ;KG;;;
7702899;SEMI ACABADO;702899;DESLORATADINA 5MG COMP. REV;600.000;600;012377;DESLORATADINA; 3,000 ;KG;;;
8702899;SEMI ACABADO;702899;DESLORATADINA 5MG COMP. REV;600.000;600;012459;CELULOSE MICROCRISTALINA (TIPO 302); 43,674 ;KG;;;
9702899;SEMI ACABADO;702899;DESLORATADINA 5MG COMP. REV;600.000;600;012514;OXIDO DE FERRO AMARELO; 6,300 ;G;;;
1702903;SEMI ACABADO;702903;FENOFIBRATO 200 MG CAPS;1.000.000;600;010311;ESTEARATO MAGNESIO; 3,500 ;KG;;;
2702903;SEMI ACABADO;702903;FENOFIBRATO 200 MG CAPS;1.000.000;600;010469;LAURIL SULFATO SODIO (PO); 8,750 ;KG;;;
3702903;SEMI ACABADO;702903;FENOFIBRATO 200 MG CAPS;1.000.000;600;010698;CAPS 1 AZUL / INCOLOR; 1.000.000,000 ;UN;;;
4702903;SEMI ACABADO;702903;FENOFIBRATO 200 MG CAPS;1.000.000;600;010739;LACTOSE (50/70); 102,700 ;KG;;;
5702903;SEMI ACABADO;702903;FENOFIBRATO 200 MG CAPS;1.000.000;600;011018;AMIDO DE MILHO PREGELATINIZADO; 28,000 ;KG;;;
6702903;SEMI ACABADO;702903;FENOFIBRATO 200 MG CAPS;1.000.000;600;011877;FENOFIBRATO MICRONIZADO; 200,000 ;KG;;;
7702903;SEMI ACABADO;702903;FENOFIBRATO 200 MG CAPS;1.000.000;600;010553;CROSPOVIDONE; 7,000 ;KG;;;
1702913;SEMI ACABADO;702913;ATORVASTATINA CALCICA 10MG COMP.REV;2.120.000;600;010041;DIOXIDO SILICIO COLOIDAL ANIDRO; 3,180 ;KG;;;
2702913;SEMI ACABADO;702913;ATORVASTATINA CALCICA 10MG COMP.REV;2.120.000;600;010046;ALCOOL ETILICO; 23,320 ;KG;;;
3702913;SEMI ACABADO;702913;ATORVASTATINA CALCICA 10MG COMP.REV;2.120.000;600;010088;BUTILHIDROXITOLUENO(BHT); 0,159 ;KG;;;
4702913;SEMI ACABADO;702913;ATORVASTATINA CALCICA 10MG COMP.REV;2.120.000;600;010501;CELULOSE MIC.(TIPO102); 128,396 ;KG;;;
5702913;SEMI ACABADO;702913;ATORVASTATINA CALCICA 10MG COMP.REV;2.120.000;600;010739;LACTOSE (50/70); 145,828 ;KG;;;
6702913;SEMI ACABADO;702913;ATORVASTATINA CALCICA 10MG COMP.REV;2.120.000;600;010979;HPMC+PEG; 3,180 ;KG;;;
7702913;SEMI ACABADO;702913;ATORVASTATINA CALCICA 10MG COMP.REV;2.120.000;600;012351;ESTEARIL FUMARATO DE SODIO; 4,770 ;KG;;;
8702913;SEMI ACABADO;702913;ATORVASTATINA CALCICA 10MG COMP.REV;2.120.000;600;012367;ATORVASTATINA CALCICA (AMORFA); 22,947 ;KG;;;
9702913;SEMI ACABADO;702913;ATORVASTATINA CALCICA 10MG COMP.REV;2.120.000;600;012693;OPADRY AMB WHITE (OY-B-28920) (EP); 12,720 ;KG;;;
10702913;SEMI ACABADO;702913;ATORVASTATINA CALCICA 10MG COMP.REV;2.120.000;600;010553;CROSPOVIDONE; 12,720 ;KG;;;
1702914;SEMI ACABADO;702914;ATORVASTATINA CALCICA 20MG COMP.REV.;1.000.000;600;010041;DIOXIDO SILICIO COLOIDAL ANIDRO; 3,000 ;KG;;;
2702914;SEMI ACABADO;702914;ATORVASTATINA CALCICA 20MG COMP.REV.;1.000.000;600;010046;ALCOOL ETILICO; 22,000 ;KG;;;
3702914;SEMI ACABADO;702914;ATORVASTATINA CALCICA 20MG COMP.REV.;1.000.000;600;010088;BUTILHIDROXITOLUENO(BHT); 0,150 ;KG;;;
4702914;SEMI ACABADO;702914;ATORVASTATINA CALCICA 20MG COMP.REV.;1.000.000;600;010501;CELULOSE MIC.(TIPO102); 121,127 ;KG;;;
5702914;SEMI ACABADO;702914;ATORVASTATINA CALCICA 20MG COMP.REV.;1.000.000;600;010739;LACTOSE (50/70); 137,575 ;KG;;;
6702914;SEMI ACABADO;702914;ATORVASTATINA CALCICA 20MG COMP.REV.;1.000.000;600;010979;HPMC+PEG; 3,000 ;KG;;;
7702914;SEMI ACABADO;702914;ATORVASTATINA CALCICA 20MG COMP.REV.;1.000.000;600;012351;ESTEARIL FUMARATO DE SODIO; 4,500 ;KG;;;
8702914;SEMI ACABADO;702914;ATORVASTATINA CALCICA 20MG COMP.REV.;1.000.000;600;012367;ATORVASTATINA CALCICA (AMORFA); 21,648 ;KG;;;
9702914;SEMI ACABADO;702914;ATORVASTATINA CALCICA 20MG COMP.REV.;1.000.000;600;012693;OPADRY AMB WHITE (OY-B-28920) (EP); 12,000 ;KG;;;
10702914;SEMI ACABADO;702914;ATORVASTATINA CALCICA 20MG COMP.REV.;1.000.000;600;010553;CROSPOVIDONE; 12,000 ;KG;;;
1702915;SEMI ACABADO;702915;ATORVASTATINA CALCICA 40MG COM REV;500.000;600;010041;DIOXIDO SILICIO COLOIDAL ANIDRO; 3,000 ;KG;;;
2702915;SEMI ACABADO;702915;ATORVASTATINA CALCICA 40MG COM REV;500.000;600;010046;ALCOOL ETILICO; 22,000 ;KG;;;
3702915;SEMI ACABADO;702915;ATORVASTATINA CALCICA 40MG COM REV;500.000;600;010088;BUTILHIDROXITOLUENO(BHT); 0,150 ;KG;;;
4702915;SEMI ACABADO;702915;ATORVASTATINA CALCICA 40MG COM REV;500.000;600;010501;CELULOSE MIC.(TIPO102); 121,127 ;KG;;;
5702915;SEMI ACABADO;702915;ATORVASTATINA CALCICA 40MG COM REV;500.000;600;010739;LACTOSE (50/70); 137,575 ;KG;;;
6702915;SEMI ACABADO;702915;ATORVASTATINA CALCICA 40MG COM REV;500.000;600;010979;HPMC+PEG; 3,000 ;KG;;;
7702915;SEMI ACABADO;702915;ATORVASTATINA CALCICA 40MG COM REV;500.000;600;012351;ESTEARIL FUMARATO DE SODIO; 4,500 ;KG;;;
8702915;SEMI ACABADO;702915;ATORVASTATINA CALCICA 40MG COM REV;500.000;600;012367;ATORVASTATINA CALCICA (AMORFA); 21,648 ;KG;;;
9702915;SEMI ACABADO;702915;ATORVASTATINA CALCICA 40MG COM REV;500.000;600;012693;OPADRY AMB WHITE (OY-B-28920) (EP); 12,000 ;KG;;;
10702915;SEMI ACABADO;702915;ATORVASTATINA CALCICA 40MG COM REV;500.000;600;010553;CROSPOVIDONE; 12,000 ;KG;;;
1702917;SEMI ACABADO;702917;CLOR. DE LERCANIDIPINO 10MG COM REV;1.000.000;600;010041;DIOXIDO SILICIO COLOIDAL ANIDRO; 1,000 ;KG;;;
2702917;SEMI ACABADO;702917;CLOR. DE LERCANIDIPINO 10MG COM REV;1.000.000;600;010311;ESTEARATO MAGNESIO; 1,000 ;KG;;;
3702917;SEMI ACABADO;702917;CLOR. DE LERCANIDIPINO 10MG COM REV;1.000.000;600;010331;GLICOLATO AMIDO SODICO; 10,000 ;KG;;;
4702917;SEMI ACABADO;702917;CLOR. DE LERCANIDIPINO 10MG COM REV;1.000.000;600;010859;LACTOSE (200); 29,200 ;KG;;;
5702917;SEMI ACABADO;702917;CLOR. DE LERCANIDIPINO 10MG COM REV;1.000.000;600;010953;TALCO; 0,140 ;KG;;;
6702917;SEMI ACABADO;702917;CLOR. DE LERCANIDIPINO 10MG COM REV;1.000.000;600;010964;POVIDONA K29-32; 5,000 ;KG;;;
7702917;SEMI ACABADO;702917;CLOR. DE LERCANIDIPINO 10MG COM REV;1.000.000;600;011020;CELULOSE MIC(TIPO 101); 40,800 ;KG;;;
8702917;SEMI ACABADO;702917;CLOR. DE LERCANIDIPINO 10MG COM REV;1.000.000;600;011050;OXIDO FERRO AMARELO; 0,030 ;KG;;;
9702917;SEMI ACABADO;702917;CLOR. DE LERCANIDIPINO 10MG COM REV;1.000.000;600;011683;POL.ANI.AC.METACRIL.(EUDRAGIT L30D); 10,000 ;KG;;;
10702917;SEMI ACABADO;702917;CLOR. DE LERCANIDIPINO 10MG COM REV;1.000.000;600;012059;HPMC + PEG + DIOXIDO TITANIO; 2,830 ;KG;;;
11702917;SEMI ACABADO;702917;CLOR. DE LERCANIDIPINO 10MG COM REV;1.000.000;600;012368;CLORIDRATO DE LERCANIDIPINO; 10,000 ;KG;;;
1702924;SEMI ACABADO;702924;CLOR. DE CICLOBENZAPRINA 5,0MG COMP.REV.;833.333;600;010046;ALCOOL ETILICO; 30,000 ;KG;;;
2702924;SEMI ACABADO;702924;CLOR. DE CICLOBENZAPRINA 5,0MG COMP.REV.;833.333;600;010228;DIOXIDO TITANIO; 0,220 ;KG;;;
3702924;SEMI ACABADO;702924;CLOR. DE CICLOBENZAPRINA 5,0MG COMP.REV.;833.333;600;010311;ESTEARATO MAGNESIO; 1,000 ;KG;;;
4702924;SEMI ACABADO;702924;CLOR. DE CICLOBENZAPRINA 5,0MG COMP.REV.;833.333;600;010406;FOSFATO CALCIO TRIBASICO(TS 29 FLB); 8,333 ;KG;;;
5702924;SEMI ACABADO;702924;CLOR. DE CICLOBENZAPRINA 5,0MG COMP.REV.;833.333;600;010501;CELULOSE MIC.(TIPO102); 55,500 ;KG;;;
6702924;SEMI ACABADO;702924;CLOR. DE CICLOBENZAPRINA 5,0MG COMP.REV.;833.333;600;010720;CLORETO METILENO (D2)**; 7,500 ;KG;;;
7702924;SEMI ACABADO;702924;CLOR. DE CICLOBENZAPRINA 5,0MG COMP.REV.;833.333;600;010739;LACTOSE (50/70); 28,000 ;KG;;;
8702924;SEMI ACABADO;702924;CLOR. DE CICLOBENZAPRINA 5,0MG COMP.REV.;833.333;600;010923;CROSCARMELOSE SODICA; 3,000 ;KG;;;
9702924;SEMI ACABADO;702924;CLOR. DE CICLOBENZAPRINA 5,0MG COMP.REV.;833.333;600;010979;HPMC+PEG; 1,620 ;KG;;;
10702924;SEMI ACABADO;702924;CLOR. DE CICLOBENZAPRINA 5,0MG COMP.REV.;833.333;600;011050;OXIDO FERRO AMARELO; 0,160 ;KG;;;
11702924;SEMI ACABADO;702924;CLOR. DE CICLOBENZAPRINA 5,0MG COMP.REV.;833.333;600;012192;CLORIDRATO DE CICLOBENZAPRINA; 4,167 ;KG;;;
1702927;SEMI ACABADO;702927;PREDNISOLONA 20 MG COMPRIMIDO;1.000.000;600;010041;DIOXIDO SILICIO COLOIDAL ANIDRO; 1,200 ;KG;;;
2702927;SEMI ACABADO;702927;PREDNISOLONA 20 MG COMPRIMIDO;1.000.000;600;010311;ESTEARATO MAGNESIO; 4,000 ;KG;;;
3702927;SEMI ACABADO;702927;PREDNISOLONA 20 MG COMPRIMIDO;1.000.000;600;010331;GLICOLATO AMIDO SODICO; 12,000 ;KG;;;
4702927;SEMI ACABADO;702927;PREDNISOLONA 20 MG COMPRIMIDO;1.000.000;600;010501;CELULOSE MIC.(TIPO102); 120,160 ;KG;;;
5702927;SEMI ACABADO;702927;PREDNISOLONA 20 MG COMPRIMIDO;1.000.000;600;010739;LACTOSE (50/70); 242,640 ;KG;;;
6702927;SEMI ACABADO;702927;PREDNISOLONA 20 MG COMPRIMIDO;1.000.000;600;014700;PREDNISOLONA (MICRONIZADA); 20,000 ;KG;;;
1702928;SEMI ACABADO;702928;DICLORIDRATO DE HIDROXIZINA 25MG COM;2.140.000;600;010311;ESTEARATO MAGNESIO; 3,745 ;KG;;;
2702928;SEMI ACABADO;702928;DICLORIDRATO DE HIDROXIZINA 25MG COM;2.140.000;600;010739;LACTOSE (50/70); 658,050 ;KG;;;
3702928;SEMI ACABADO;702928;DICLORIDRATO DE HIDROXIZINA 25MG COM;2.140.000;600;010953;TALCO; 3,745 ;KG;;;
4702928;SEMI ACABADO;702928;DICLORIDRATO DE HIDROXIZINA 25MG COM;2.140.000;600;011018;AMIDO DE MILHO PREGELATINIZADO; 22,470 ;KG;;;
5702928;SEMI ACABADO;702928;DICLORIDRATO DE HIDROXIZINA 25MG COM;2.140.000;600;011900;COPOVIDONA; 7,490 ;KG;;;
6702928;SEMI ACABADO;702928;DICLORIDRATO DE HIDROXIZINA 25MG COM;2.140.000;600;012483;DICLORIDRATO DE HIDROXIZINA; 53,500 ;KG;;;
1702929;SEMI ACABADO;702929;CLOR.DE CICLOBENZAPRINA 10MG COMP.REV.;2.000.000;600;010046;ALCOOL ETILICO; 150,000 ;KG;;;
2702929;SEMI ACABADO;702929;CLOR.DE CICLOBENZAPRINA 10MG COMP.REV.;2.000.000;600;010228;DIOXIDO TITANIO; 1,080 ;KG;;;
3702929;SEMI ACABADO;702929;CLOR.DE CICLOBENZAPRINA 10MG COMP.REV.;2.000.000;600;010311;ESTEARATO MAGNESIO; 7,200 ;KG;;;
4702929;SEMI ACABADO;702929;CLOR.DE CICLOBENZAPRINA 10MG COMP.REV.;2.000.000;600;010406;FOSFATO CALCIO TRIBASICO(TS 29 FLB); 40,000 ;KG;;;
5702929;SEMI ACABADO;702929;CLOR.DE CICLOBENZAPRINA 10MG COMP.REV.;2.000.000;600;010501;CELULOSE MIC.(TIPO102); 264,000 ;KG;;;
6702929;SEMI ACABADO;702929;CLOR.DE CICLOBENZAPRINA 10MG COMP.REV.;2.000.000;600;010720;CLORETO METILENO (D2)**; 36,000 ;KG;;;
7702929;SEMI ACABADO;702929;CLOR.DE CICLOBENZAPRINA 10MG COMP.REV.;2.000.000;600;010739;LACTOSE (50/70); 134,400 ;KG;;;
8702929;SEMI ACABADO;702929;CLOR.DE CICLOBENZAPRINA 10MG COMP.REV.;2.000.000;600;010923;CROSCARMELOSE SODICA; 14,400 ;KG;;;
9702929;SEMI ACABADO;702929;CLOR.DE CICLOBENZAPRINA 10MG COMP.REV.;2.000.000;600;010979;HPMC+PEG; 8,400 ;KG;;;
10702929;SEMI ACABADO;702929;CLOR.DE CICLOBENZAPRINA 10MG COMP.REV.;2.000.000;600;011050;OXIDO FERRO AMARELO; 0,840 ;KG;;;
11702929;SEMI ACABADO;702929;CLOR.DE CICLOBENZAPRINA 10MG COMP.REV.;2.000.000;600;012192;CLORIDRATO DE CICLOBENZAPRINA; 20,000 ;KG;;;
1702930;SEMI ACABADO;702930;OLANZAPINA (C1) 10MG COM REV ;250.000;600;010041;DIOXIDO SILICIO COLOIDAL ANIDRO; 1,250 ;KG;;;
2702930;SEMI ACABADO;702930;OLANZAPINA (C1) 10MG COM REV ;250.000;600;010311;ESTEARATO MAGNESIO; 0,500 ;KG;;;
3702930;SEMI ACABADO;702930;OLANZAPINA (C1) 10MG COM REV ;250.000;600;010501;CELULOSE MIC.(TIPO102); 12,000 ;KG;;;
4702930;SEMI ACABADO;702930;OLANZAPINA (C1) 10MG COM REV ;250.000;600;010859;LACTOSE (200); 37,500 ;KG;;;
5702930;SEMI ACABADO;702930;OLANZAPINA (C1) 10MG COM REV ;250.000;600;011020;CELULOSE MIC(TIPO 101); 40,000 ;KG;;;
6702930;SEMI ACABADO;702930;OLANZAPINA (C1) 10MG COM REV ;250.000;600;011032;ALC.POL.+DIOX.TIT.+PEG+TALCO; 5,000 ;KG;;;
7702930;SEMI ACABADO;702930;OLANZAPINA (C1) 10MG COM REV ;250.000;600;011693;POLOXAMER 407; 2,500 ;KG;;;
8702930;SEMI ACABADO;702930;OLANZAPINA (C1) 10MG COM REV ;250.000;600;012218;OLANZAPINA (C1); 2,500 ;KG;;;
9702930;SEMI ACABADO;702930;OLANZAPINA (C1) 10MG COM REV ;250.000;600;010553;CROSPOVIDONE; 3,750 ;KG;;;
1702931;SEMI ACABADO;702931;OLANZAPINA (C1) 5MG COM REV;500.000;600;010041;DIOXIDO SILICIO COLOIDAL ANIDRO; 1,250 ;KG;;;
2702931;SEMI ACABADO;702931;OLANZAPINA (C1) 5MG COM REV;500.000;600;010311;ESTEARATO MAGNESIO; 0,500 ;KG;;;
3702931;SEMI ACABADO;702931;OLANZAPINA (C1) 5MG COM REV;500.000;600;010501;CELULOSE MIC.(TIPO102); 12,000 ;KG;;;
4702931;SEMI ACABADO;702931;OLANZAPINA (C1) 5MG COM REV;500.000;600;010859;LACTOSE (200); 37,500 ;KG;;;
5702931;SEMI ACABADO;702931;OLANZAPINA (C1) 5MG COM REV;500.000;600;011020;CELULOSE MIC(TIPO 101); 40,000 ;KG;;;
6702931;SEMI ACABADO;702931;OLANZAPINA (C1) 5MG COM REV;500.000;600;011032;ALC.POL.+DIOX.TIT.+PEG+TALCO; 5,000 ;KG;;;
7702931;SEMI ACABADO;702931;OLANZAPINA (C1) 5MG COM REV;500.000;600;011693;POLOXAMER 407; 2,500 ;KG;;;
8702931;SEMI ACABADO;702931;OLANZAPINA (C1) 5MG COM REV;500.000;600;012218;OLANZAPINA (C1); 2,500 ;KG;;;
9702931;SEMI ACABADO;702931;OLANZAPINA (C1) 5MG COM REV;500.000;600;010553;CROSPOVIDONE; 3,750 ;KG;;;
1702932;SEMI ACABADO;702932;OLANZAPINA (C1) 2,5MG COM REV;600.000;600;010041;DIOXIDO SILICIO COLOIDAL ANIDRO; 0,750 ;KG;;;
2702932;SEMI ACABADO;702932;OLANZAPINA (C1) 2,5MG COM REV;600.000;600;010311;ESTEARATO MAGNESIO; 0,300 ;KG;;;
3702932;SEMI ACABADO;702932;OLANZAPINA (C1) 2,5MG COM REV;600.000;600;010501;CELULOSE MIC.(TIPO102); 7,200 ;KG;;;
4702932;SEMI ACABADO;702932;OLANZAPINA (C1) 2,5MG COM REV;600.000;600;010859;LACTOSE (200); 22,500 ;KG;;;
5702932;SEMI ACABADO;702932;OLANZAPINA (C1) 2,5MG COM REV;600.000;600;011020;CELULOSE MIC(TIPO 101); 24,000 ;KG;;;
6702932;SEMI ACABADO;702932;OLANZAPINA (C1) 2,5MG COM REV;600.000;600;011032;ALC.POL.+DIOX.TIT.+PEG+TALCO; 3,000 ;KG;;;
7702932;SEMI ACABADO;702932;OLANZAPINA (C1) 2,5MG COM REV;600.000;600;011693;POLOXAMER 407; 1,500 ;KG;;;
8702932;SEMI ACABADO;702932;OLANZAPINA (C1) 2,5MG COM REV;600.000;600;012218;OLANZAPINA (C1); 1,500 ;KG;;;
9702932;SEMI ACABADO;702932;OLANZAPINA (C1) 2,5MG COM REV;600.000;600;010553;CROSPOVIDONE; 2,250 ;KG;;;
1702934;SEMI ACABADO;702934;MESALAZINA 500MG COMP. LIB. PROLONGADA;500.000;600;011738;MESALAZINA; 139,082 ;KG;;;
2702934;SEMI ACABADO;702934;MESALAZINA 500MG COMP. LIB. PROLONGADA;500.000;600;012532;HPMC ( METHOCEL K100 LV); 16,134 ;KG;;;
3702934;SEMI ACABADO;702934;MESALAZINA 500MG COMP. LIB. PROLONGADA;500.000;600;010046;ALCOOL ETILICO; 44,612 ;KG;;;
4702934;SEMI ACABADO;702934;MESALAZINA 500MG COMP. LIB. PROLONGADA;500.000;600;010071;CELULOSE MIC (TIPO200); 42,976 ;KG;;;
5702934;SEMI ACABADO;702934;MESALAZINA 500MG COMP. LIB. PROLONGADA;500.000;600;010311;ESTEARATO MAGNESIO; 1,808 ;KG;;;
1702937;SEMI ACABADO;702937;SINVASTATINA 10MG COMPRIMIDOS REVESTIDOS;1.800.000;600;010018;ACIDO CITRICO ANIDRO; 1,440 ;KG;;;
2702937;SEMI ACABADO;702937;SINVASTATINA 10MG COMPRIMIDOS REVESTIDOS;1.800.000;600;010041;DIOXIDO SILICIO COLOIDAL ANIDRO; 2,790 ;KG;;;
3702937;SEMI ACABADO;702937;SINVASTATINA 10MG COMPRIMIDOS REVESTIDOS;1.800.000;600;010046;ALCOOL ETILICO; 126,846 ;KG;;;
4702937;SEMI ACABADO;702937;SINVASTATINA 10MG COMPRIMIDOS REVESTIDOS;1.800.000;600;010071;CELULOSE MIC (TIPO200); 28,854 ;KG;;;
5702937;SEMI ACABADO;702937;SINVASTATINA 10MG COMPRIMIDOS REVESTIDOS;1.800.000;600;010088;BUTILHIDROXITOLUENO(BHT); 0,036 ;KG;;;
6702937;SEMI ACABADO;702937;SINVASTATINA 10MG COMPRIMIDOS REVESTIDOS;1.800.000;600;010228;DIOXIDO TITANIO; 0,288 ;KG;;;
7702937;SEMI ACABADO;702937;SINVASTATINA 10MG COMPRIMIDOS REVESTIDOS;1.800.000;600;010686;VIT C-CRISTAIS INJUSP(AC ASCORBICO); 2,880 ;KG;;;
8702937;SEMI ACABADO;702937;SINVASTATINA 10MG COMPRIMIDOS REVESTIDOS;1.800.000;600;010739;LACTOSE (50/70); 100,800 ;KG;;;
9702937;SEMI ACABADO;702937;SINVASTATINA 10MG COMPRIMIDOS REVESTIDOS;1.800.000;600;010877;ACIDO ESTEARICO VEGETAL(MICRONIZADO); 3,600 ;KG;;;
10702937;SEMI ACABADO;702937;SINVASTATINA 10MG COMPRIMIDOS REVESTIDOS;1.800.000;600;010923;CROSCARMELOSE SODICA; 3,600 ;KG;;;
11702937;SEMI ACABADO;702937;SINVASTATINA 10MG COMPRIMIDOS REVESTIDOS;1.800.000;600;010978;ETILCELULOSE 10 CPS(ETHOCEL 10 CPS); 2,880 ;KG;;;
12702937;SEMI ACABADO;702937;SINVASTATINA 10MG COMPRIMIDOS REVESTIDOS;1.800.000;600;010979;HPMC+PEG; 7,794 ;KG;;;
13702937;SEMI ACABADO;702937;SINVASTATINA 10MG COMPRIMIDOS REVESTIDOS;1.800.000;600;011018;AMIDO DE MILHO PREGELATINIZADO; 12,600 ;KG;;;
14702937;SEMI ACABADO;702937;SINVASTATINA 10MG COMPRIMIDOS REVESTIDOS;1.800.000;600;011049;OXIDO DE FERRO VERM(USP REF.33.8075); 0,180 ;KG;;;
15702937;SEMI ACABADO;702937;SINVASTATINA 10MG COMPRIMIDOS REVESTIDOS;1.800.000;600;011050;OXIDO FERRO AMARELO; 0,072 ;KG;;;
16702937;SEMI ACABADO;702937;SINVASTATINA 10MG COMPRIMIDOS REVESTIDOS;1.800.000;600;011105;SINVASTATINA (MICRONIZADA); 18,000 ;KG;;;
17702937;SEMI ACABADO;702937;SINVASTATINA 10MG COMPRIMIDOS REVESTIDOS;1.800.000;600;011900;COPOVIDONA; 5,400 ;KG;;;
1702938;SEMI ACABADO;702938;SINVASTATINA 20MG COMPRIMIDOS REVESTIDOS;1.500.000;600;010018;ACIDO CITRICO ANIDRO; 2,400 ;KG;;;
2702938;SEMI ACABADO;702938;SINVASTATINA 20MG COMPRIMIDOS REVESTIDOS;1.500.000;600;010041;DIOXIDO SILICIO COLOIDAL ANIDRO; 4,650 ;KG;;;
3702938;SEMI ACABADO;702938;SINVASTATINA 20MG COMPRIMIDOS REVESTIDOS;1.500.000;600;010046;ALCOOL ETILICO; 210,195 ;KG;;;
4702938;SEMI ACABADO;702938;SINVASTATINA 20MG COMPRIMIDOS REVESTIDOS;1.500.000;600;010071;CELULOSE MIC (TIPO200); 48,090 ;KG;;;
5702938;SEMI ACABADO;702938;SINVASTATINA 20MG COMPRIMIDOS REVESTIDOS;1.500.000;600;010088;BUTILHIDROXITOLUENO(BHT); 0,060 ;KG;;;
6702938;SEMI ACABADO;702938;SINVASTATINA 20MG COMPRIMIDOS REVESTIDOS;1.500.000;600;010228;DIOXIDO TITANIO; 0,490 ;KG;;;
7702938;SEMI ACABADO;702938;SINVASTATINA 20MG COMPRIMIDOS REVESTIDOS;1.500.000;600;010686;VIT C-CRISTAIS INJUSP(AC ASCORBICO); 4,800 ;KG;;;
8702938;SEMI ACABADO;702938;SINVASTATINA 20MG COMPRIMIDOS REVESTIDOS;1.500.000;600;010739;LACTOSE (50/70); 168,000 ;KG;;;
9702938;SEMI ACABADO;702938;SINVASTATINA 20MG COMPRIMIDOS REVESTIDOS;1.500.000;600;010877;ACIDO ESTEARICO VEGETAL(MICRONIZADO); 6,000 ;KG;;;
10702938;SEMI ACABADO;702938;SINVASTATINA 20MG COMPRIMIDOS REVESTIDOS;1.500.000;600;010923;CROSCARMELOSE SODICA; 6,000 ;KG;;;
11702938;SEMI ACABADO;702938;SINVASTATINA 20MG COMPRIMIDOS REVESTIDOS;1.500.000;600;010978;ETILCELULOSE 10 CPS(ETHOCEL 10 CPS); 4,800 ;KG;;;
12702938;SEMI ACABADO;702938;SINVASTATINA 20MG COMPRIMIDOS REVESTIDOS;1.500.000;600;010979;HPMC+PEG; 12,980 ;KG;;;
13702938;SEMI ACABADO;702938;SINVASTATINA 20MG COMPRIMIDOS REVESTIDOS;1.500.000;600;011018;AMIDO DE MILHO PREGELATINIZADO; 21,000 ;KG;;;
14702938;SEMI ACABADO;702938;SINVASTATINA 20MG COMPRIMIDOS REVESTIDOS;1.500.000;600;011049;OXIDO DE FERRO VERM(USP REF.33.8075); 0,300 ;KG;;;
15702938;SEMI ACABADO;702938;SINVASTATINA 20MG COMPRIMIDOS REVESTIDOS;1.500.000;600;011050;OXIDO FERRO AMARELO; 0,110 ;KG;;;
16702938;SEMI ACABADO;702938;SINVASTATINA 20MG COMPRIMIDOS REVESTIDOS;1.500.000;600;011105;SINVASTATINA (MICRONIZADA); 30,000 ;KG;;;
17702938;SEMI ACABADO;702938;SINVASTATINA 20MG COMPRIMIDOS REVESTIDOS;1.500.000;600;011900;COPOVIDONA; 9,000 ;KG;;;
1702939;SEMI ACABADO;702939;SINVASTATINA 40MG COMPRIMIDOS REVESTIDOS;750.000;600;010018;ACIDO CITRICO ANIDRO; 2,400 ;KG;;;
2702939;SEMI ACABADO;702939;SINVASTATINA 40MG COMPRIMIDOS REVESTIDOS;750.000;600;010041;DIOXIDO SILICIO COLOIDAL ANIDRO; 4,650 ;KG;;;
3702939;SEMI ACABADO;702939;SINVASTATINA 40MG COMPRIMIDOS REVESTIDOS;750.000;600;010046;ALCOOL ETILICO; 210,195 ;KG;;;
4702939;SEMI ACABADO;702939;SINVASTATINA 40MG COMPRIMIDOS REVESTIDOS;750.000;600;010071;CELULOSE MIC (TIPO200); 48,090 ;KG;;;
5702939;SEMI ACABADO;702939;SINVASTATINA 40MG COMPRIMIDOS REVESTIDOS;750.000;600;010088;BUTILHIDROXITOLUENO(BHT); 0,060 ;KG;;;
6702939;SEMI ACABADO;702939;SINVASTATINA 40MG COMPRIMIDOS REVESTIDOS;750.000;600;010228;DIOXIDO TITANIO; 0,490 ;KG;;;
7702939;SEMI ACABADO;702939;SINVASTATINA 40MG COMPRIMIDOS REVESTIDOS;750.000;600;010686;VIT C-CRISTAIS INJUSP(AC ASCORBICO); 4,800 ;KG;;;
8702939;SEMI ACABADO;702939;SINVASTATINA 40MG COMPRIMIDOS REVESTIDOS;750.000;600;010739;LACTOSE (50/70); 168,000 ;KG;;;
9702939;SEMI ACABADO;702939;SINVASTATINA 40MG COMPRIMIDOS REVESTIDOS;750.000;600;010877;ACIDO ESTEARICO VEGETAL(MICRONIZADO); 6,000 ;KG;;;
10702939;SEMI ACABADO;702939;SINVASTATINA 40MG COMPRIMIDOS REVESTIDOS;750.000;600;010923;CROSCARMELOSE SODICA; 6,000 ;KG;;;
11702939;SEMI ACABADO;702939;SINVASTATINA 40MG COMPRIMIDOS REVESTIDOS;750.000;600;010978;ETILCELULOSE 10 CPS(ETHOCEL 10 CPS); 4,800 ;KG;;;
12702939;SEMI ACABADO;702939;SINVASTATINA 40MG COMPRIMIDOS REVESTIDOS;750.000;600;010979;HPMC+PEG; 12,980 ;KG;;;
13702939;SEMI ACABADO;702939;SINVASTATINA 40MG COMPRIMIDOS REVESTIDOS;750.000;600;011018;AMIDO DE MILHO PREGELATINIZADO; 21,000 ;KG;;;
14702939;SEMI ACABADO;702939;SINVASTATINA 40MG COMPRIMIDOS REVESTIDOS;750.000;600;011049;OXIDO DE FERRO VERM(USP REF.33.8075); 0,300 ;KG;;;
15702939;SEMI ACABADO;702939;SINVASTATINA 40MG COMPRIMIDOS REVESTIDOS;750.000;600;011050;OXIDO FERRO AMARELO; 0,110 ;KG;;;
16702939;SEMI ACABADO;702939;SINVASTATINA 40MG COMPRIMIDOS REVESTIDOS;750.000;600;011105;SINVASTATINA (MICRONIZADA); 30,000 ;KG;;;
17702939;SEMI ACABADO;702939;SINVASTATINA 40MG COMPRIMIDOS REVESTIDOS;750.000;600;011900;COPOVIDONA; 9,000 ;KG;;;
1702943;SEMI ACABADO;702943;CITRATO DE SILDENAFILA 25MG COMP. REV.;460.000;600;010041;DIOXIDO SILICIO COLOIDAL ANIDRO; 0,966 ;KG;;;
2702943;SEMI ACABADO;702943;CITRATO DE SILDENAFILA 25MG COMP. REV.;460.000;600;010046;ALCOOL ETILICO; 27,370 ;KG;;;
3702943;SEMI ACABADO;702943;CITRATO DE SILDENAFILA 25MG COMP. REV.;460.000;600;010228;DIOXIDO TITANIO; 0,587 ;KG;;;
4702943;SEMI ACABADO;702943;CITRATO DE SILDENAFILA 25MG COMP. REV.;460.000;600;010311;ESTEARATO MAGNESIO; 0,969 ;KG;;;
5702943;SEMI ACABADO;702943;CITRATO DE SILDENAFILA 25MG COMP. REV.;460.000;600;010739;LACTOSE (50/70); 9,660 ;KG;;;
6702943;SEMI ACABADO;702943;CITRATO DE SILDENAFILA 25MG COMP. REV.;460.000;600;010885;COR ALUM LACA AZUL1; 0,281 ;KG;;;
7702943;SEMI ACABADO;702943;CITRATO DE SILDENAFILA 25MG COMP. REV.;460.000;600;010923;CROSCARMELOSE SODICA; 2,818 ;KG;;;
8702943;SEMI ACABADO;702943;CITRATO DE SILDENAFILA 25MG COMP. REV.;460.000;600;010979;HPMC+PEG; 1,794 ;KG;;;
9702943;SEMI ACABADO;702943;CITRATO DE SILDENAFILA 25MG COMP. REV.;460.000;600;011531;CITRATO SILDENAFILA; 16,155 ;KG;;;
10702943;SEMI ACABADO;702943;CITRATO DE SILDENAFILA 25MG COMP. REV.;460.000;600;012459;CELULOSE MICROCRISTALINA (TIPO 302); 49,932 ;KG;;;
1702944;SEMI ACABADO;702944;CITRATO DE SILDENAFILA 50MG COMP. REV.;400.000;600;010041;DIOXIDO SILICIO COLOIDAL ANIDRO; 1,680 ;KG;;;
2702944;SEMI ACABADO;702944;CITRATO DE SILDENAFILA 50MG COMP. REV.;400.000;600;010046;ALCOOL ETILICO; 47,600 ;KG;;;
3702944;SEMI ACABADO;702944;CITRATO DE SILDENAFILA 50MG COMP. REV.;400.000;600;010228;DIOXIDO TITANIO; 1,020 ;KG;;;
4702944;SEMI ACABADO;702944;CITRATO DE SILDENAFILA 50MG COMP. REV.;400.000;600;010311;ESTEARATO MAGNESIO; 1,684 ;KG;;;
5702944;SEMI ACABADO;702944;CITRATO DE SILDENAFILA 50MG COMP. REV.;400.000;600;010739;LACTOSE (50/70); 16,800 ;KG;;;
6702944;SEMI ACABADO;702944;CITRATO DE SILDENAFILA 50MG COMP. REV.;400.000;600;010885;COR ALUM LACA AZUL1; 0,484 ;KG;;;
7702944;SEMI ACABADO;702944;CITRATO DE SILDENAFILA 50MG COMP. REV.;400.000;600;010923;CROSCARMELOSE SODICA; 4,900 ;KG;;;
8702944;SEMI ACABADO;702944;CITRATO DE SILDENAFILA 50MG COMP. REV.;400.000;600;010979;HPMC+PEG; 3,120 ;KG;;;
9702944;SEMI ACABADO;702944;CITRATO DE SILDENAFILA 50MG COMP. REV.;400.000;600;011531;CITRATO SILDENAFILA; 28,096 ;KG;;;
10702944;SEMI ACABADO;702944;CITRATO DE SILDENAFILA 50MG COMP. REV.;400.000;600;012459;CELULOSE MICROCRISTALINA (TIPO 302); 86,840 ;KG;;;
1702947;SEMI ACABADO;702947;ROSUVASTATINA CALCICA 10MG COMP. REV.;3.000.000;600;010553;CROSPOVIDONE; 22,500 ;KG;;;
2702947;SEMI ACABADO;702947;ROSUVASTATINA CALCICA 10MG COMP. REV.;3.000.000;600;010228;DIOXIDO TITANIO; 2,220 ;KG;;;
3702947;SEMI ACABADO;702947;ROSUVASTATINA CALCICA 10MG COMP. REV.;3.000.000;600;010311;ESTEARATO MAGNESIO; 5,625 ;KG;;;
4702947;SEMI ACABADO;702947;ROSUVASTATINA CALCICA 10MG COMP. REV.;3.000.000;600;010409;FOSFATO SODIO DIBASICO ANIDRO; 45,000 ;KG;;;
5702947;SEMI ACABADO;702947;ROSUVASTATINA CALCICA 10MG COMP. REV.;3.000.000;600;010501;CELULOSE MIC.(TIPO102); 54,000 ;KG;;;
6702947;SEMI ACABADO;702947;ROSUVASTATINA CALCICA 10MG COMP. REV.;3.000.000;600;010739;LACTOSE (50/70); 291,675 ;KG;;;
7702947;SEMI ACABADO;702947;ROSUVASTATINA CALCICA 10MG COMP. REV.;3.000.000;600;010979;HPMC+PEG; 6,750 ;KG;;;
8702947;SEMI ACABADO;702947;ROSUVASTATINA CALCICA 10MG COMP. REV.;3.000.000;600;011049;OXIDO DE FERRO VERM(USP REF.33.8075); 0,060 ;KG;;;
9702947;SEMI ACABADO;702947;ROSUVASTATINA CALCICA 10MG COMP. REV.;3.000.000;600;011050;OXIDO FERRO AMARELO; 0,030 ;KG;;;
10702947;SEMI ACABADO;702947;ROSUVASTATINA CALCICA 10MG COMP. REV.;3.000.000;600;011776;ROSUVASTATINA; 31,200 ;KG;;;
1702948;SEMI ACABADO;702948;CLORIDRATO DE PIOGLITAZONA 45MG COMP.;250.000;600;010311;ESTEARATO MAGNESIO; 0,180 ;KG;;;
2702948;SEMI ACABADO;702948;CLORIDRATO DE PIOGLITAZONA 45MG COMP.;250.000;600;010331;GLICOLATO AMIDO SODICO; 0,675 ;KG;;;
3702948;SEMI ACABADO;702948;CLORIDRATO DE PIOGLITAZONA 45MG COMP.;250.000;600;010859;LACTOSE (200); 25,669 ;KG;;;
4702948;SEMI ACABADO;702948;CLORIDRATO DE PIOGLITAZONA 45MG COMP.;250.000;600;010923;CROSCARMELOSE SODICA; 4,500 ;KG;;;
5702948;SEMI ACABADO;702948;CLORIDRATO DE PIOGLITAZONA 45MG COMP.;250.000;600;011726;HIDROXIPROPILCELULOSE EF; 1,575 ;KG;;;
6702948;SEMI ACABADO;702948;CLORIDRATO DE PIOGLITAZONA 45MG COMP.;250.000;600;012234;CLOR.PIOGLITAZONA; 12,401 ;KG;;;
1702959;SEMI ACABADO;702959;CITRATO DE SILDENAFILA 100MG COMP. REV.;115.000;600;010041;DIOXIDO SILICIO COLOIDAL ANIDRO; 0,966 ;KG;;;
2702959;SEMI ACABADO;702959;CITRATO DE SILDENAFILA 100MG COMP. REV.;115.000;600;010046;ALCOOL ETILICO; 27,370 ;KG;;;
3702959;SEMI ACABADO;702959;CITRATO DE SILDENAFILA 100MG COMP. REV.;115.000;600;010228;DIOXIDO TITANIO; 0,587 ;KG;;;
4702959;SEMI ACABADO;702959;CITRATO DE SILDENAFILA 100MG COMP. REV.;115.000;600;010311;ESTEARATO MAGNESIO; 0,969 ;KG;;;
5702959;SEMI ACABADO;702959;CITRATO DE SILDENAFILA 100MG COMP. REV.;115.000;600;010739;LACTOSE (50/70); 9,660 ;KG;;;
6702959;SEMI ACABADO;702959;CITRATO DE SILDENAFILA 100MG COMP. REV.;115.000;600;010885;COR ALUM LACA AZUL1; 0,278 ;KG;;;
7702959;SEMI ACABADO;702959;CITRATO DE SILDENAFILA 100MG COMP. REV.;115.000;600;010923;CROSCARMELOSE SODICA; 2,818 ;KG;;;
8702959;SEMI ACABADO;702959;CITRATO DE SILDENAFILA 100MG COMP. REV.;115.000;600;010979;HPMC+PEG; 1,794 ;KG;;;
9702959;SEMI ACABADO;702959;CITRATO DE SILDENAFILA 100MG COMP. REV.;115.000;600;011531;CITRATO SILDENAFILA; 16,155 ;KG;;;
10702959;SEMI ACABADO;702959;CITRATO DE SILDENAFILA 100MG COMP. REV.;115.000;600;012459;CELULOSE MICROCRISTALINA (TIPO 302); 49,932 ;KG;;;
1702960;SEMI ACABADO;702960;CLOR. MOXIFLOXACINO 400MG COM REV;100.000;600;010047;ALCOOL ISOPROPILICO(ISOPROPANOL); 33,190 ;KG;;;
2702960;SEMI ACABADO;702960;CLOR. MOXIFLOXACINO 400MG COM REV;100.000;600;010071;CELULOSE MIC (TIPO200); 15,863 ;KG;;;
3702960;SEMI ACABADO;702960;CLOR. MOXIFLOXACINO 400MG COM REV;100.000;600;010228;DIOXIDO TITANIO; 0,675 ;KG;;;
4702960;SEMI ACABADO;702960;CLOR. MOXIFLOXACINO 400MG COM REV;100.000;600;010311;ESTEARATO MAGNESIO; 0,750 ;KG;;;
5702960;SEMI ACABADO;702960;CLOR. MOXIFLOXACINO 400MG COM REV;100.000;600;010483;MANITOL; 8,753 ;KG;;;
6702960;SEMI ACABADO;702960;CLOR. MOXIFLOXACINO 400MG COM REV;100.000;600;010720;CLORETO METILENO (D2)**; 22,757 ;KG;;;
7702960;SEMI ACABADO;702960;CLOR. MOXIFLOXACINO 400MG COM REV;100.000;600;010923;CROSCARMELOSE SODICA; 3,750 ;KG;;;
8702960;SEMI ACABADO;702960;CLOR. MOXIFLOXACINO 400MG COM REV;100.000;600;010964;POVIDONA K29-32; 2,250 ;KG;;;
9702960;SEMI ACABADO;702960;CLOR. MOXIFLOXACINO 400MG COM REV;100.000;600;010979;HPMC+PEG; 2,250 ;KG;;;
10702960;SEMI ACABADO;702960;CLOR. MOXIFLOXACINO 400MG COM REV;100.000;600;011049;OXIDO DE FERRO VERM(USP REF.33.8075); 0,071 ;KG;;;
11702960;SEMI ACABADO;702960;CLOR. MOXIFLOXACINO 400MG COM REV;100.000;600;012211;CLORIDRATO DE MOXIFLOXACINO; 43,634 ;KG;;;
1702962;SEMI ACABADO;702962;HEMIFUM. QUETIAPINA 300MG COMP. REV.(C1);500.000;600;010228;DIOXIDO TITANIO; 3,330 ;KG;;;
2702962;SEMI ACABADO;702962;HEMIFUM. QUETIAPINA 300MG COMP. REV.(C1);500.000;600;010311;ESTEARATO MAGNESIO; 6,000 ;KG;;;
3702962;SEMI ACABADO;702962;HEMIFUM. QUETIAPINA 300MG COMP. REV.(C1);500.000;600;010331;GLICOLATO AMIDO SODICO; 29,250 ;KG;;;
4702962;SEMI ACABADO;702962;HEMIFUM. QUETIAPINA 300MG COMP. REV.(C1);500.000;600;010501;CELULOSE MIC.(TIPO102); 15,000 ;KG;;;
5702962;SEMI ACABADO;702962;HEMIFUM. QUETIAPINA 300MG COMP. REV.(C1);500.000;600;010709;PEG 4000(CARBOWAX 4000); 3,000 ;KG;;;
6702962;SEMI ACABADO;702962;HEMIFUM. QUETIAPINA 300MG COMP. REV.(C1);500.000;600;010731;FOSF.CAL.DIB.(COMPDIRETA); 15,560 ;KG;;;
7702962;SEMI ACABADO;702962;HEMIFUM. QUETIAPINA 300MG COMP. REV.(C1);500.000;600;010859;LACTOSE (200); 51,000 ;KG;;;
8702962;SEMI ACABADO;702962;HEMIFUM. QUETIAPINA 300MG COMP. REV.(C1);500.000;600;010964;POVIDONA K29-32; 24,000 ;KG;;;
9702962;SEMI ACABADO;702962;HEMIFUM. QUETIAPINA 300MG COMP. REV.(C1);500.000;600;011020;CELULOSE MIC(TIPO 101); 61,500 ;KG;;;
10702962;SEMI ACABADO;702962;HEMIFUM. QUETIAPINA 300MG COMP. REV.(C1);500.000;600;011723;HIDROXIPROPILMETILCELULOSE E-5; 6,000 ;KG;;;
11702962;SEMI ACABADO;702962;HEMIFUM. QUETIAPINA 300MG COMP. REV.(C1);500.000;600;012228;HEMIFUMARATO QUETIAPINA(C1)(111974-72-2); 172,700 ;KG;;;
1702963;SEMI ACABADO;702963;HEMIFUM. QUETIAPINA 200MG COMP. REV.(C1);300.000;600;010228;DIOXIDO TITANIO; 1,200 ;KG;;;
2702963;SEMI ACABADO;702963;HEMIFUM. QUETIAPINA 200MG COMP. REV.(C1);300.000;600;010311;ESTEARATO MAGNESIO; 2,400 ;KG;;;
3702963;SEMI ACABADO;702963;HEMIFUM. QUETIAPINA 200MG COMP. REV.(C1);300.000;600;010331;GLICOLATO AMIDO SODICO; 11,700 ;KG;;;
4702963;SEMI ACABADO;702963;HEMIFUM. QUETIAPINA 200MG COMP. REV.(C1);300.000;600;010501;CELULOSE MIC.(TIPO102); 6,000 ;KG;;;
5702963;SEMI ACABADO;702963;HEMIFUM. QUETIAPINA 200MG COMP. REV.(C1);300.000;600;010709;PEG 4000(CARBOWAX 4000); 1,200 ;KG;;;
6702963;SEMI ACABADO;702963;HEMIFUM. QUETIAPINA 200MG COMP. REV.(C1);300.000;600;010731;FOSF.CAL.DIB.(COMPDIRETA); 6,222 ;KG;;;
7702963;SEMI ACABADO;702963;HEMIFUM. QUETIAPINA 200MG COMP. REV.(C1);300.000;600;010859;LACTOSE (200); 20,400 ;KG;;;
8702963;SEMI ACABADO;702963;HEMIFUM. QUETIAPINA 200MG COMP. REV.(C1);300.000;600;010964;POVIDONA K29-32; 9,600 ;KG;;;
9702963;SEMI ACABADO;702963;HEMIFUM. QUETIAPINA 200MG COMP. REV.(C1);300.000;600;011020;CELULOSE MIC(TIPO 101); 24,600 ;KG;;;
10702963;SEMI ACABADO;702963;HEMIFUM. QUETIAPINA 200MG COMP. REV.(C1);300.000;600;011723;HIDROXIPROPILMETILCELULOSE E-5; 2,400 ;KG;;;
11702963;SEMI ACABADO;702963;HEMIFUM. QUETIAPINA 200MG COMP. REV.(C1);300.000;600;012228;HEMIFUMARATO QUETIAPINA(C1)(111974-72-2); 69,078 ;KG;;;
1702964;SEMI ACABADO;702964;HEMIFUM. QUETIAPINA 100MG COMP.REV.(C1);800.000;600;010228;DIOXIDO TITANIO; 1,776 ;KG;;;
2702964;SEMI ACABADO;702964;HEMIFUM. QUETIAPINA 100MG COMP.REV.(C1);800.000;600;010311;ESTEARATO MAGNESIO; 3,200 ;KG;;;
3702964;SEMI ACABADO;702964;HEMIFUM. QUETIAPINA 100MG COMP.REV.(C1);800.000;600;010331;GLICOLATO AMIDO SODICO; 15,600 ;KG;;;
4702964;SEMI ACABADO;702964;HEMIFUM. QUETIAPINA 100MG COMP.REV.(C1);800.000;600;010501;CELULOSE MIC.(TIPO102); 8,000 ;KG;;;
5702964;SEMI ACABADO;702964;HEMIFUM. QUETIAPINA 100MG COMP.REV.(C1);800.000;600;010709;PEG 4000(CARBOWAX 4000); 1,600 ;KG;;;
6702964;SEMI ACABADO;702964;HEMIFUM. QUETIAPINA 100MG COMP.REV.(C1);800.000;600;010731;FOSF.CAL.DIB.(COMPDIRETA); 8,296 ;KG;;;
7702964;SEMI ACABADO;702964;HEMIFUM. QUETIAPINA 100MG COMP.REV.(C1);800.000;600;010859;LACTOSE (200); 27,200 ;KG;;;
8702964;SEMI ACABADO;702964;HEMIFUM. QUETIAPINA 100MG COMP.REV.(C1);800.000;600;010964;POVIDONA K29-32; 12,800 ;KG;;;
9702964;SEMI ACABADO;702964;HEMIFUM. QUETIAPINA 100MG COMP.REV.(C1);800.000;600;011020;CELULOSE MIC(TIPO 101); 32,800 ;KG;;;
10702964;SEMI ACABADO;702964;HEMIFUM. QUETIAPINA 100MG COMP.REV.(C1);800.000;600;011050;OXIDO FERRO AMARELO; 1,424 ;KG;;;
11702964;SEMI ACABADO;702964;HEMIFUM. QUETIAPINA 100MG COMP.REV.(C1);800.000;600;011723;HIDROXIPROPILMETILCELULOSE E-5; 3,200 ;KG;;;
12702964;SEMI ACABADO;702964;HEMIFUM. QUETIAPINA 100MG COMP.REV.(C1);800.000;600;012228;HEMIFUMARATO QUETIAPINA(C1)(111974-72-2); 92,104 ;KG;;;
1702965;SEMI ACABADO;702965;HEMIFUM. QUETIAPINA 25MG COM REV(C1);4.000.000;600;010228;DIOXIDO TITANIO; 3,680 ;KG;;;
2702965;SEMI ACABADO;702965;HEMIFUM. QUETIAPINA 25MG COM REV(C1);4.000.000;600;010311;ESTEARATO MAGNESIO; 4,000 ;KG;;;
3702965;SEMI ACABADO;702965;HEMIFUM. QUETIAPINA 25MG COM REV(C1);4.000.000;600;010331;GLICOLATO AMIDO SODICO; 4,520 ;KG;;;
4702965;SEMI ACABADO;702965;HEMIFUM. QUETIAPINA 25MG COM REV(C1);4.000.000;600;010331;GLICOLATO AMIDO SODICO; 15,000 ;KG;;;
5702965;SEMI ACABADO;702965;HEMIFUM. QUETIAPINA 25MG COM REV(C1);4.000.000;600;010501;CELULOSE MIC.(TIPO102); 10,000 ;KG;;;
6702965;SEMI ACABADO;702965;HEMIFUM. QUETIAPINA 25MG COM REV(C1);4.000.000;600;010709;PEG 4000(CARBOWAX 4000); 2,000 ;KG;;;
7702965;SEMI ACABADO;702965;HEMIFUM. QUETIAPINA 25MG COM REV(C1);4.000.000;600;010731;FOSF.CAL.DIB.(COMPDIRETA); 10,360 ;KG;;;
8702965;SEMI ACABADO;702965;HEMIFUM. QUETIAPINA 25MG COM REV(C1);4.000.000;600;010859;LACTOSE (200); 34,000 ;KG;;;
9702965;SEMI ACABADO;702965;HEMIFUM. QUETIAPINA 25MG COM REV(C1);4.000.000;600;010964;POVIDONA K29-32; 8,000 ;KG;;;
10702965;SEMI ACABADO;702965;HEMIFUM. QUETIAPINA 25MG COM REV(C1);4.000.000;600;010964;POVIDONA K29-32; 8,000 ;KG;;;
11702965;SEMI ACABADO;702965;HEMIFUM. QUETIAPINA 25MG COM REV(C1);4.000.000;600;011020;CELULOSE MIC(TIPO 101); 41,000 ;KG;;;
12702965;SEMI ACABADO;702965;HEMIFUM. QUETIAPINA 25MG COM REV(C1);4.000.000;600;011049;OXIDO DE FERRO VERM(USP REF.33.8075); 0,120 ;KG;;;
13702965;SEMI ACABADO;702965;HEMIFUM. QUETIAPINA 25MG COM REV(C1);4.000.000;600;011050;OXIDO FERRO AMARELO; 0,160 ;KG;;;
14702965;SEMI ACABADO;702965;HEMIFUM. QUETIAPINA 25MG COM REV(C1);4.000.000;600;011723;HIDROXIPROPILMETILCELULOSE E-5; 4,000 ;KG;;;
15702965;SEMI ACABADO;702965;HEMIFUM. QUETIAPINA 25MG COM REV(C1);4.000.000;600;012228;HEMIFUMARATO QUETIAPINA(C1)(111974-72-2); 115,120 ;KG;;;
1702972;SEMI ACABADO;702972;DICLOFENACO SODICO 50MG COMP. REV.;1.600.000;600;010041;DIOXIDO SILICIO COLOIDAL ANIDRO; 3,040 ;KG;;;
2702972;SEMI ACABADO;702972;DICLOFENACO SODICO 50MG COMP. REV.;1.600.000;600;010174;COR ALUM LACA AMARELO CREPUSCULO 6; 0,261 ;KG;;;
3702972;SEMI ACABADO;702972;DICLOFENACO SODICO 50MG COMP. REV.;1.600.000;600;010221;DICLOFENACO SODICO(FREE BROMIDE100%); 80,000 ;KG;;;
4702972;SEMI ACABADO;702972;DICLOFENACO SODICO 50MG COMP. REV.;1.600.000;600;010228;DIOXIDO TITANIO; 1,250 ;KG;;;
5702972;SEMI ACABADO;702972;DICLOFENACO SODICO 50MG COMP. REV.;1.600.000;600;010311;ESTEARATO MAGNESIO; 8,000 ;KG;;;
6702972;SEMI ACABADO;702972;DICLOFENACO SODICO 50MG COMP. REV.;1.600.000;600;010331;GLICOLATO AMIDO SODICO; 10,000 ;KG;;;
7702972;SEMI ACABADO;702972;DICLOFENACO SODICO 50MG COMP. REV.;1.600.000;600;010451;HIDROXIDO SODIO; 0,240 ;KG;;;
8702972;SEMI ACABADO;702972;DICLOFENACO SODICO 50MG COMP. REV.;1.600.000;600;010501;CELULOSE MIC.(TIPO102); 58,960 ;KG;;;
9702972;SEMI ACABADO;702972;DICLOFENACO SODICO 50MG COMP. REV.;1.600.000;600;010588;SIMETICONA; 0,341 ;KG;;;
10702972;SEMI ACABADO;702972;DICLOFENACO SODICO 50MG COMP. REV.;1.600.000;600;010669;POLISSORBATO 80(TWEEN 80); 1,621 ;KG;;;
11702972;SEMI ACABADO;702972;DICLOFENACO SODICO 50MG COMP. REV.;1.600.000;600;010731;FOSF.CAL.DIB.(COMPDIRETA); 16,000 ;KG;;;
12702972;SEMI ACABADO;702972;DICLOFENACO SODICO 50MG COMP. REV.;1.600.000;600;010739;LACTOSE (50/70); 224,000 ;KG;;;
13702972;SEMI ACABADO;702972;DICLOFENACO SODICO 50MG COMP. REV.;1.600.000;600;010979;HPMC+PEG; 12,000 ;KG;;;
14702972;SEMI ACABADO;702972;DICLOFENACO SODICO 50MG COMP. REV.;1.600.000;600;011050;OXIDO FERRO AMARELO; 0,501 ;KG;;;
15702972;SEMI ACABADO;702972;DICLOFENACO SODICO 50MG COMP. REV.;1.600.000;600;011683;POL.ANI.AC.METACRIL.(EUDRAGIT L30D); 123,400 ;KG;;;
16702972;SEMI ACABADO;702972;DICLOFENACO SODICO 50MG COMP. REV.;1.600.000;600;011684;TRIETILCITRATO; 3,720 ;KG;;;
1702981;SEMI ACABADO;702981;CLOR. PAROXETINA (C1) 20MG COM REV;600.000;600;010311;ESTEARATO MAGNESIO; 2,100 ;KG;;;
2702981;SEMI ACABADO;702981;CLOR. PAROXETINA (C1) 20MG COM REV;600.000;600;010331;GLICOLATO AMIDO SODICO; 3,570 ;KG;;;
3702981;SEMI ACABADO;702981;CLOR. PAROXETINA (C1) 20MG COM REV;600.000;600;010731;FOSF.CAL.DIB.(COMPDIRETA); 190,674 ;KG;;;
4702981;SEMI ACABADO;702981;CLOR. PAROXETINA (C1) 20MG COM REV;600.000;600;011436;CLOR.PAROXETINA HEMIIDRATADO (C1); 13,656 ;KG;;;
5702981;SEMI ACABADO;702981;CLOR. PAROXETINA (C1) 20MG COM REV;600.000;600;013397;HPMC+PEG+DIOX TIT+POL 80(OPADRY YS17003); 6,300 ;KG;;;
1702984;SEMI ACABADO;702984;INDAPAMIDA 1,5 MG COM.REV.LIB PROL.;2.000.000;600;010041;DIOXIDO SILICIO COLOIDAL ANIDRO; 3,000 ;KG;;;
2702984;SEMI ACABADO;702984;INDAPAMIDA 1,5 MG COM.REV.LIB PROL.;2.000.000;600;010311;ESTEARATO MAGNESIO; 2,000 ;KG;;;
3702984;SEMI ACABADO;702984;INDAPAMIDA 1,5 MG COM.REV.LIB PROL.;2.000.000;600;010739;LACTOSE (50/70); 256,800 ;KG;;;
4702984;SEMI ACABADO;702984;INDAPAMIDA 1,5 MG COM.REV.LIB PROL.;2.000.000;600;010964;POVIDONA K29-32; 12,000 ;KG;;;
5702984;SEMI ACABADO;702984;INDAPAMIDA 1,5 MG COM.REV.LIB PROL.;2.000.000;600;011032;ALC.POL.+DIOX.TIT.+PEG+TALCO; 12,000 ;KG;;;
6702984;SEMI ACABADO;702984;INDAPAMIDA 1,5 MG COM.REV.LIB PROL.;2.000.000;600;011887;INDAPAMIDA; 3,000 ;KG;;;
7702984;SEMI ACABADO;702984;INDAPAMIDA 1,5 MG COM.REV.LIB PROL.;2.000.000;600;012286;HPMC (METHOCEL K15M-CR); 123,200 ;KG;;;
1702986;SEMI ACABADO;702986;GLIMEPIRIDA 4MG COMPRIMIDOS;890.000;600;010041;DIOXIDO SILICIO COLOIDAL ANIDRO; 0,752 ;KG;;;
2702986;SEMI ACABADO;702986;GLIMEPIRIDA 4MG COMPRIMIDOS;890.000;600;010046;ALCOOL ETILICO; 64,970 ;KG;;;
3702986;SEMI ACABADO;702986;GLIMEPIRIDA 4MG COMPRIMIDOS;890.000;600;010184;COR ALUM LACA AZUL2; 0,120 ;KG;;;
4702986;SEMI ACABADO;702986;GLIMEPIRIDA 4MG COMPRIMIDOS;890.000;600;010311;ESTEARATO MAGNESIO; 1,513 ;KG;;;
5702986;SEMI ACABADO;702986;GLIMEPIRIDA 4MG COMPRIMIDOS;890.000;600;010451;HIDROXIDO SODIO; 0,151 ;KG;;;
6702986;SEMI ACABADO;702986;GLIMEPIRIDA 4MG COMPRIMIDOS;890.000;600;010859;LACTOSE (200); 72,571 ;KG;;;
7702986;SEMI ACABADO;702986;GLIMEPIRIDA 4MG COMPRIMIDOS;890.000;600;010923;CROSCARMELOSE SODICA; 6,061 ;KG;;;
8702986;SEMI ACABADO;702986;GLIMEPIRIDA 4MG COMPRIMIDOS;890.000;600;010964;POVIDONA K29-32; 6,052 ;KG;;;
9702986;SEMI ACABADO;702986;GLIMEPIRIDA 4MG COMPRIMIDOS;890.000;600;011020;CELULOSE MIC(TIPO 101); 60,520 ;KG;;;
10702986;SEMI ACABADO;702986;GLIMEPIRIDA 4MG COMPRIMIDOS;890.000;600;011538;GLIMEPIRIDA MICRONIZADA; 3,560 ;KG;;;
1702987;SEMI ACABADO;702987;VALSARTANA 320 MG COMP. REV.;500.000;600;010553;CROSPOVIDONE; 16,000 ;KG;;;
2702987;SEMI ACABADO;702987;VALSARTANA 320 MG COMP. REV.;500.000;600;010041;DIOXIDO SILICIO COLOIDAL ANIDRO; 3,200 ;KG;;;
3702987;SEMI ACABADO;702987;VALSARTANA 320 MG COMP. REV.;500.000;600;010311;ESTEARATO MAGNESIO; 1,600 ;KG;;;
4702987;SEMI ACABADO;702987;VALSARTANA 320 MG COMP. REV.;500.000;600;010739;LACTOSE (50/70); 34,730 ;KG;;;
5702987;SEMI ACABADO;702987;VALSARTANA 320 MG COMP. REV.;500.000;600;011032;ALC.POL.+DIOX.TIT.+PEG+TALCO; 8,976 ;KG;;;
6702987;SEMI ACABADO;702987;VALSARTANA 320 MG COMP. REV.;500.000;600;011049;OXIDO DE FERRO VERM(USP REF.33.8075); 0,320 ;KG;;;
7702987;SEMI ACABADO;702987;VALSARTANA 320 MG COMP. REV.;500.000;600;011050;OXIDO FERRO AMARELO; 0,160 ;KG;;;
8702987;SEMI ACABADO;702987;VALSARTANA 320 MG COMP. REV.;500.000;600;011370;OXIDO FERRO PRETO C 335198; 0,144 ;KG;;;
9702987;SEMI ACABADO;702987;VALSARTANA 320 MG COMP. REV.;500.000;600;012624;CELULOSE MICROC.SILIC.HD90; 104,470 ;KG;;;
10702987;SEMI ACABADO;702987;VALSARTANA 320 MG COMP. REV.;500.000;600;011473;VALSARTANA; 160,000 ;KG;;;
1702988;SEMI ACABADO;702988;VALSARTANA + HIDROCLOR.320/25MG COMP.REV;500.000;600;010553;CROSPOVIDONE; 16,000 ;KG;;;
2702988;SEMI ACABADO;702988;VALSARTANA + HIDROCLOR.320/25MG COMP.REV;500.000;600;010041;DIOXIDO SILICIO COLOIDAL ANIDRO; 3,200 ;KG;;;
3702988;SEMI ACABADO;702988;VALSARTANA + HIDROCLOR.320/25MG COMP.REV;500.000;600;010311;ESTEARATO MAGNESIO; 1,600 ;KG;;;
4702988;SEMI ACABADO;702988;VALSARTANA + HIDROCLOR.320/25MG COMP.REV;500.000;600;010739;LACTOSE (50/70); 22,230 ;KG;;;
5702988;SEMI ACABADO;702988;VALSARTANA + HIDROCLOR.320/25MG COMP.REV;500.000;600;011032;ALC.POL.+DIOX.TIT.+PEG+TALCO; 8,980 ;KG;;;
6702988;SEMI ACABADO;702988;VALSARTANA + HIDROCLOR.320/25MG COMP.REV;500.000;600;011050;OXIDO FERRO AMARELO; 0,620 ;KG;;;
7702988;SEMI ACABADO;702988;VALSARTANA + HIDROCLOR.320/25MG COMP.REV;500.000;600;012624;CELULOSE MICROC.SILIC.HD90; 104,470 ;KG;;;
8702988;SEMI ACABADO;702988;VALSARTANA + HIDROCLOR.320/25MG COMP.REV;500.000;600;013796;HIDROCLOROTIAZIDA MICRONIZADA (58-93-5); 12,500 ;KG;;;
9702988;SEMI ACABADO;702988;VALSARTANA + HIDROCLOR.320/25MG COMP.REV;500.000;600;011473;VALSARTANA; 160,000 ;KG;;;
1702990;SEMI ACABADO;702990;CLORIDRATO DE DONEPEZILA(C1) 5MG COM REV;800.000;600;010311;ESTEARATO MAGNESIO; 1,120 ;KG;;;
2702990;SEMI ACABADO;702990;CLORIDRATO DE DONEPEZILA(C1) 5MG COM REV;800.000;600;010501;CELULOSE MIC.(TIPO102); 33,600 ;KG;;;
3702990;SEMI ACABADO;702990;CLORIDRATO DE DONEPEZILA(C1) 5MG COM REV;800.000;600;010739;LACTOSE (50/70); 56,480 ;KG;;;
4702990;SEMI ACABADO;702990;CLORIDRATO DE DONEPEZILA(C1) 5MG COM REV;800.000;600;010953;TALCO; 0,560 ;KG;;;
5702990;SEMI ACABADO;702990;CLORIDRATO DE DONEPEZILA(C1) 5MG COM REV;800.000;600;011018;AMIDO DE MILHO PREGELATINIZADO; 11,200 ;KG;;;
6702990;SEMI ACABADO;702990;CLORIDRATO DE DONEPEZILA(C1) 5MG COM REV;800.000;600;011725;HIDROXIPROPILCELULOSE EXF; 5,600 ;KG;;;
7702990;SEMI ACABADO;702990;CLORIDRATO DE DONEPEZILA(C1) 5MG COM REV;800.000;600;012059;HPMC + PEG + DIOXIDO TITANIO; 3,192 ;KG;;;
8702990;SEMI ACABADO;702990;CLORIDRATO DE DONEPEZILA(C1) 5MG COM REV;800.000;600;013372;CLORIDRATO DE DONEPEZILA (C1); 4,000 ;KG;;;
1702991;SEMI ACABADO;702991;CLORIDRATO DE DONEPEZILA(C1)10MG COM REV;400.000;600;010311;ESTEARATO MAGNESIO; 1,120 ;KG;;;
2702991;SEMI ACABADO;702991;CLORIDRATO DE DONEPEZILA(C1)10MG COM REV;400.000;600;010501;CELULOSE MIC.(TIPO102); 33,600 ;KG;;;
3702991;SEMI ACABADO;702991;CLORIDRATO DE DONEPEZILA(C1)10MG COM REV;400.000;600;010739;LACTOSE (50/70); 56,480 ;KG;;;
4702991;SEMI ACABADO;702991;CLORIDRATO DE DONEPEZILA(C1)10MG COM REV;400.000;600;010953;TALCO; 0,560 ;KG;;;
5702991;SEMI ACABADO;702991;CLORIDRATO DE DONEPEZILA(C1)10MG COM REV;400.000;600;011018;AMIDO DE MILHO PREGELATINIZADO; 11,200 ;KG;;;
6702991;SEMI ACABADO;702991;CLORIDRATO DE DONEPEZILA(C1)10MG COM REV;400.000;600;011050;OXIDO FERRO AMARELO; 0,048 ;KG;;;
7702991;SEMI ACABADO;702991;CLORIDRATO DE DONEPEZILA(C1)10MG COM REV;400.000;600;011725;HIDROXIPROPILCELULOSE EXF; 5,600 ;KG;;;
8702991;SEMI ACABADO;702991;CLORIDRATO DE DONEPEZILA(C1)10MG COM REV;400.000;600;012059;HPMC + PEG + DIOXIDO TITANIO; 3,192 ;KG;;;
9702991;SEMI ACABADO;702991;CLORIDRATO DE DONEPEZILA(C1)10MG COM REV;400.000;600;013372;CLORIDRATO DE DONEPEZILA (C1); 4,000 ;KG;;;
1702993;SEMI ACABADO;702993;CLOR. DE MEMANTINA (C1) 10MG COM REV;1.000.000;600;010041;DIOXIDO SILICIO COLOIDAL ANIDRO; 0,300 ;KG;;;
2702993;SEMI ACABADO;702993;CLOR. DE MEMANTINA (C1) 10MG COM REV;1.000.000;600;010311;ESTEARATO MAGNESIO; 2,500 ;KG;;;
3702993;SEMI ACABADO;702993;CLOR. DE MEMANTINA (C1) 10MG COM REV;1.000.000;600;010588;SIMETICONA; 0,010 ;KG;;;
4702993;SEMI ACABADO;702993;CLOR. DE MEMANTINA (C1) 10MG COM REV;1.000.000;600;010739;LACTOSE (50/70); 90,000 ;KG;;;
5702993;SEMI ACABADO;702993;CLOR. DE MEMANTINA (C1) 10MG COM REV;1.000.000;600;011683;POL.ANI.AC.METACRIL.(EUDRAGIT L30D); 5,150 ;KG;;;
6702993;SEMI ACABADO;702993;CLOR. DE MEMANTINA (C1) 10MG COM REV;1.000.000;600;012193;CLORIDRATO DE MEMANTINA (C1); 10,000 ;KG;;;
7702993;SEMI ACABADO;702993;CLOR. DE MEMANTINA (C1) 10MG COM REV;1.000.000;600;012624;CELULOSE MICROC.SILIC.HD90; 70,000 ;KG;;;
8702993;SEMI ACABADO;702993;CLOR. DE MEMANTINA (C1) 10MG COM REV;1.000.000;600;012624;CELULOSE MICROC.SILIC.HD90; 77,500 ;KG;;;
9702993;SEMI ACABADO;702993;CLOR. DE MEMANTINA (C1) 10MG COM REV;1.000.000;600;012965;TRIACETIN (102-76-1); 0,150 ;KG;;;
1703002;SEMI ACABADO;703002;CARVEDILOL 25MG COMPRIMIDO;2.300.000;600;010041;DIOXIDO SILICIO COLOIDAL ANIDRO; 3,105 ;KG;;;
2703002;SEMI ACABADO;703002;CARVEDILOL 25MG COMPRIMIDO;2.300.000;600;010311;ESTEARATO MAGNESIO; 3,105 ;KG;;;
3703002;SEMI ACABADO;703002;CARVEDILOL 25MG COMPRIMIDO;2.300.000;600;010859;LACTOSE (200); 211,064 ;KG;;;
4703002;SEMI ACABADO;703002;CARVEDILOL 25MG COMPRIMIDO;2.300.000;600;010964;POVIDONA K29-32; 2,484 ;KG;;;
5703002;SEMI ACABADO;703002;CARVEDILOL 25MG COMPRIMIDO;2.300.000;600;011051;ACUCAR (SACAROSE); 17,694 ;KG;;;
6703002;SEMI ACABADO;703002;CARVEDILOL 25MG COMPRIMIDO;2.300.000;600;012351;ESTEARIL FUMARATO DE SODIO; 6,210 ;KG;;;
7703002;SEMI ACABADO;703002;CARVEDILOL 25MG COMPRIMIDO;2.300.000;600;015251;CARVEDILOL; 57,500 ;KG;;;
8703002;SEMI ACABADO;703002;CARVEDILOL 25MG COMPRIMIDO;2.300.000;600;010553;CROSPOVIDONE; 9,338 ;KG;;;
1703003;SEMI ACABADO;703003;CARVEDILOL 12,5MG COMPRIMIDO;3.000.000;600;010041;DIOXIDO SILICIO COLOIDAL ANIDRO; 2,100 ;KG;;;
2703003;SEMI ACABADO;703003;CARVEDILOL 12,5MG COMPRIMIDO;3.000.000;600;010311;ESTEARATO MAGNESIO; 2,100 ;KG;;;
3703003;SEMI ACABADO;703003;CARVEDILOL 12,5MG COMPRIMIDO;3.000.000;600;010859;LACTOSE (200); 143,844 ;KG;;;
4703003;SEMI ACABADO;703003;CARVEDILOL 12,5MG COMPRIMIDO;3.000.000;600;010964;POVIDONA K29-32; 1,680 ;KG;;;
5703003;SEMI ACABADO;703003;CARVEDILOL 12,5MG COMPRIMIDO;3.000.000;600;011049;OXIDO DE FERRO VERM(USP REF.33.8075); 0,060 ;KG;;;
6703003;SEMI ACABADO;703003;CARVEDILOL 12,5MG COMPRIMIDO;3.000.000;600;011050;OXIDO FERRO AMARELO; 0,240 ;KG;;;
7703003;SEMI ACABADO;703003;CARVEDILOL 12,5MG COMPRIMIDO;3.000.000;600;011051;ACUCAR (SACAROSE); 11,976 ;KG;;;
8703003;SEMI ACABADO;703003;CARVEDILOL 12,5MG COMPRIMIDO;3.000.000;600;012351;ESTEARIL FUMARATO DE SODIO; 4,200 ;KG;;;
9703003;SEMI ACABADO;703003;CARVEDILOL 12,5MG COMPRIMIDO;3.000.000;600;015251;CARVEDILOL; 37,500 ;KG;;;
10703003;SEMI ACABADO;703003;CARVEDILOL 12,5MG COMPRIMIDO;3.000.000;600;010553;CROSPOVIDONE; 6,300 ;KG;;;
1703004;SEMI ACABADO;703004;CARVEDILOL 6,25MG COMPRIMIDO ;3.000.000;600;010041;DIOXIDO SILICIO COLOIDAL ANIDRO; 2,100 ;KG;;;
2703004;SEMI ACABADO;703004;CARVEDILOL 6,25MG COMPRIMIDO ;3.000.000;600;010311;ESTEARATO MAGNESIO; 2,100 ;KG;;;
3703004;SEMI ACABADO;703004;CARVEDILOL 6,25MG COMPRIMIDO ;3.000.000;600;010859;LACTOSE (200); 162,774 ;KG;;;
4703004;SEMI ACABADO;703004;CARVEDILOL 6,25MG COMPRIMIDO ;3.000.000;600;010964;POVIDONA K29-32; 1,680 ;KG;;;
5703004;SEMI ACABADO;703004;CARVEDILOL 6,25MG COMPRIMIDO ;3.000.000;600;011050;OXIDO FERRO AMARELO; 0,120 ;KG;;;
6703004;SEMI ACABADO;703004;CARVEDILOL 6,25MG COMPRIMIDO ;3.000.000;600;011051;ACUCAR (SACAROSE); 11,976 ;KG;;;
7703004;SEMI ACABADO;703004;CARVEDILOL 6,25MG COMPRIMIDO ;3.000.000;600;012351;ESTEARIL FUMARATO DE SODIO; 4,200 ;KG;;;
8703004;SEMI ACABADO;703004;CARVEDILOL 6,25MG COMPRIMIDO ;3.000.000;600;015251;CARVEDILOL; 18,750 ;KG;;;
9703004;SEMI ACABADO;703004;CARVEDILOL 6,25MG COMPRIMIDO ;3.000.000;600;010553;CROSPOVIDONE; 6,300 ;KG;;;
1703005;SEMI ACABADO;703005;CARVEDILOL 3,125MG COMPRIMIDO;6.000.000;600;010041;DIOXIDO SILICIO COLOIDAL ANIDRO; 2,100 ;KG;;;
2703005;SEMI ACABADO;703005;CARVEDILOL 3,125MG COMPRIMIDO;6.000.000;600;010311;ESTEARATO MAGNESIO; 0,240 ;KG;;;
3703005;SEMI ACABADO;703005;CARVEDILOL 3,125MG COMPRIMIDO;6.000.000;600;010311;ESTEARATO MAGNESIO; 1,860 ;KG;;;
4703005;SEMI ACABADO;703005;CARVEDILOL 3,125MG COMPRIMIDO;6.000.000;600;010859;LACTOSE (200); 162,774 ;KG;;;
5703005;SEMI ACABADO;703005;CARVEDILOL 3,125MG COMPRIMIDO;6.000.000;600;010964;POVIDONA K29-32; 1,680 ;KG;;;
6703005;SEMI ACABADO;703005;CARVEDILOL 3,125MG COMPRIMIDO;6.000.000;600;011049;OXIDO DE FERRO VERM(USP REF.33.8075); 0,120 ;KG;;;
7703005;SEMI ACABADO;703005;CARVEDILOL 3,125MG COMPRIMIDO;6.000.000;600;011051;ACUCAR (SACAROSE); 11,976 ;KG;;;
8703005;SEMI ACABADO;703005;CARVEDILOL 3,125MG COMPRIMIDO;6.000.000;600;012351;ESTEARIL FUMARATO DE SODIO; 4,200 ;KG;;;
9703005;SEMI ACABADO;703005;CARVEDILOL 3,125MG COMPRIMIDO;6.000.000;600;015251;CARVEDILOL; 18,750 ;KG;;;
10703005;SEMI ACABADO;703005;CARVEDILOL 3,125MG COMPRIMIDO;6.000.000;600;010553;CROSPOVIDONE; 6,300 ;KG;;;
1703006;SEMI ACABADO;703006;CLORIDRATO DE PIOGLITAZONA 30MG COM;1.000.000;600;010311;ESTEARATO MAGNESIO; 0,480 ;KG;;;
2703006;SEMI ACABADO;703006;CLORIDRATO DE PIOGLITAZONA 30MG COM;1.000.000;600;010331;GLICOLATO AMIDO SODICO; 1,800 ;KG;;;
3703006;SEMI ACABADO;703006;CLORIDRATO DE PIOGLITAZONA 30MG COM;1.000.000;600;010859;LACTOSE (200); 68,451 ;KG;;;
4703006;SEMI ACABADO;703006;CLORIDRATO DE PIOGLITAZONA 30MG COM;1.000.000;600;010923;CROSCARMELOSE SODICA; 12,000 ;KG;;;
5703006;SEMI ACABADO;703006;CLORIDRATO DE PIOGLITAZONA 30MG COM;1.000.000;600;011726;HIDROXIPROPILCELULOSE EF; 4,200 ;KG;;;
6703006;SEMI ACABADO;703006;CLORIDRATO DE PIOGLITAZONA 30MG COM;1.000.000;600;012234;CLOR.PIOGLITAZONA; 33,069 ;KG;;;
7703006;SEMI ACABADO;703006;CLORIDRATO DE PIOGLITAZONA 30MG COM;1.000.000;600;012351;ESTEARIL FUMARATO DE SODIO; 4,200 ;KG;;;
1703007;SEMI ACABADO;703007;CLORIDRATO DE PIOGLITAZONA 15MG COM;1.000.000;600;010311;ESTEARATO MAGNESIO; 0,240 ;KG;;;
2703007;SEMI ACABADO;703007;CLORIDRATO DE PIOGLITAZONA 15MG COM;1.000.000;600;010331;GLICOLATO AMIDO SODICO; 0,900 ;KG;;;
3703007;SEMI ACABADO;703007;CLORIDRATO DE PIOGLITAZONA 15MG COM;1.000.000;600;010859;LACTOSE (200); 34,226 ;KG;;;
4703007;SEMI ACABADO;703007;CLORIDRATO DE PIOGLITAZONA 15MG COM;1.000.000;600;010923;CROSCARMELOSE SODICA; 6,000 ;KG;;;
5703007;SEMI ACABADO;703007;CLORIDRATO DE PIOGLITAZONA 15MG COM;1.000.000;600;011726;HIDROXIPROPILCELULOSE EF; 2,100 ;KG;;;
6703007;SEMI ACABADO;703007;CLORIDRATO DE PIOGLITAZONA 15MG COM;1.000.000;600;012234;CLOR.PIOGLITAZONA; 16,534 ;KG;;;
1703011;SEMI ACABADO;703011;ACECLOFENACO 100MG COM. REV.;1.000.000;600;010046;ALCOOL ETILICO; 59,292 ;KG;;;
2703011;SEMI ACABADO;703011;ACECLOFENACO 100MG COM. REV.;1.000.000;600;010071;CELULOSE MIC (TIPO200); 50,000 ;KG;;;
3703011;SEMI ACABADO;703011;ACECLOFENACO 100MG COM. REV.;1.000.000;600;010228;DIOXIDO TITANIO; 0,900 ;KG;;;
4703011;SEMI ACABADO;703011;ACECLOFENACO 100MG COM. REV.;1.000.000;600;010739;LACTOSE (50/70); 34,000 ;KG;;;
5703011;SEMI ACABADO;703011;ACECLOFENACO 100MG COM. REV.;1.000.000;600;010877;ACIDO ESTEARICO VEGETAL(MICRONIZADO); 2,000 ;KG;;;
6703011;SEMI ACABADO;703011;ACECLOFENACO 100MG COM. REV.;1.000.000;600;010923;CROSCARMELOSE SODICA; 4,000 ;KG;;;
7703011;SEMI ACABADO;703011;ACECLOFENACO 100MG COM. REV.;1.000.000;600;010964;POVIDONA K29-32; 10,000 ;KG;;;
8703011;SEMI ACABADO;703011;ACECLOFENACO 100MG COM. REV.;1.000.000;600;010979;HPMC+PEG; 5,100 ;KG;;;
9703011;SEMI ACABADO;703011;ACECLOFENACO 100MG COM. REV.;1.000.000;600;011452;ACECLOFENACO; 100,000 ;KG;;;
1703012;SEMI ACABADO;703012;RISEDRONATO SODICO 35MG COM. REV.;363.636;600;010071;CELULOSE MIC (TIPO200); 18,985 ;KG;;;
2703012;SEMI ACABADO;703012;RISEDRONATO SODICO 35MG COM. REV.;363.636;600;010228;DIOXIDO TITANIO; 0,360 ;KG;;;
3703012;SEMI ACABADO;703012;RISEDRONATO SODICO 35MG COM. REV.;363.636;600;010311;ESTEARATO MAGNESIO; 0,800 ;KG;;;
4703012;SEMI ACABADO;703012;RISEDRONATO SODICO 35MG COM. REV.;363.636;600;010739;LACTOSE (50/70); 44,000 ;KG;;;
5703012;SEMI ACABADO;703012;RISEDRONATO SODICO 35MG COM. REV.;363.636;600;010979;HPMC+PEG; 2,040 ;KG;;;
6703012;SEMI ACABADO;703012;RISEDRONATO SODICO 35MG COM. REV.;363.636;600;011817;RISEDRONATO SODICO; 14,615 ;KG;;;
7703012;SEMI ACABADO;703012;RISEDRONATO SODICO 35MG COM. REV.;363.636;600;010553;CROSPOVIDONE; 1,600 ;KG;;;
1703013;SEMI ACABADO;703013;BROMIDRATO CITALOPRAM(C1) 20MG COM REV;1.500.000;600;010311;ESTEARATO MAGNESIO; 3,750 ;KG;;;
2703013;SEMI ACABADO;703013;BROMIDRATO CITALOPRAM(C1) 20MG COM REV;1.500.000;600;010501;CELULOSE MIC.(TIPO102); 75,000 ;KG;;;
3703013;SEMI ACABADO;703013;BROMIDRATO CITALOPRAM(C1) 20MG COM REV;1.500.000;600;010739;LACTOSE (50/70); 221,250 ;KG;;;
4703013;SEMI ACABADO;703013;BROMIDRATO CITALOPRAM(C1) 20MG COM REV;1.500.000;600;011018;AMIDO DE MILHO PREGELATINIZADO; 37,500 ;KG;;;
5703013;SEMI ACABADO;703013;BROMIDRATO CITALOPRAM(C1) 20MG COM REV;1.500.000;600;011032;ALC.POL.+DIOX.TIT.+PEG+TALCO; 13,125 ;KG;;;
6703013;SEMI ACABADO;703013;BROMIDRATO CITALOPRAM(C1) 20MG COM REV;1.500.000;600;011759;BROMIDRATO DE CITALOPRAM (C1)**; 37,500 ;KG;;;
1703014;SEMI ACABADO;703014;OXALATO DE ESCITALOPRAM 20MG(C1)COM REV;500.000;600;010041;DIOXIDO SILICIO COLOIDAL ANIDRO; 2,000 ;KG;;;
2703014;SEMI ACABADO;703014;OXALATO DE ESCITALOPRAM 20MG(C1)COM REV;500.000;600;010311;ESTEARATO MAGNESIO; 1,250 ;KG;;;
3703014;SEMI ACABADO;703014;OXALATO DE ESCITALOPRAM 20MG(C1)COM REV;500.000;600;010501;CELULOSE MIC.(TIPO102); 97,480 ;KG;;;
4703014;SEMI ACABADO;703014;OXALATO DE ESCITALOPRAM 20MG(C1)COM REV;500.000;600;010923;CROSCARMELOSE SODICA; 4,500 ;KG;;;
5703014;SEMI ACABADO;703014;OXALATO DE ESCITALOPRAM 20MG(C1)COM REV;500.000;600;010953;TALCO; 7,000 ;KG;;;
6703014;SEMI ACABADO;703014;OXALATO DE ESCITALOPRAM 20MG(C1)COM REV;500.000;600;012059;HPMC + PEG + DIOXIDO TITANIO; 4,000 ;KG;;;
7703014;SEMI ACABADO;703014;OXALATO DE ESCITALOPRAM 20MG(C1)COM REV;500.000;600;013374;OXALATO DE ESCITALOPRAM (C1); 12,770 ;KG;;;
1703015;SEMI ACABADO;703015;OXALATO DE ESCITALOPRAM 10MG(C1)COM REV;2.600.000;600;010041;DIOXIDO SILICIO COLOIDAL ANIDRO; 5,200 ;KG;;;
2703015;SEMI ACABADO;703015;OXALATO DE ESCITALOPRAM 10MG(C1)COM REV;2.600.000;600;010311;ESTEARATO MAGNESIO; 3,250 ;KG;;;
3703015;SEMI ACABADO;703015;OXALATO DE ESCITALOPRAM 10MG(C1)COM REV;2.600.000;600;010501;CELULOSE MIC.(TIPO102); 253,448 ;KG;;;
4703015;SEMI ACABADO;703015;OXALATO DE ESCITALOPRAM 10MG(C1)COM REV;2.600.000;600;010923;CROSCARMELOSE SODICA; 11,700 ;KG;;;
5703015;SEMI ACABADO;703015;OXALATO DE ESCITALOPRAM 10MG(C1)COM REV;2.600.000;600;010953;TALCO; 18,200 ;KG;;;
6703015;SEMI ACABADO;703015;OXALATO DE ESCITALOPRAM 10MG(C1)COM REV;2.600.000;600;012059;HPMC + PEG + DIOXIDO TITANIO; 10,400 ;KG;;;
7703015;SEMI ACABADO;703015;OXALATO DE ESCITALOPRAM 10MG(C1)COM REV;2.600.000;600;013374;OXALATO DE ESCITALOPRAM (C1); 33,202 ;KG;;;
1703019;SEMI ACABADO;703019;ACIDO TRANEXAMICO 250MG COMPRIMIDOS;200.000;600;010041;DIOXIDO SILICIO COLOIDAL ANIDRO; 0,500 ;KG;;;
2703019;SEMI ACABADO;703019;ACIDO TRANEXAMICO 250MG COMPRIMIDOS;200.000;600;010311;ESTEARATO MAGNESIO; 2,500 ;KG;;;
3703019;SEMI ACABADO;703019;ACIDO TRANEXAMICO 250MG COMPRIMIDOS;200.000;600;010731;FOSF.CAL.DIB.(COMPDIRETA); 7,000 ;KG;;;
4703019;SEMI ACABADO;703019;ACIDO TRANEXAMICO 250MG COMPRIMIDOS;200.000;600;010923;CROSCARMELOSE SODICA; 1,200 ;KG;;;
5703019;SEMI ACABADO;703019;ACIDO TRANEXAMICO 250MG COMPRIMIDOS;200.000;600;010953;TALCO; 0,500 ;KG;;;
6703019;SEMI ACABADO;703019;ACIDO TRANEXAMICO 250MG COMPRIMIDOS;200.000;600;010964;POVIDONA K29-32; 3,000 ;KG;;;
7703019;SEMI ACABADO;703019;ACIDO TRANEXAMICO 250MG COMPRIMIDOS;200.000;600;011020;CELULOSE MIC(TIPO 101); 35,300 ;KG;;;
8703019;SEMI ACABADO;703019;ACIDO TRANEXAMICO 250MG COMPRIMIDOS;200.000;600;011567;ACIDO TRANEXAMICO; 50,000 ;KG;;;
1703022;SEMI ACABADO;703022;TACROLIMO 1MG CAPS;500.000;600;010046;ALCOOL ETILICO; 23,490 ;KG;;;
2703022;SEMI ACABADO;703022;TACROLIMO 1MG CAPS;500.000;600;010311;ESTEARATO MAGNESIO; 0,698 ;KG;;;
3703022;SEMI ACABADO;703022;TACROLIMO 1MG CAPS;500.000;600;010720;CLORETO METILENO (D2)**; 16,464 ;KG;;;
4703022;SEMI ACABADO;703022;TACROLIMO 1MG CAPS;500.000;600;010739;LACTOSE (50/70); 83,799 ;KG;;;
5703022;SEMI ACABADO;703022;TACROLIMO 1MG CAPS;500.000;600;010923;CROSCARMELOSE SODICA; 4,493 ;KG;;;
6703022;SEMI ACABADO;703022;TACROLIMO 1MG CAPS;500.000;600;011656;HPMC 2910 (METHOCEL E3 PREMIUM); 2,499 ;KG;;;
7703022;SEMI ACABADO;703022;TACROLIMO 1MG CAPS;500.000;600;011747;TACROLIMO MONOIDRATADO; 511,000 ;KG;;;
8703022;SEMI ACABADO;703022;TACROLIMO 1MG CAPS;500.000;600;012629;CAPS 3 BRANCO/BRANCO; 500.000,000 ;UN;;;
1703025;SEMI ACABADO;703025;HEMIT. DE ZOLPIDEM (B1) 5MG COM SL;500.000;600;010311;ESTEARATO MAGNESIO; 0,500 ;KG;;;
2703025;SEMI ACABADO;703025;HEMIT. DE ZOLPIDEM (B1) 5MG COM SL;500.000;600;011688;GLICIRRICINATO DE AMONIO; 0,200 ;KG;;;
3703025;SEMI ACABADO;703025;HEMIT. DE ZOLPIDEM (B1) 5MG COM SL;500.000;600;011692;SUCRALOSE; 2,000 ;KG;;;
4703025;SEMI ACABADO;703025;HEMIT. DE ZOLPIDEM (B1) 5MG COM SL;500.000;600;011875;HEMITARTARATO DE ZOLPIDEM (B1)**; 2,500 ;KG;;;
5703025;SEMI ACABADO;703025;HEMIT. DE ZOLPIDEM (B1) 5MG COM SL;500.000;600;011879;NEOHESPERIDINA; 0,100 ;KG;;;
6703025;SEMI ACABADO;703025;HEMIT. DE ZOLPIDEM (B1) 5MG COM SL;500.000;600;013076;DEXTRATO; 23,950 ;KG;;;
7703025;SEMI ACABADO;703025;HEMIT. DE ZOLPIDEM (B1) 5MG COM SL;500.000;600;013380;XILITOL; 15,000 ;KG;;;
8703025;SEMI ACABADO;703025;HEMIT. DE ZOLPIDEM (B1) 5MG COM SL;500.000;600;013381;CROSPOVIDONE NF; 5,000 ;KG;;;
9703025;SEMI ACABADO;703025;HEMIT. DE ZOLPIDEM (B1) 5MG COM SL;500.000;600;013399;AROMA ARTIFICIAL CEREJA (53945); 0,500 ;KG;;;
10703025;SEMI ACABADO;703025;HEMIT. DE ZOLPIDEM (B1) 5MG COM SL;500.000;600;013400;AROMA ID. NAT. MENTA HERBAL (HP7203); 0,250 ;KG;;;
1703029;SEMI ACABADO;703029;VALSARTANA 80 MG COM REV;1.400.000;600;010041;DIOXIDO SILICIO COLOIDAL ANIDRO; 2,240 ;KG;;;
2703029;SEMI ACABADO;703029;VALSARTANA 80 MG COM REV;1.400.000;600;010311;ESTEARATO MAGNESIO; 1,120 ;KG;;;
3703029;SEMI ACABADO;703029;VALSARTANA 80 MG COM REV;1.400.000;600;010739;LACTOSE (50/70); 24,311 ;KG;;;
4703029;SEMI ACABADO;703029;VALSARTANA 80 MG COM REV;1.400.000;600;011032;ALC.POL.+DIOX.TIT.+PEG+TALCO; 6,283 ;KG;;;
5703029;SEMI ACABADO;703029;VALSARTANA 80 MG COM REV;1.400.000;600;011049;OXIDO DE FERRO VERM(USP REF.33.8075); 0,202 ;KG;;;
6703029;SEMI ACABADO;703029;VALSARTANA 80 MG COM REV;1.400.000;600;011050;OXIDO FERRO AMARELO; 0,235 ;KG;;;
7703029;SEMI ACABADO;703029;VALSARTANA 80 MG COM REV;1.400.000;600;012624;CELULOSE MICROC.SILIC.HD90; 73,129 ;KG;;;
8703029;SEMI ACABADO;703029;VALSARTANA 80 MG COM REV;1.400.000;600;010553;CROSPOVIDONE; 11,200 ;KG;;;
9703029;SEMI ACABADO;703029;VALSARTANA 80 MG COM REV;1.400.000;600;011473;VALSARTANA; 112,000 ;KG;;;
1703030;SEMI ACABADO;703030;VALSARTANA 160 MG COM REV;1.400.000;600;010553;CROSPOVIDONE; 22,400 ;KG;;;
2703030;SEMI ACABADO;703030;VALSARTANA 160 MG COM REV;1.400.000;600;010041;DIOXIDO SILICIO COLOIDAL ANIDRO; 4,480 ;KG;;;
3703030;SEMI ACABADO;703030;VALSARTANA 160 MG COM REV;1.400.000;600;010311;ESTEARATO MAGNESIO; 2,240 ;KG;;;
4703030;SEMI ACABADO;703030;VALSARTANA 160 MG COM REV;1.400.000;600;010739;LACTOSE (50/70); 48,622 ;KG;;;
5703030;SEMI ACABADO;703030;VALSARTANA 160 MG COM REV;1.400.000;600;011032;ALC.POL.+DIOX.TIT.+PEG+TALCO; 12,566 ;KG;;;
6703030;SEMI ACABADO;703030;VALSARTANA 160 MG COM REV;1.400.000;600;011050;OXIDO FERRO AMARELO; 0,874 ;KG;;;
7703030;SEMI ACABADO;703030;VALSARTANA 160 MG COM REV;1.400.000;600;012624;CELULOSE MICROC.SILIC.HD90; 146,258 ;KG;;;
8703030;SEMI ACABADO;703030;VALSARTANA 160 MG COM REV;1.400.000;600;011473;VALSARTANA; 224,000 ;KG;;;
1703038;SEMI ACABADO;703038;HEMITARTARATO ZOLPIDEM (B1) 10MG COM REV ;666.666;600;010228;DIOXIDO TITANIO; 0,360 ;KG;;;
2703038;SEMI ACABADO;703038;HEMITARTARATO ZOLPIDEM (B1) 10MG COM REV ;666.666;600;010311;ESTEARATO MAGNESIO; 0,670 ;KG;;;
3703038;SEMI ACABADO;703038;HEMITARTARATO ZOLPIDEM (B1) 10MG COM REV ;666.666;600;010331;GLICOLATO AMIDO SODICO; 0,800 ;KG;;;
4703038;SEMI ACABADO;703038;HEMITARTARATO ZOLPIDEM (B1) 10MG COM REV ;666.666;600;010501;CELULOSE MIC.(TIPO102); 24,000 ;KG;;;
5703038;SEMI ACABADO;703038;HEMITARTARATO ZOLPIDEM (B1) 10MG COM REV ;666.666;600;010739;LACTOSE (50/70); 47,864 ;KG;;;
6703038;SEMI ACABADO;703038;HEMITARTARATO ZOLPIDEM (B1) 10MG COM REV ;666.666;600;010979;HPMC+PEG; 2,040 ;KG;;;
7703038;SEMI ACABADO;703038;HEMITARTARATO ZOLPIDEM (B1) 10MG COM REV ;666.666;600;011875;HEMITARTARATO DE ZOLPIDEM (B1)**; 6,666 ;KG;;;
1703040;SEMI ACABADO;703040;CLOR. NARATRIPTANA 2,5MG COM REV;250.000;600;010071;CELULOSE MIC (TIPO200); 12,750 ;KG;;;
2703040;SEMI ACABADO;703040;CLOR. NARATRIPTANA 2,5MG COM REV;250.000;600;010184;COR ALUM LACA AZUL2; 0,020 ;KG;;;
3703040;SEMI ACABADO;703040;CLOR. NARATRIPTANA 2,5MG COM REV;250.000;600;010228;DIOXIDO TITANIO; 0,340 ;KG;;;
4703040;SEMI ACABADO;703040;CLOR. NARATRIPTANA 2,5MG COM REV;250.000;600;010311;ESTEARATO MAGNESIO; 0,750 ;KG;;;
5703040;SEMI ACABADO;703040;CLOR. NARATRIPTANA 2,5MG COM REV;250.000;600;010739;LACTOSE (50/70); 59,670 ;KG;;;
6703040;SEMI ACABADO;703040;CLOR. NARATRIPTANA 2,5MG COM REV;250.000;600;010923;CROSCARMELOSE SODICA; 1,130 ;KG;;;
7703040;SEMI ACABADO;703040;CLOR. NARATRIPTANA 2,5MG COM REV;250.000;600;010979;HPMC+PEG; 1,880 ;KG;;;
8703040;SEMI ACABADO;703040;CLOR. NARATRIPTANA 2,5MG COM REV;250.000;600;011838;CLORIDRATO DE NARATRIPTANA; 0,700 ;KG;;;
9703040;SEMI ACABADO;703040;CLOR. NARATRIPTANA 2,5MG COM REV;250.000;600;012514;OXIDO DE FERRO AMARELO; 0,017 ;KG;;;
1703042;SEMI ACABADO;703042;VALSARTANA+HIDROCL.160/25MG COM REV;500.000;600;010041;DIOXIDO SILICIO COLOIDAL ANIDRO; 1,600 ;KG;;;
2703042;SEMI ACABADO;703042;VALSARTANA+HIDROCL.160/25MG COM REV;500.000;600;010311;ESTEARATO MAGNESIO; 0,800 ;KG;;;
3703042;SEMI ACABADO;703042;VALSARTANA+HIDROCL.160/25MG COM REV;500.000;600;010739;LACTOSE (50/70); 11,600 ;KG;;;
4703042;SEMI ACABADO;703042;VALSARTANA+HIDROCL.160/25MG COM REV;500.000;600;011032;ALC.POL.+DIOX.TIT.+PEG+TALCO; 4,490 ;KG;;;
5703042;SEMI ACABADO;703042;VALSARTANA+HIDROCL.160/25MG COM REV;500.000;600;011049;OXIDO DE FERRO VERM(USP REF.33.8075); 0,100 ;KG;;;
6703042;SEMI ACABADO;703042;VALSARTANA+HIDROCL.160/25MG COM REV;500.000;600;011050;OXIDO FERRO AMARELO; 0,220 ;KG;;;
7703042;SEMI ACABADO;703042;VALSARTANA+HIDROCL.160/25MG COM REV;500.000;600;012624;CELULOSE MICROC.SILIC.HD90; 45,500 ;KG;;;
8703042;SEMI ACABADO;703042;VALSARTANA+HIDROCL.160/25MG COM REV;500.000;600;013796;HIDROCLOROTIAZIDA MICRONIZADA (58-93-5); 12,500 ;KG;;;
9703042;SEMI ACABADO;703042;VALSARTANA+HIDROCL.160/25MG COM REV;500.000;600;010553;CROSPOVIDONE; 8,000 ;KG;;;
10703042;SEMI ACABADO;703042;VALSARTANA+HIDROCL.160/25MG COM REV;500.000;600;011473;VALSARTANA; 80,000 ;KG;;;
1703043;SEMI ACABADO;703043;VALSARTANA+HIDROCL.160/12,5MG COM REV;2.000.000;600;010553;CROSPOVIDONE; 32,000 ;KG;;;
2703043;SEMI ACABADO;703043;VALSARTANA+HIDROCL.160/12,5MG COM REV;2.000.000;600;011473;VALSARTANA; 320,000 ;KG;;;
3703043;SEMI ACABADO;703043;VALSARTANA+HIDROCL.160/12,5MG COM REV;2.000.000;600;010041;DIOXIDO SILICIO COLOIDAL ANIDRO; 6,400 ;KG;;;
4703043;SEMI ACABADO;703043;VALSARTANA+HIDROCL.160/12,5MG COM REV;2.000.000;600;010311;ESTEARATO MAGNESIO; 3,200 ;KG;;;
5703043;SEMI ACABADO;703043;VALSARTANA+HIDROCL.160/12,5MG COM REV;2.000.000;600;010739;LACTOSE (50/70); 44,480 ;KG;;;
6703043;SEMI ACABADO;703043;VALSARTANA+HIDROCL.160/12,5MG COM REV;2.000.000;600;011032;ALC.POL.+DIOX.TIT.+PEG+TALCO; 17,960 ;KG;;;
7703043;SEMI ACABADO;703043;VALSARTANA+HIDROCL.160/12,5MG COM REV;2.000.000;600;011049;OXIDO DE FERRO VERM(USP REF.33.8075); 1,240 ;KG;;;
8703043;SEMI ACABADO;703043;VALSARTANA+HIDROCL.160/12,5MG COM REV;2.000.000;600;012624;CELULOSE MICROC.SILIC.HD90; 208,960 ;KG;;;
9703043;SEMI ACABADO;703043;VALSARTANA+HIDROCL.160/12,5MG COM REV;2.000.000;600;013796;HIDROCLOROTIAZIDA MICRONIZADA (58-93-5); 25,000 ;KG;;;
1703044;SEMI ACABADO;703044;VALSARTANA+HIDROCL.80/12,5MG COM REV;1.000.000;600;010041;DIOXIDO SILICIO COLOIDAL ANIDRO; 1,600 ;KG;;;
2703044;SEMI ACABADO;703044;VALSARTANA+HIDROCL.80/12,5MG COM REV;1.000.000;600;010311;ESTEARATO MAGNESIO; 0,800 ;KG;;;
3703044;SEMI ACABADO;703044;VALSARTANA+HIDROCL.80/12,5MG COM REV;1.000.000;600;010739;LACTOSE (50/70); 11,600 ;KG;;;
4703044;SEMI ACABADO;703044;VALSARTANA+HIDROCL.80/12,5MG COM REV;1.000.000;600;011032;ALC.POL.+DIOX.TIT.+PEG+TALCO; 4,700 ;KG;;;
5703044;SEMI ACABADO;703044;VALSARTANA+HIDROCL.80/12,5MG COM REV;1.000.000;600;011049;OXIDO DE FERRO VERM(USP REF.33.8075); 0,080 ;KG;;;
6703044;SEMI ACABADO;703044;VALSARTANA+HIDROCL.80/12,5MG COM REV;1.000.000;600;011050;OXIDO FERRO AMARELO; 0,020 ;KG;;;
7703044;SEMI ACABADO;703044;VALSARTANA+HIDROCL.80/12,5MG COM REV;1.000.000;600;012624;CELULOSE MICROC.SILIC.HD90; 45,500 ;KG;;;
8703044;SEMI ACABADO;703044;VALSARTANA+HIDROCL.80/12,5MG COM REV;1.000.000;600;013796;HIDROCLOROTIAZIDA MICRONIZADA (58-93-5); 12,500 ;KG;;;
9703044;SEMI ACABADO;703044;VALSARTANA+HIDROCL.80/12,5MG COM REV;1.000.000;600;010553;CROSPOVIDONE; 8,000 ;KG;;;
10703044;SEMI ACABADO;703044;VALSARTANA+HIDROCL.80/12,5MG COM REV;1.000.000;600;011473;VALSARTANA; 80,000 ;KG;;;
1703062;SEMI ACABADO;703062;DOMPERIDONA 10MG COMPRIMIDO;3.000.000;600;010071;CELULOSE MIC (TIPO200); 106,500 ;KG;;;
2703062;SEMI ACABADO;703062;DOMPERIDONA 10MG COMPRIMIDO;3.000.000;600;010311;ESTEARATO MAGNESIO; 3,000 ;KG;;;
3703062;SEMI ACABADO;703062;DOMPERIDONA 10MG COMPRIMIDO;3.000.000;600;010328;OLEO VEGETAL HIDROGENADO (LUBRITAB); 1,500 ;KG;;;
4703062;SEMI ACABADO;703062;DOMPERIDONA 10MG COMPRIMIDO;3.000.000;600;010469;LAURIL SULFATO SODIO (PO); 3,000 ;KG;;;
5703062;SEMI ACABADO;703062;DOMPERIDONA 10MG COMPRIMIDO;3.000.000;600;010739;LACTOSE (50/70); 106,500 ;KG;;;
6703062;SEMI ACABADO;703062;DOMPERIDONA 10MG COMPRIMIDO;3.000.000;600;011018;AMIDO DE MILHO PREGELATINIZADO; 30,000 ;KG;;;
7703062;SEMI ACABADO;703062;DOMPERIDONA 10MG COMPRIMIDO;3.000.000;600;011900;COPOVIDONA; 10,500 ;KG;;;
8703062;SEMI ACABADO;703062;DOMPERIDONA 10MG COMPRIMIDO;3.000.000;600;012035;DOMPERIDONA; 30,000 ;KG;;;
9703062;SEMI ACABADO;703062;DOMPERIDONA 10MG COMPRIMIDO;3.000.000;600;010553;CROSPOVIDONE; 9,000 ;KG;;;
1703064;SEMI ACABADO;703064;FOSFATO DE CÁLCIO TRIBÁSICO + COLECALCIFEROL  600 MG + 400 UI comprimido revestido;333.333;600;010311;ESTEARATO MAGNESIO; 6,000 ;KG;;;
2703064;SEMI ACABADO;703064;FOSFATO DE CÁLCIO TRIBÁSICO + COLECALCIFEROL  600 MG + 400 UI comprimido revestido;333.333;600;010469;LAURIL SULFATO SODIO (PO); 3,000 ;KG;;;
3703064;SEMI ACABADO;703064;FOSFATO DE CÁLCIO TRIBÁSICO + COLECALCIFEROL  600 MG + 400 UI comprimido revestido;333.333;600;010923;CROSCARMELOSE SODICA; 17,640 ;KG;;;
4703064;SEMI ACABADO;703064;FOSFATO DE CÁLCIO TRIBÁSICO + COLECALCIFEROL  600 MG + 400 UI comprimido revestido;333.333;600;010925;VITAMINA D3; 1,333 ;KG;;;
5703064;SEMI ACABADO;703064;FOSFATO DE CÁLCIO TRIBÁSICO + COLECALCIFEROL  600 MG + 400 UI comprimido revestido;333.333;600;011032;ALC.POL.+DIOX.TIT.+PEG+TALCO; 18,000 ;KG;;;
6703064;SEMI ACABADO;703064;FOSFATO DE CÁLCIO TRIBÁSICO + COLECALCIFEROL  600 MG + 400 UI comprimido revestido;333.333;600;012624;CELULOSE MICROC.SILIC.HD90; 18,155 ;KG;;;
7703064;SEMI ACABADO;703064;FOSFATO DE CÁLCIO TRIBÁSICO + COLECALCIFEROL  600 MG + 400 UI comprimido revestido;333.333;600;013454;FOSF DE CALCIO TRIBASICO CD(7758-87-4); 553,871 ;KG;;;
1703068;SEMI ACABADO;703068;ROSUVASTATINA CALCICA 20MG COM REV;750.000;600;010553;CROSPOVIDONE; 11,250 ;KG;;;
2703068;SEMI ACABADO;703068;ROSUVASTATINA CALCICA 20MG COM REV;750.000;600;010228;DIOXIDO TITANIO; 1,097 ;KG;;;
3703068;SEMI ACABADO;703068;ROSUVASTATINA CALCICA 20MG COM REV;750.000;600;010311;ESTEARATO MAGNESIO; 2,813 ;KG;;;
4703068;SEMI ACABADO;703068;ROSUVASTATINA CALCICA 20MG COM REV;750.000;600;010409;FOSFATO SODIO DIBASICO ANIDRO; 22,500 ;KG;;;
5703068;SEMI ACABADO;703068;ROSUVASTATINA CALCICA 20MG COM REV;750.000;600;010501;CELULOSE MIC.(TIPO102); 27,000 ;KG;;;
6703068;SEMI ACABADO;703068;ROSUVASTATINA CALCICA 20MG COM REV;750.000;600;010739;LACTOSE (50/70); 145,837 ;KG;;;
7703068;SEMI ACABADO;703068;ROSUVASTATINA CALCICA 20MG COM REV;750.000;600;010979;HPMC+PEG; 3,375 ;KG;;;
8703068;SEMI ACABADO;703068;ROSUVASTATINA CALCICA 20MG COM REV;750.000;600;011049;OXIDO DE FERRO VERM(USP REF.33.8075); 0,029 ;KG;;;
9703068;SEMI ACABADO;703068;ROSUVASTATINA CALCICA 20MG COM REV;750.000;600;011050;OXIDO FERRO AMARELO; 0,014 ;KG;;;
10703068;SEMI ACABADO;703068;ROSUVASTATINA CALCICA 20MG COM REV;750.000;600;011776;ROSUVASTATINA; 15,600 ;KG;;;
1703091;SEMI ACABADO;703091;CLORIDRATO ZIPRASIDONA (C1) 40MG CAP;500.000;600;010041;DIOXIDO SILICIO COLOIDAL ANIDRO; 0,450 ;KG;;;
2703091;SEMI ACABADO;703091;CLORIDRATO ZIPRASIDONA (C1) 40MG CAP;500.000;600;010200;OLEO DE RICINO HIDROGENADO ETOXILADO; 1,800 ;KG;;;
3703091;SEMI ACABADO;703091;CLORIDRATO ZIPRASIDONA (C1) 40MG CAP;500.000;600;010739;LACTOSE (50/70); 56,084 ;KG;;;
4703091;SEMI ACABADO;703091;CLORIDRATO ZIPRASIDONA (C1) 40MG CAP;500.000;600;011018;AMIDO DE MILHO PREGELATINIZADO; 9,000 ;KG;;;
5703091;SEMI ACABADO;703091;CLORIDRATO ZIPRASIDONA (C1) 40MG CAP;500.000;600;011405;CAPS 3 AZUL/AZUL; 500.000,000 ;UN;;;
6703091;SEMI ACABADO;703091;CLORIDRATO ZIPRASIDONA (C1) 40MG CAP;500.000;600;012351;ESTEARIL FUMARATO DE SODIO; 0,900 ;KG;;;
7703091;SEMI ACABADO;703091;CLORIDRATO ZIPRASIDONA (C1) 40MG CAP;500.000;600;016366;CLOR. DE ZIPRASIDONA MONO. MICRON. (C1); 21,767 ;KG;;;
1703096;SEMI ACABADO;703096;CLOR.VENLAFAXINA (C1) 75MG CAP GEL DU LP;200.000;600;011361;CAPS 2 BCO / BCO; 200.000,000 ;UN;;;
2703096;SEMI ACABADO;703096;CLOR.VENLAFAXINA (C1) 75MG CAP GEL DU LP;200.000;600;011901;VENLAFAXINA PELLETS (C1)**; 45,972 ;KG;;;
1703098;SEMI ACABADO;703098;HEMIFUMARATO DE BISOPROLOL 5MG COM REV ;470.588;600;010041;DIOXIDO SILICIO COLOIDAL ANIDRO; 0,710 ;KG;;;
2703098;SEMI ACABADO;703098;HEMIFUMARATO DE BISOPROLOL 5MG COM REV ;470.588;600;010199;COR ALUM LACA VERMELHO 40; 0,020 ;KG;;;
3703098;SEMI ACABADO;703098;HEMIFUMARATO DE BISOPROLOL 5MG COM REV ;470.588;600;010228;DIOXIDO TITANIO; 0,720 ;KG;;;
4703098;SEMI ACABADO;703098;HEMIFUMARATO DE BISOPROLOL 5MG COM REV ;470.588;600;010311;ESTEARATO MAGNESIO; 0,710 ;KG;;;
5703098;SEMI ACABADO;703098;HEMIFUMARATO DE BISOPROLOL 5MG COM REV ;470.588;600;010501;CELULOSE MIC.(TIPO102); 4,710 ;KG;;;
6703098;SEMI ACABADO;703098;HEMIFUMARATO DE BISOPROLOL 5MG COM REV ;470.588;600;010731;FOSF.CAL.DIB.(COMPDIRETA); 64,927 ;KG;;;
7703098;SEMI ACABADO;703098;HEMIFUMARATO DE BISOPROLOL 5MG COM REV ;470.588;600;010979;HPMC+PEG; 2,400 ;KG;;;
8703098;SEMI ACABADO;703098;HEMIFUMARATO DE BISOPROLOL 5MG COM REV ;470.588;600;011806;HEMIFUMARATO DE BISOPROLOL; 2,353 ;KG;;;
9703098;SEMI ACABADO;703098;HEMIFUMARATO DE BISOPROLOL 5MG COM REV ;470.588;600;010056;AMIDO; 6,590 ;KG;;;
1703099;SEMI ACABADO;703099;HEMIFUMARATO DE BISOPROLOL 2,5MG COM REV;470.588;600;010041;DIOXIDO SILICIO COLOIDAL ANIDRO; 0,710 ;KG;;;
2703099;SEMI ACABADO;703099;HEMIFUMARATO DE BISOPROLOL 2,5MG COM REV;470.588;600;010228;DIOXIDO TITANIO; 0,730 ;KG;;;
3703099;SEMI ACABADO;703099;HEMIFUMARATO DE BISOPROLOL 2,5MG COM REV;470.588;600;010311;ESTEARATO MAGNESIO; 0,710 ;KG;;;
4703099;SEMI ACABADO;703099;HEMIFUMARATO DE BISOPROLOL 2,5MG COM REV;470.588;600;010501;CELULOSE MIC.(TIPO102); 4,710 ;KG;;;
5703099;SEMI ACABADO;703099;HEMIFUMARATO DE BISOPROLOL 2,5MG COM REV;470.588;600;010731;FOSF.CAL.DIB.(COMPDIRETA); 66,103 ;KG;;;
6703099;SEMI ACABADO;703099;HEMIFUMARATO DE BISOPROLOL 2,5MG COM REV;470.588;600;010979;HPMC+PEG; 2,400 ;KG;;;
7703099;SEMI ACABADO;703099;HEMIFUMARATO DE BISOPROLOL 2,5MG COM REV;470.588;600;011806;HEMIFUMARATO DE BISOPROLOL; 1,176 ;KG;;;
8703099;SEMI ACABADO;703099;HEMIFUMARATO DE BISOPROLOL 2,5MG COM REV;470.588;600;010056;AMIDO; 6,590 ;KG;;;
1703100;SEMI ACABADO;703100;HEMIFUMARATO DE BISOPROLOL1,25MG COM REV;941.176;600;010041;DIOXIDO SILICIO COLOIDAL ANIDRO; 0,710 ;KG;;;
2703100;SEMI ACABADO;703100;HEMIFUMARATO DE BISOPROLOL1,25MG COM REV;941.176;600;010228;DIOXIDO TITANIO; 0,730 ;KG;;;
3703100;SEMI ACABADO;703100;HEMIFUMARATO DE BISOPROLOL1,25MG COM REV;941.176;600;010311;ESTEARATO MAGNESIO; 0,710 ;KG;;;
4703100;SEMI ACABADO;703100;HEMIFUMARATO DE BISOPROLOL1,25MG COM REV;941.176;600;010501;CELULOSE MIC.(TIPO102); 4,710 ;KG;;;
5703100;SEMI ACABADO;703100;HEMIFUMARATO DE BISOPROLOL1,25MG COM REV;941.176;600;010731;FOSF.CAL.DIB.(COMPDIRETA); 66,104 ;KG;;;
6703100;SEMI ACABADO;703100;HEMIFUMARATO DE BISOPROLOL1,25MG COM REV;941.176;600;010979;HPMC+PEG; 2,400 ;KG;;;
7703100;SEMI ACABADO;703100;HEMIFUMARATO DE BISOPROLOL1,25MG COM REV;941.176;600;011806;HEMIFUMARATO DE BISOPROLOL; 1,176 ;KG;;;
8703100;SEMI ACABADO;703100;HEMIFUMARATO DE BISOPROLOL1,25MG COM REV;941.176;600;010056;AMIDO; 6,590 ;KG;;;
1704408;SEMI ACABADO;704408;ESOMEPRAZOL MAGNESICO 20MG CR LIB RETARD;1.200.000;600;010041;DIOXIDO SILICIO COLOIDAL ANIDRO; 3,150 ;KG;;;
2704408;SEMI ACABADO;704408;ESOMEPRAZOL MAGNESICO 20MG CR LIB RETARD;1.200.000;600;010116;CARBONATO SODIO; 16,800 ;KG;;;
3704408;SEMI ACABADO;704408;ESOMEPRAZOL MAGNESICO 20MG CR LIB RETARD;1.200.000;600;010310;ESTEARATO CALCIO; 4,200 ;KG;;;
4704408;SEMI ACABADO;704408;ESOMEPRAZOL MAGNESICO 20MG CR LIB RETARD;1.200.000;600;010469;LAURIL SULFATO SODIO (PO); 4,200 ;KG;;;
5704408;SEMI ACABADO;704408;ESOMEPRAZOL MAGNESICO 20MG CR LIB RETARD;1.200.000;600;010483;MANITOL; 46,726 ;KG;;;
6704408;SEMI ACABADO;704408;ESOMEPRAZOL MAGNESICO 20MG CR LIB RETARD;1.200.000;600;010501;CELULOSE MIC.(TIPO102); 61,964 ;KG;;;
7704408;SEMI ACABADO;704408;ESOMEPRAZOL MAGNESICO 20MG CR LIB RETARD;1.200.000;600;010553;CROSPOVIDONE; 42,000 ;KG;;;
8704408;SEMI ACABADO;704408;ESOMEPRAZOL MAGNESICO 20MG CR LIB RETARD;1.200.000;600;010953;TALCO; 3,368 ;KG;;;
9704408;SEMI ACABADO;704408;ESOMEPRAZOL MAGNESICO 20MG CR LIB RETARD;1.200.000;600;010964;POVIDONA K29-32; 4,200 ;KG;;;
10704408;SEMI ACABADO;704408;ESOMEPRAZOL MAGNESICO 20MG CR LIB RETARD;1.200.000;600;011683;POL.ANI.AC.METACRIL.(EUDRAGIT L30D); 37,792 ;KG;;;
11704408;SEMI ACABADO;704408;ESOMEPRAZOL MAGNESICO 20MG CR LIB RETARD;1.200.000;600;011684;TRIETILCITRATO; 1,134 ;KG;;;
12704408;SEMI ACABADO;704408;ESOMEPRAZOL MAGNESICO 20MG CR LIB RETARD;1.200.000;600;019037;ESOMEPRAZOL MAGNESICO TRIID(217087-09-7); 26,760 ;KG;;;
13704408;SEMI ACABADO;704408;ESOMEPRAZOL MAGNESICO 20MG CR LIB RETARD;1.200.000;600;301173;HPMC+PVP+PPG+DIOX TIT+OX FERRO VERM; 16,800 ;KG;;;
1704409;SEMI ACABADO;704409;ESOMEPRAZOL MAGNESICO 40MG CR LIB RETARD;1.000.000;600;010041;DIOXIDO SILICIO COLOIDAL ANIDRO; 3,000 ;KG;;;
2704409;SEMI ACABADO;704409;ESOMEPRAZOL MAGNESICO 40MG CR LIB RETARD;1.000.000;600;010116;CARBONATO SODIO; 16,000 ;KG;;;
3704409;SEMI ACABADO;704409;ESOMEPRAZOL MAGNESICO 40MG CR LIB RETARD;1.000.000;600;010310;ESTEARATO CALCIO; 4,000 ;KG;;;
4704409;SEMI ACABADO;704409;ESOMEPRAZOL MAGNESICO 40MG CR LIB RETARD;1.000.000;600;010469;LAURIL SULFATO SODIO (PO); 4,000 ;KG;;;
5704409;SEMI ACABADO;704409;ESOMEPRAZOL MAGNESICO 40MG CR LIB RETARD;1.000.000;600;010483;MANITOL; 44,500 ;KG;;;
6704409;SEMI ACABADO;704409;ESOMEPRAZOL MAGNESICO 40MG CR LIB RETARD;1.000.000;600;010501;CELULOSE MIC.(TIPO102); 40,000 ;KG;;;
7704409;SEMI ACABADO;704409;ESOMEPRAZOL MAGNESICO 40MG CR LIB RETARD;1.000.000;600;010553;CROSPOVIDONE; 40,000 ;KG;;;
8704409;SEMI ACABADO;704409;ESOMEPRAZOL MAGNESICO 40MG CR LIB RETARD;1.000.000;600;010953;TALCO; 3,300 ;KG;;;
9704409;SEMI ACABADO;704409;ESOMEPRAZOL MAGNESICO 40MG CR LIB RETARD;1.000.000;600;010964;POVIDONA K29-32; 4,000 ;KG;;;
10704409;SEMI ACABADO;704409;ESOMEPRAZOL MAGNESICO 40MG CR LIB RETARD;1.000.000;600;011683;POL.ANI.AC.METACRIL.(EUDRAGIT L30D); 37,000 ;KG;;;
11704409;SEMI ACABADO;704409;ESOMEPRAZOL MAGNESICO 40MG CR LIB RETARD;1.000.000;600;011684;TRIETILCITRATO; 1,100 ;KG;;;
12704409;SEMI ACABADO;704409;ESOMEPRAZOL MAGNESICO 40MG CR LIB RETARD;1.000.000;600;019037;ESOMEPRAZOL MAGNESICO TRIID(217087-09-7); 44,500 ;KG;;;
13704409;SEMI ACABADO;704409;ESOMEPRAZOL MAGNESICO 40MG CR LIB RETARD;1.000.000;600;301173;HPMC+PVP+PPG+DIOX TIT+OX FERRO VERM; 16,000 ;KG;;;
1703107;SEMI ACABADO;703107;DICL. DE PRAMIPEXOL (C1) 1,0MG COM;200.000;600;010041;DIOXIDO SILICIO COLOIDAL ANIDRO; 0,212 ;KG;;;
2703107;SEMI ACABADO;703107;DICL. DE PRAMIPEXOL (C1) 1,0MG COM;200.000;600;010483;MANITOL; 38,440 ;KG;;;
3703107;SEMI ACABADO;703107;DICL. DE PRAMIPEXOL (C1) 1,0MG COM;200.000;600;010877;ACIDO ESTEARICO VEGETAL(MICRONIZADO); 0,420 ;KG;;;
4703107;SEMI ACABADO;703107;DICL. DE PRAMIPEXOL (C1) 1,0MG COM;200.000;600;010923;CROSCARMELOSE SODICA; 1,680 ;KG;;;
5703107;SEMI ACABADO;703107;DICL. DE PRAMIPEXOL (C1) 1,0MG COM;200.000;600;010964;POVIDONA K29-32; 1,048 ;KG;;;
6703107;SEMI ACABADO;703107;DICL. DE PRAMIPEXOL (C1) 1,0MG COM;200.000;600;012461;DICLORIDRATO PRAMIPEXOL MONOIDRAT.(C1); 0,200 ;KG;;;
1703127;SEMI ACABADO;703127;TELMISARTANA 80MG COMPRIMIDO;500.000;600;010041;DIOXIDO SILICIO COLOIDAL ANIDRO; 1,200 ;KG;;;
2703127;SEMI ACABADO;703127;TELMISARTANA 80MG COMPRIMIDO;500.000;600;010046;ALCOOL ETILICO; 43,000 ;KG;;;
3703127;SEMI ACABADO;703127;TELMISARTANA 80MG COMPRIMIDO;500.000;600;010071;CELULOSE MIC (TIPO200); 75,480 ;KG;;;
4703127;SEMI ACABADO;703127;TELMISARTANA 80MG COMPRIMIDO;500.000;600;010311;ESTEARATO MAGNESIO; 2,400 ;KG;;;
5703127;SEMI ACABADO;703127;TELMISARTANA 80MG COMPRIMIDO;500.000;600;010451;HIDROXIDO SODIO; 1,920 ;KG;;;
6703127;SEMI ACABADO;703127;TELMISARTANA 80MG COMPRIMIDO;500.000;600;010739;LACTOSE (50/70); 75,600 ;KG;;;
7703127;SEMI ACABADO;703127;TELMISARTANA 80MG COMPRIMIDO;500.000;600;010964;POVIDONA K29-32; 9,600 ;KG;;;
8703127;SEMI ACABADO;703127;TELMISARTANA 80MG COMPRIMIDO;500.000;600;012489;MEGLUMINA; 30,000 ;KG;;;
9703127;SEMI ACABADO;703127;TELMISARTANA 80MG COMPRIMIDO;500.000;600;013368;TELMISARTANA; 42,000 ;KG;;;
10703127;SEMI ACABADO;703127;TELMISARTANA 80MG COMPRIMIDO;500.000;600;010553;CROSPOVIDONE; 1,800 ;KG;;;
1703128;SEMI ACABADO;703128;TELMISARTANA 40MG COMPRIMIDO;1.000.000;600;010041;DIOXIDO SILICIO COLOIDAL ANIDRO; 1,200 ;KG;;;
2703128;SEMI ACABADO;703128;TELMISARTANA 40MG COMPRIMIDO;1.000.000;600;010046;ALCOOL ETILICO; 43,000 ;KG;;;
3703128;SEMI ACABADO;703128;TELMISARTANA 40MG COMPRIMIDO;1.000.000;600;010071;CELULOSE MIC (TIPO200); 75,480 ;KG;;;
4703128;SEMI ACABADO;703128;TELMISARTANA 40MG COMPRIMIDO;1.000.000;600;010311;ESTEARATO MAGNESIO; 2,400 ;KG;;;
5703128;SEMI ACABADO;703128;TELMISARTANA 40MG COMPRIMIDO;1.000.000;600;010451;HIDROXIDO SODIO; 1,920 ;KG;;;
6703128;SEMI ACABADO;703128;TELMISARTANA 40MG COMPRIMIDO;1.000.000;600;010739;LACTOSE (50/70); 75,600 ;KG;;;
7703128;SEMI ACABADO;703128;TELMISARTANA 40MG COMPRIMIDO;1.000.000;600;010964;POVIDONA K29-32; 9,600 ;KG;;;
8703128;SEMI ACABADO;703128;TELMISARTANA 40MG COMPRIMIDO;1.000.000;600;012489;MEGLUMINA; 30,000 ;KG;;;
9703128;SEMI ACABADO;703128;TELMISARTANA 40MG COMPRIMIDO;1.000.000;600;013368;TELMISARTANA; 42,000 ;KG;;;
10703128;SEMI ACABADO;703128;TELMISARTANA 40MG COMPRIMIDO;1.000.000;600;010553;CROSPOVIDONE; 1,800 ;KG;;;
1703130;SEMI ACABADO;703130;REPAGLINIDA 2MG COMPRIMIDO ;600.000;600;010046;ALCOOL ETILICO; 9,720 ;KG;;;
2703130;SEMI ACABADO;703130;REPAGLINIDA 2MG COMPRIMIDO ;600.000;600;010112;CARBONATO DE CALCIO (EXTRA LEVE); 11,400 ;KG;;;
3703130;SEMI ACABADO;703130;REPAGLINIDA 2MG COMPRIMIDO ;600.000;600;010311;ESTEARATO MAGNESIO; 0,288 ;KG;;;
4703130;SEMI ACABADO;703130;REPAGLINIDA 2MG COMPRIMIDO ;600.000;600;010405;FOSFATO CALCIO DIB. DIHIDRAT.(BARRAPHOS); 17,100 ;KG;;;
5703130;SEMI ACABADO;703130;REPAGLINIDA 2MG COMPRIMIDO ;600.000;600;010469;LAURIL SULFATO SODIO (PO); 1,254 ;KG;;;
6703130;SEMI ACABADO;703130;REPAGLINIDA 2MG COMPRIMIDO ;600.000;600;010501;CELULOSE MIC.(TIPO102); 16,020 ;KG;;;
7703130;SEMI ACABADO;703130;REPAGLINIDA 2MG COMPRIMIDO ;600.000;600;010964;POVIDONA K29-32; 2,850 ;KG;;;
8703130;SEMI ACABADO;703130;REPAGLINIDA 2MG COMPRIMIDO ;600.000;600;011049;OXIDO DE FERRO VERM(USP REF.33.8075); 0,048 ;KG;;;
9703130;SEMI ACABADO;703130;REPAGLINIDA 2MG COMPRIMIDO ;600.000;600;011758;REPAGLINIDA MICRONIZADA; 1,200 ;KG;;;
10703130;SEMI ACABADO;703130;REPAGLINIDA 2MG COMPRIMIDO ;600.000;600;010553;CROSPOVIDONE; 1,710 ;KG;;;
11703130;SEMI ACABADO;703130;REPAGLINIDA 2MG COMPRIMIDO ;600.000;600;010056;AMIDO; 5,130 ;KG;;;
1703131;SEMI ACABADO;703131;VALSARTANA+HIDROCLOR 320/12,5MG COM REV;500.000;600;010553;CROSPOVIDONE; 16,000 ;KG;;;
2703131;SEMI ACABADO;703131;VALSARTANA+HIDROCLOR 320/12,5MG COM REV;500.000;600;010041;DIOXIDO SILICIO COLOIDAL ANIDRO; 3,200 ;KG;;;
3703131;SEMI ACABADO;703131;VALSARTANA+HIDROCLOR 320/12,5MG COM REV;500.000;600;010311;ESTEARATO MAGNESIO; 1,600 ;KG;;;
4703131;SEMI ACABADO;703131;VALSARTANA+HIDROCLOR 320/12,5MG COM REV;500.000;600;010739;LACTOSE (50/70); 23,200 ;KG;;;
5703131;SEMI ACABADO;703131;VALSARTANA+HIDROCLOR 320/12,5MG COM REV;500.000;600;011032;ALC.POL.+DIOX.TIT.+PEG+TALCO; 9,590 ;KG;;;
6703131;SEMI ACABADO;703131;VALSARTANA+HIDROCLOR 320/12,5MG COM REV;500.000;600;011049;OXIDO DE FERRO VERM(USP REF.33.8075); 0,010 ;KG;;;
7703131;SEMI ACABADO;703131;VALSARTANA+HIDROCLOR 320/12,5MG COM REV;500.000;600;011473;VALSARTANA; 160,000 ;KG;;;
8703131;SEMI ACABADO;703131;VALSARTANA+HIDROCLOR 320/12,5MG COM REV;500.000;600;012624;CELULOSE MICROC.SILIC.HD90; 109,750 ;KG;;;
9703131;SEMI ACABADO;703131;VALSARTANA+HIDROCLOR 320/12,5MG COM REV;500.000;600;013796;HIDROCLOROTIAZIDA MICRONIZADA (58-93-5); 6,250 ;KG;;;
1703150;SEMI ACABADO;703150;VALERIANA+PASSIFLORA+CRATAEGUS COMP;1.200.000;600;010041;DIOXIDO SILICIO COLOIDAL ANIDRO; 4,000 ;KG;;;
2703150;SEMI ACABADO;703150;VALERIANA+PASSIFLORA+CRATAEGUS COMP;1.200.000;600;010311;ESTEARATO MAGNESIO; 6,000 ;KG;;;
3703150;SEMI ACABADO;703150;VALERIANA+PASSIFLORA+CRATAEGUS COMP;1.200.000;600;010381;EXTRATO SECO CRATAEGUS; 36,000 ;KG;;;
4703150;SEMI ACABADO;703150;VALERIANA+PASSIFLORA+CRATAEGUS COMP;1.200.000;600;010383;EXTRATO SECO PASSIFLORA; 60,000 ;KG;;;
5703150;SEMI ACABADO;703150;VALERIANA+PASSIFLORA+CRATAEGUS COMP;1.200.000;600;010384;EXTRATO SECO VALERIANA; 48,000 ;KG;;;
6703150;SEMI ACABADO;703150;VALERIANA+PASSIFLORA+CRATAEGUS COMP;1.200.000;600;010885;COR ALUM LACA AZUL1; 2,400 ;KG;;;
7703150;SEMI ACABADO;703150;VALERIANA+PASSIFLORA+CRATAEGUS COMP;1.200.000;600;010923;CROSCARMELOSE SODICA; 12,000 ;KG;;;
8703150;SEMI ACABADO;703150;VALERIANA+PASSIFLORA+CRATAEGUS COMP;1.200.000;600;011664;CELULOSE+LACTOSE; 371,600 ;KG;;;
1703153;SEMI ACABADO;703153;VALSARTANA+ANLODIPINO 320/10MG COM REV;850.000;600;010553;CROSPOVIDONE; 29,750 ;KG;;;
2703153;SEMI ACABADO;703153;VALSARTANA+ANLODIPINO 320/10MG COM REV;850.000;600;011473;VALSARTANA; 272,000 ;KG;;;
3703153;SEMI ACABADO;703153;VALSARTANA+ANLODIPINO 320/10MG COM REV;850.000;600;010041;DIOXIDO SILICIO COLOIDAL ANIDRO; 5,950 ;KG;;;
4703153;SEMI ACABADO;703153;VALSARTANA+ANLODIPINO 320/10MG COM REV;850.000;600;010311;ESTEARATO MAGNESIO; 5,950 ;KG;;;
5703153;SEMI ACABADO;703153;VALSARTANA+ANLODIPINO 320/10MG COM REV;850.000;600;010501;CELULOSE MIC.(TIPO102); 168,410 ;KG;;;
6703153;SEMI ACABADO;703153;VALSARTANA+ANLODIPINO 320/10MG COM REV;850.000;600;010739;LACTOSE (50/70); 89,250 ;KG;;;
7703153;SEMI ACABADO;703153;VALSARTANA+ANLODIPINO 320/10MG COM REV;850.000;600;010923;CROSCARMELOSE SODICA; 11,900 ;KG;;;
8703153;SEMI ACABADO;703153;VALSARTANA+ANLODIPINO 320/10MG COM REV;850.000;600;011032;ALC.POL.+DIOX.TIT.+PEG+TALCO; 17,610 ;KG;;;
9703153;SEMI ACABADO;703153;VALSARTANA+ANLODIPINO 320/10MG COM REV;850.000;600;011049;OXIDO DE FERRO VERM(USP REF.33.8075); 0,060 ;KG;;;
10703153;SEMI ACABADO;703153;VALSARTANA+ANLODIPINO 320/10MG COM REV;850.000;600;011050;OXIDO FERRO AMARELO; 0,180 ;KG;;;
11703153;SEMI ACABADO;703153;VALSARTANA+ANLODIPINO 320/10MG COM REV;850.000;600;011360;BESILATO DE ANLODIPINO; 11,790 ;KG;;;
1703154;SEMI ACABADO;703154;VALSARTANA+ANLODIPINO 320/5MG COM REV;850.000;600;010553;CROSPOVIDONE; 29,750 ;KG;;;
2703154;SEMI ACABADO;703154;VALSARTANA+ANLODIPINO 320/5MG COM REV;850.000;600;011473;VALSARTANA; 272,000 ;KG;;;
3703154;SEMI ACABADO;703154;VALSARTANA+ANLODIPINO 320/5MG COM REV;850.000;600;010041;DIOXIDO SILICIO COLOIDAL ANIDRO; 5,950 ;KG;;;
4703154;SEMI ACABADO;703154;VALSARTANA+ANLODIPINO 320/5MG COM REV;850.000;600;010311;ESTEARATO MAGNESIO; 5,950 ;KG;;;
5703154;SEMI ACABADO;703154;VALSARTANA+ANLODIPINO 320/5MG COM REV;850.000;600;010501;CELULOSE MIC.(TIPO102); 174,305 ;KG;;;
6703154;SEMI ACABADO;703154;VALSARTANA+ANLODIPINO 320/5MG COM REV;850.000;600;010739;LACTOSE (50/70); 89,250 ;KG;;;
7703154;SEMI ACABADO;703154;VALSARTANA+ANLODIPINO 320/5MG COM REV;850.000;600;010923;CROSCARMELOSE SODICA; 11,900 ;KG;;;
8703154;SEMI ACABADO;703154;VALSARTANA+ANLODIPINO 320/5MG COM REV;850.000;600;011032;ALC.POL.+DIOX.TIT.+PEG+TALCO; 17,610 ;KG;;;
9703154;SEMI ACABADO;703154;VALSARTANA+ANLODIPINO 320/5MG COM REV;850.000;600;011049;OXIDO DE FERRO VERM(USP REF.33.8075); 0,020 ;KG;;;
10703154;SEMI ACABADO;703154;VALSARTANA+ANLODIPINO 320/5MG COM REV;850.000;600;011050;OXIDO FERRO AMARELO; 0,230 ;KG;;;
11703154;SEMI ACABADO;703154;VALSARTANA+ANLODIPINO 320/5MG COM REV;850.000;600;011360;BESILATO DE ANLODIPINO; 5,895 ;KG;;;
1703156;SEMI ACABADO;703156;VALSARTANA+ANLODIPINO 160/5MG COM REV;1.700.000;600;010553;CROSPOVIDONE; 29,750 ;KG;;;
2703156;SEMI ACABADO;703156;VALSARTANA+ANLODIPINO 160/5MG COM REV;1.700.000;600;011473;VALSARTANA; 272,000 ;KG;;;
3703156;SEMI ACABADO;703156;VALSARTANA+ANLODIPINO 160/5MG COM REV;1.700.000;600;010041;DIOXIDO SILICIO COLOIDAL ANIDRO; 5,950 ;KG;;;
4703156;SEMI ACABADO;703156;VALSARTANA+ANLODIPINO 160/5MG COM REV;1.700.000;600;010311;ESTEARATO MAGNESIO; 5,950 ;KG;;;
5703156;SEMI ACABADO;703156;VALSARTANA+ANLODIPINO 160/5MG COM REV;1.700.000;600;010501;CELULOSE MIC.(TIPO102); 168,402 ;KG;;;
6703156;SEMI ACABADO;703156;VALSARTANA+ANLODIPINO 160/5MG COM REV;1.700.000;600;010739;LACTOSE (50/70); 89,250 ;KG;;;
7703156;SEMI ACABADO;703156;VALSARTANA+ANLODIPINO 160/5MG COM REV;1.700.000;600;010923;CROSCARMELOSE SODICA; 11,900 ;KG;;;
8703156;SEMI ACABADO;703156;VALSARTANA+ANLODIPINO 160/5MG COM REV;1.700.000;600;011032;ALC.POL.+DIOX.TIT.+PEG+TALCO; 17,610 ;KG;;;
9703156;SEMI ACABADO;703156;VALSARTANA+ANLODIPINO 160/5MG COM REV;1.700.000;600;011049;OXIDO DE FERRO VERM(USP REF.33.8075); 0,020 ;KG;;;
10703156;SEMI ACABADO;703156;VALSARTANA+ANLODIPINO 160/5MG COM REV;1.700.000;600;011050;OXIDO FERRO AMARELO; 0,230 ;KG;;;
11703156;SEMI ACABADO;703156;VALSARTANA+ANLODIPINO 160/5MG COM REV;1.700.000;600;011360;BESILATO DE ANLODIPINO; 11,790 ;KG;;;
1703160;SEMI ACABADO;703160;CLOR. DULOXETINA (C1) 30MG CAP;875.433;600;011361;CAPS 2 BCO / BCO; 875.433,000 ;UN;;;
2703160;SEMI ACABADO;703160;CLOR. DULOXETINA (C1) 30MG CAP;875.433;600;013516;CLORIDRATO DE DULOXETINA PELLETS 17%(C1); 154,514 ;KG;;;
1703161;SEMI ACABADO;703161;CLOR. DULOXETINA (C1) 60MG CAP;437.840;600;010887;CAPS 0 BCO/AZUL ROYAL; 437.840,000 ;UN;;;
2703161;SEMI ACABADO;703161;CLOR. DULOXETINA (C1) 60MG CAP;437.840;600;013516;CLORIDRATO DE DULOXETINA PELLETS 17%(C1); 154,514 ;KG;;;
1703162;SEMI ACABADO;703162;TELMISARTANA + HCT 80MG + 25MG COM;500.000;600;010553;CROSPOVIDONE; 12,000 ;KG;;;
2703162;SEMI ACABADO;703162;TELMISARTANA + HCT 80MG + 25MG COM;500.000;600;010056;AMIDO; 8,000 ;KG;;;
3703162;SEMI ACABADO;703162;TELMISARTANA + HCT 80MG + 25MG COM;500.000;600;010041;DIOXIDO SILICIO COLOIDAL ANIDRO; 0,500 ;KG;;;
4703162;SEMI ACABADO;703162;TELMISARTANA + HCT 80MG + 25MG COM;500.000;600;010041;DIOXIDO SILICIO COLOIDAL ANIDRO; 1,200 ;KG;;;
5703162;SEMI ACABADO;703162;TELMISARTANA + HCT 80MG + 25MG COM;500.000;600;010046;ALCOOL ETILICO; 10,125 ;KG;;;
6703162;SEMI ACABADO;703162;TELMISARTANA + HCT 80MG + 25MG COM;500.000;600;010046;ALCOOL ETILICO; 10,125 ;KG;;;
7703162;SEMI ACABADO;703162;TELMISARTANA + HCT 80MG + 25MG COM;500.000;600;010046;ALCOOL ETILICO; 48,600 ;KG;;;
8703162;SEMI ACABADO;703162;TELMISARTANA + HCT 80MG + 25MG COM;500.000;600;010311;ESTEARATO MAGNESIO; 1,000 ;KG;;;
9703162;SEMI ACABADO;703162;TELMISARTANA + HCT 80MG + 25MG COM;500.000;600;010311;ESTEARATO MAGNESIO; 2,400 ;KG;;;
10703162;SEMI ACABADO;703162;TELMISARTANA + HCT 80MG + 25MG COM;500.000;600;010331;GLICOLATO AMIDO SODICO; 3,000 ;KG;;;
11703162;SEMI ACABADO;703162;TELMISARTANA + HCT 80MG + 25MG COM;500.000;600;010451;HIDROXIDO SODIO; 1,920 ;KG;;;
12703162;SEMI ACABADO;703162;TELMISARTANA + HCT 80MG + 25MG COM;500.000;600;010501;CELULOSE MIC.(TIPO102); 38,880 ;KG;;;
13703162;SEMI ACABADO;703162;TELMISARTANA + HCT 80MG + 25MG COM;500.000;600;010501;CELULOSE MIC.(TIPO102); 40,000 ;KG;;;
14703162;SEMI ACABADO;703162;TELMISARTANA + HCT 80MG + 25MG COM;500.000;600;010739;LACTOSE (50/70); 34,730 ;KG;;;
15703162;SEMI ACABADO;703162;TELMISARTANA + HCT 80MG + 25MG COM;500.000;600;010739;LACTOSE (50/70); 120,000 ;KG;;;
16703162;SEMI ACABADO;703162;TELMISARTANA + HCT 80MG + 25MG COM;500.000;600;010964;POVIDONA K29-32; 4,800 ;KG;;;
17703162;SEMI ACABADO;703162;TELMISARTANA + HCT 80MG + 25MG COM;500.000;600;011050;OXIDO FERRO AMARELO; 0,270 ;KG;;;
18703162;SEMI ACABADO;703162;TELMISARTANA + HCT 80MG + 25MG COM;500.000;600;012489;MEGLUMINA; 14,400 ;KG;;;
19703162;SEMI ACABADO;703162;TELMISARTANA + HCT 80MG + 25MG COM;500.000;600;013368;TELMISARTANA; 42,000 ;KG;;;
20703162;SEMI ACABADO;703162;TELMISARTANA + HCT 80MG + 25MG COM;500.000;600;013796;HIDROCLOROTIAZIDA MICRONIZADA (58-93-5); 12,500 ;KG;;;
21703162;SEMI ACABADO;703162;TELMISARTANA + HCT 80MG + 25MG COM;500.000;600;010553;CROSPOVIDONE; 2,400 ;KG;;;
1703163;SEMI ACABADO;703163;TELMISARTANA + HCT 40MG + 12,5MG COM;1.000.000;600;010056;AMIDO; 16,000 ;KG;;;
2703163;SEMI ACABADO;703163;TELMISARTANA + HCT 40MG + 12,5MG COM;1.000.000;600;010553;CROSPOVIDONE; 12,000 ;KG;;;
3703163;SEMI ACABADO;703163;TELMISARTANA + HCT 40MG + 12,5MG COM;1.000.000;600;010041;DIOXIDO SILICIO COLOIDAL ANIDRO; 1,000 ;KG;;;
4703163;SEMI ACABADO;703163;TELMISARTANA + HCT 40MG + 12,5MG COM;1.000.000;600;010041;DIOXIDO SILICIO COLOIDAL ANIDRO; 1,200 ;KG;;;
5703163;SEMI ACABADO;703163;TELMISARTANA + HCT 40MG + 12,5MG COM;1.000.000;600;010046;ALCOOL ETILICO; 10,800 ;KG;;;
6703163;SEMI ACABADO;703163;TELMISARTANA + HCT 40MG + 12,5MG COM;1.000.000;600;010046;ALCOOL ETILICO; 10,800 ;KG;;;
7703163;SEMI ACABADO;703163;TELMISARTANA + HCT 40MG + 12,5MG COM;1.000.000;600;010046;ALCOOL ETILICO; 48,600 ;KG;;;
8703163;SEMI ACABADO;703163;TELMISARTANA + HCT 40MG + 12,5MG COM;1.000.000;600;010311;ESTEARATO MAGNESIO; 2,000 ;KG;;;
9703163;SEMI ACABADO;703163;TELMISARTANA + HCT 40MG + 12,5MG COM;1.000.000;600;010311;ESTEARATO MAGNESIO; 2,400 ;KG;;;
10703163;SEMI ACABADO;703163;TELMISARTANA + HCT 40MG + 12,5MG COM;1.000.000;600;010331;GLICOLATO AMIDO SODICO; 6,000 ;KG;;;
11703163;SEMI ACABADO;703163;TELMISARTANA + HCT 40MG + 12,5MG COM;1.000.000;600;010451;HIDROXIDO SODIO; 1,920 ;KG;;;
12703163;SEMI ACABADO;703163;TELMISARTANA + HCT 40MG + 12,5MG COM;1.000.000;600;010501;CELULOSE MIC.(TIPO102); 38,880 ;KG;;;
13703163;SEMI ACABADO;703163;TELMISARTANA + HCT 40MG + 12,5MG COM;1.000.000;600;010501;CELULOSE MIC.(TIPO102); 80,000 ;KG;;;
14703163;SEMI ACABADO;703163;TELMISARTANA + HCT 40MG + 12,5MG COM;1.000.000;600;010739;LACTOSE (50/70); 81,960 ;KG;;;
15703163;SEMI ACABADO;703163;TELMISARTANA + HCT 40MG + 12,5MG COM;1.000.000;600;010739;LACTOSE (50/70); 120,000 ;KG;;;
16703163;SEMI ACABADO;703163;TELMISARTANA + HCT 40MG + 12,5MG COM;1.000.000;600;010964;POVIDONA K29-32; 4,800 ;KG;;;
17703163;SEMI ACABADO;703163;TELMISARTANA + HCT 40MG + 12,5MG COM;1.000.000;600;011049;OXIDO DE FERRO VERM(USP REF.33.8075); 0,540 ;KG;;;
18703163;SEMI ACABADO;703163;TELMISARTANA + HCT 40MG + 12,5MG COM;1.000.000;600;012489;MEGLUMINA; 14,400 ;KG;;;
19703163;SEMI ACABADO;703163;TELMISARTANA + HCT 40MG + 12,5MG COM;1.000.000;600;013368;TELMISARTANA; 42,000 ;KG;;;
20703163;SEMI ACABADO;703163;TELMISARTANA + HCT 40MG + 12,5MG COM;1.000.000;600;013796;HIDROCLOROTIAZIDA MICRONIZADA (58-93-5); 12,500 ;KG;;;
21703163;SEMI ACABADO;703163;TELMISARTANA + HCT 40MG + 12,5MG COM;1.000.000;600;010553;CROSPOVIDONE; 2,400 ;KG;;;
1703167;SEMI ACABADO;703167;CLORIDRATO ZIPRASIDONA (C1) 80MG CAP;500.000;600;010041;DIOXIDO SILICIO COLOIDAL ANIDRO; 0,900 ;KG;;;
2703167;SEMI ACABADO;703167;CLORIDRATO ZIPRASIDONA (C1) 80MG CAP;500.000;600;010200;OLEO DE RICINO HIDROGENADO ETOXILADO; 3,600 ;KG;;;
3703167;SEMI ACABADO;703167;CLORIDRATO ZIPRASIDONA (C1) 80MG CAP;500.000;600;010739;LACTOSE (50/70); 112,167 ;KG;;;
4703167;SEMI ACABADO;703167;CLORIDRATO ZIPRASIDONA (C1) 80MG CAP;500.000;600;011018;AMIDO DE MILHO PREGELATINIZADO; 18,000 ;KG;;;
5703167;SEMI ACABADO;703167;CLORIDRATO ZIPRASIDONA (C1) 80MG CAP;500.000;600;011215;CAPS 0 AZUL / AZUL; 500.000,000 ;UN;;;
6703167;SEMI ACABADO;703167;CLORIDRATO ZIPRASIDONA (C1) 80MG CAP;500.000;600;012351;ESTEARIL FUMARATO DE SODIO; 1,800 ;KG;;;
7703167;SEMI ACABADO;703167;CLORIDRATO ZIPRASIDONA (C1) 80MG CAP;500.000;600;016366;CLOR. DE ZIPRASIDONA MONO. MICRON. (C1); 43,533 ;KG;;;
1703171;SEMI ACABADO;703171;EZETIMIBA 10MG COM;2.500.000;600;010311;ESTEARATO MAGNESIO; 2,500 ;KG;;;
2703171;SEMI ACABADO;703171;EZETIMIBA 10MG COM;2.500.000;600;010469;LAURIL SULFATO SODIO (PO); 5,000 ;KG;;;
3703171;SEMI ACABADO;703171;EZETIMIBA 10MG COM;2.500.000;600;010501;CELULOSE MIC.(TIPO102); 50,000 ;KG;;;
4703171;SEMI ACABADO;703171;EZETIMIBA 10MG COM;2.500.000;600;010859;LACTOSE (200); 135,000 ;KG;;;
5703171;SEMI ACABADO;703171;EZETIMIBA 10MG COM;2.500.000;600;010923;CROSCARMELOSE SODICA; 20,000 ;KG;;;
6703171;SEMI ACABADO;703171;EZETIMIBA 10MG COM;2.500.000;600;010964;POVIDONA K29-32; 10,000 ;KG;;;
7703171;SEMI ACABADO;703171;EZETIMIBA 10MG COM;2.500.000;600;012508;EZETIMIBA (163222-33-1); 25,000 ;KG;;;
8703171;SEMI ACABADO;703171;EZETIMIBA 10MG COM;2.500.000;600;013140;DOCUSATO SODICO 100%; 2,500 ;KG;;;
1703172;SEMI ACABADO;703172;EZETIMIBA+SINVASTATINA 10/10MG COM;600.000;600;010018;ACIDO CITRICO ANIDRO; 0,152 ;KG;;;
2703172;SEMI ACABADO;703172;EZETIMIBA+SINVASTATINA 10/10MG COM;600.000;600;010046;ALCOOL ETILICO; 3,888 ;KG;;;
3703172;SEMI ACABADO;703172;EZETIMIBA+SINVASTATINA 10/10MG COM;600.000;600;010311;ESTEARATO MAGNESIO; 0,900 ;KG;;;
4703172;SEMI ACABADO;703172;EZETIMIBA+SINVASTATINA 10/10MG COM;600.000;600;010501;CELULOSE MIC.(TIPO102); 4,500 ;KG;;;
5703172;SEMI ACABADO;703172;EZETIMIBA+SINVASTATINA 10/10MG COM;600.000;600;010501;CELULOSE MIC.(TIPO102); 4,500 ;KG;;;
6703172;SEMI ACABADO;703172;EZETIMIBA+SINVASTATINA 10/10MG COM;600.000;600;010859;LACTOSE (200); 34,935 ;KG;;;
7703172;SEMI ACABADO;703172;EZETIMIBA+SINVASTATINA 10/10MG COM;600.000;600;010923;CROSCARMELOSE SODICA; 0,540 ;KG;;;
8703172;SEMI ACABADO;703172;EZETIMIBA+SINVASTATINA 10/10MG COM;600.000;600;010923;CROSCARMELOSE SODICA; 1,260 ;KG;;;
9703172;SEMI ACABADO;703172;EZETIMIBA+SINVASTATINA 10/10MG COM;600.000;600;011442;BUTILHIDROXIANISOL(BHA)(I); 0,012 ;KG;;;
10703172;SEMI ACABADO;703172;EZETIMIBA+SINVASTATINA 10/10MG COM;600.000;600;011723;HIDROXIPROPILMETILCELULOSE E-5; 1,200 ;KG;;;
11703172;SEMI ACABADO;703172;EZETIMIBA+SINVASTATINA 10/10MG COM;600.000;600;012508;EZETIMIBA (163222-33-1); 6,000 ;KG;;;
12703172;SEMI ACABADO;703172;EZETIMIBA+SINVASTATINA 10/10MG COM;600.000;600;014696;PROPILGALATO; 2,400 ;KG;;;
13703172;SEMI ACABADO;703172;EZETIMIBA+SINVASTATINA 10/10MG COM;600.000;600;018314;SINVASTATINA MICRONIZADA; 6,000 ;KG;;;
1703173;SEMI ACABADO;703173;EZETIMIBA+SINVASTATINA 10/20MG COM ;1.500.000;600;010018;ACIDO CITRICO ANIDRO; 0,750 ;KG;;;
2703173;SEMI ACABADO;703173;EZETIMIBA+SINVASTATINA 10/20MG COM ;1.500.000;600;010046;ALCOOL ETILICO; 19,440 ;KG;;;
3703173;SEMI ACABADO;703173;EZETIMIBA+SINVASTATINA 10/20MG COM ;1.500.000;600;010311;ESTEARATO MAGNESIO; 4,500 ;KG;;;
4703173;SEMI ACABADO;703173;EZETIMIBA+SINVASTATINA 10/20MG COM ;1.500.000;600;010501;CELULOSE MIC.(TIPO102); 22,500 ;KG;;;
5703173;SEMI ACABADO;703173;EZETIMIBA+SINVASTATINA 10/20MG COM ;1.500.000;600;010501;CELULOSE MIC.(TIPO102); 22,500 ;KG;;;
6703173;SEMI ACABADO;703173;EZETIMIBA+SINVASTATINA 10/20MG COM ;1.500.000;600;010859;LACTOSE (200); 189,675 ;KG;;;
7703173;SEMI ACABADO;703173;EZETIMIBA+SINVASTATINA 10/20MG COM ;1.500.000;600;010923;CROSCARMELOSE SODICA; 2,700 ;KG;;;
8703173;SEMI ACABADO;703173;EZETIMIBA+SINVASTATINA 10/20MG COM ;1.500.000;600;010923;CROSCARMELOSE SODICA; 6,300 ;KG;;;
9703173;SEMI ACABADO;703173;EZETIMIBA+SINVASTATINA 10/20MG COM ;1.500.000;600;011442;BUTILHIDROXIANISOL(BHA)(I); 0,060 ;KG;;;
10703173;SEMI ACABADO;703173;EZETIMIBA+SINVASTATINA 10/20MG COM ;1.500.000;600;011723;HIDROXIPROPILMETILCELULOSE E-5; 6,000 ;KG;;;
11703173;SEMI ACABADO;703173;EZETIMIBA+SINVASTATINA 10/20MG COM ;1.500.000;600;012508;EZETIMIBA (163222-33-1); 15,000 ;KG;;;
12703173;SEMI ACABADO;703173;EZETIMIBA+SINVASTATINA 10/20MG COM ;1.500.000;600;014696;PROPILGALATO; 0,015 ;KG;;;
13703173;SEMI ACABADO;703173;EZETIMIBA+SINVASTATINA 10/20MG COM ;1.500.000;600;018314;SINVASTATINA MICRONIZADA; 30,000 ;KG;;;
1703174;SEMI ACABADO;703174;EZETIMIBA+SINVASTATINA 10/40MG COM;500.000;600;010018;ACIDO CITRICO ANIDRO; 0,500 ;KG;;;
2703174;SEMI ACABADO;703174;EZETIMIBA+SINVASTATINA 10/40MG COM;500.000;600;010046;ALCOOL ETILICO; 12,555 ;KG;;;
3703174;SEMI ACABADO;703174;EZETIMIBA+SINVASTATINA 10/40MG COM;500.000;600;010311;ESTEARATO MAGNESIO; 3,000 ;KG;;;
4703174;SEMI ACABADO;703174;EZETIMIBA+SINVASTATINA 10/40MG COM;500.000;600;010501;CELULOSE MIC.(TIPO102); 15,000 ;KG;;;
5703174;SEMI ACABADO;703174;EZETIMIBA+SINVASTATINA 10/40MG COM;500.000;600;010501;CELULOSE MIC.(TIPO102); 15,000 ;KG;;;
6703174;SEMI ACABADO;703174;EZETIMIBA+SINVASTATINA 10/40MG COM;500.000;600;010859;LACTOSE (200); 131,450 ;KG;;;
7703174;SEMI ACABADO;703174;EZETIMIBA+SINVASTATINA 10/40MG COM;500.000;600;010923;CROSCARMELOSE SODICA; 1,800 ;KG;;;
8703174;SEMI ACABADO;703174;EZETIMIBA+SINVASTATINA 10/40MG COM;500.000;600;010923;CROSCARMELOSE SODICA; 4,200 ;KG;;;
9703174;SEMI ACABADO;703174;EZETIMIBA+SINVASTATINA 10/40MG COM;500.000;600;011442;BUTILHIDROXIANISOL(BHA)(I); 0,040 ;KG;;;
10703174;SEMI ACABADO;703174;EZETIMIBA+SINVASTATINA 10/40MG COM;500.000;600;011723;HIDROXIPROPILMETILCELULOSE E-5; 4,000 ;KG;;;
11703174;SEMI ACABADO;703174;EZETIMIBA+SINVASTATINA 10/40MG COM;500.000;600;012508;EZETIMIBA (163222-33-1); 5,000 ;KG;;;
12703174;SEMI ACABADO;703174;EZETIMIBA+SINVASTATINA 10/40MG COM;500.000;600;014696;PROPILGALATO; 0,010 ;KG;;;
13703174;SEMI ACABADO;703174;EZETIMIBA+SINVASTATINA 10/40MG COM;500.000;600;018314;SINVASTATINA MICRONIZADA; 20,000 ;KG;;;
1703186;SEMI ACABADO;703186;CITRATO DE SILDENAFILA 20MG COM VER;1.000.000;600;010041;DIOXIDO SILICIO COLOIDAL ANIDRO; 1,680 ;KG;;;
2703186;SEMI ACABADO;703186;CITRATO DE SILDENAFILA 20MG COM VER;1.000.000;600;010046;ALCOOL ETILICO; 34,830 ;KG;;;
3703186;SEMI ACABADO;703186;CITRATO DE SILDENAFILA 20MG COM VER;1.000.000;600;010311;ESTEARATO MAGNESIO; 2,380 ;KG;;;
4703186;SEMI ACABADO;703186;CITRATO DE SILDENAFILA 20MG COM VER;1.000.000;600;010739;LACTOSE (50/70); 16,800 ;KG;;;
5703186;SEMI ACABADO;703186;CITRATO DE SILDENAFILA 20MG COM VER;1.000.000;600;010923;CROSCARMELOSE SODICA; 4,900 ;KG;;;
6703186;SEMI ACABADO;703186;CITRATO DE SILDENAFILA 20MG COM VER;1.000.000;600;011531;CITRATO SILDENAFILA; 28,096 ;KG;;;
7703186;SEMI ACABADO;703186;CITRATO DE SILDENAFILA 20MG COM VER;1.000.000;600;012059;HPMC + PEG + DIOXIDO TITANIO; 4,200 ;KG;;;
8703186;SEMI ACABADO;703186;CITRATO DE SILDENAFILA 20MG COM VER;1.000.000;600;012459;CELULOSE MICROCRISTALINA (TIPO 302); 86,144 ;KG;;;
1703189;SEMI ACABADO;703189;MICOFENOLATO SODICO 180MG C REV LIB RET;300.000;600;010041;DIOXIDO SILICIO COLOIDAL ANIDRO; 1,980 ;KG;;;
2703189;SEMI ACABADO;703189;MICOFENOLATO SODICO 180MG C REV LIB RET;300.000;600;010046;ALCOOL ETILICO; 18,954 ;KG;;;
3703189;SEMI ACABADO;703189;MICOFENOLATO SODICO 180MG C REV LIB RET;300.000;600;010311;ESTEARATO MAGNESIO; 0,975 ;KG;;;
4703189;SEMI ACABADO;703189;MICOFENOLATO SODICO 180MG C REV LIB RET;300.000;600;010739;LACTOSE (50/70); 17,070 ;KG;;;
5703189;SEMI ACABADO;703189;MICOFENOLATO SODICO 180MG C REV LIB RET;300.000;600;010923;CROSCARMELOSE SODICA; 12,000 ;KG;;;
6703189;SEMI ACABADO;703189;MICOFENOLATO SODICO 180MG C REV LIB RET;300.000;600;010965;POVIDONA K-90; 3,255 ;KG;;;
7703189;SEMI ACABADO;703189;MICOFENOLATO SODICO 180MG C REV LIB RET;300.000;600;011723;HIDROXIPROPILMETILCELULOSE E-5; 0,320 ;KG;;;
8703189;SEMI ACABADO;703189;MICOFENOLATO SODICO 180MG C REV LIB RET;300.000;600;011783;MICOFENOLATO SODICO; 57,720 ;KG;;;
9703189;SEMI ACABADO;703189;MICOFENOLATO SODICO 180MG C REV LIB RET;300.000;600;014660;SURELEASE 19040; 2,470 ;KG;;;
1703190;SEMI ACABADO;703190;MICOFENOLATO SODICO 360MG C REV LIB RET;400.000;600;010041;DIOXIDO SILICIO COLOIDAL ANIDRO; 5,280 ;KG;;;
2703190;SEMI ACABADO;703190;MICOFENOLATO SODICO 360MG C REV LIB RET;400.000;600;010046;ALCOOL ETILICO; 62,800 ;KG;;;
3703190;SEMI ACABADO;703190;MICOFENOLATO SODICO 360MG C REV LIB RET;400.000;600;010311;ESTEARATO MAGNESIO; 2,600 ;KG;;;
4703190;SEMI ACABADO;703190;MICOFENOLATO SODICO 360MG C REV LIB RET;400.000;600;010739;LACTOSE (50/70); 45,560 ;KG;;;
5703190;SEMI ACABADO;703190;MICOFENOLATO SODICO 360MG C REV LIB RET;400.000;600;010923;CROSCARMELOSE SODICA; 32,000 ;KG;;;
6703190;SEMI ACABADO;703190;MICOFENOLATO SODICO 360MG C REV LIB RET;400.000;600;010965;POVIDONA K-90; 8,680 ;KG;;;
7703190;SEMI ACABADO;703190;MICOFENOLATO SODICO 360MG C REV LIB RET;400.000;600;011723;HIDROXIPROPILMETILCELULOSE E-5; 0,853 ;KG;;;
8703190;SEMI ACABADO;703190;MICOFENOLATO SODICO 360MG C REV LIB RET;400.000;600;011783;MICOFENOLATO SODICO; 153,880 ;KG;;;
9703190;SEMI ACABADO;703190;MICOFENOLATO SODICO 360MG C REV LIB RET;400.000;600;014660;SURELEASE 19040; 6,587 ;KG;;;
1703191;SEMI ACABADO;703191;ROSUVASTATINA CALCICA 40MG COM REV;200.000;600;010501;CELULOSE MIC.(TIPO102); 18,100 ;KG;;;
2703191;SEMI ACABADO;703191;ROSUVASTATINA CALCICA 40MG COM REV;200.000;600;010553;CROSPOVIDONE; 8,400 ;KG;;;
3703191;SEMI ACABADO;703191;ROSUVASTATINA CALCICA 40MG COM REV;200.000;600;010409;FOSFATO SODIO DIBASICO ANIDRO; 12,000 ;KG;;;
4703191;SEMI ACABADO;703191;ROSUVASTATINA CALCICA 40MG COM REV;200.000;600;011776;ROSUVASTATINA CALCICA; 8,320 ;KG;;;
5703191;SEMI ACABADO;703191;ROSUVASTATINA CALCICA 40MG COM REV;200.000;600;010739;LACTOSE (50/70); 71,680 ;KG;;;
6703191;SEMI ACABADO;703191;ROSUVASTATINA CALCICA 40MG COM REV;200.000;600;010311;ESTEARATO MAGNESIO; 1,500 ;KG;;;
7703191;SEMI ACABADO;703191;ROSUVASTATINA CALCICA 40MG COM REV;200.000;600;010228;DIOXIDO TITANIO; 0,585 ;KG;;;
8703191;SEMI ACABADO;703191;ROSUVASTATINA CALCICA 40MG COM REV;200.000;600;011049;OXIDO DE FERRO VERM(USP REF.33.8075); 0,015 ;KG;;;
9703191;SEMI ACABADO;703191;ROSUVASTATINA CALCICA 40MG COM REV;200.000;600;011050;OXIDO FERRO AMARELO; 0,008 ;KG;;;
10703191;SEMI ACABADO;703191;ROSUVASTATINA CALCICA 40MG COM REV;200.000;600;010979;HPMC+PEG; 1,800 ;KG;;;
1703192;SEMI ACABADO;703192;ROSUVASTATINA CALCICA 5MG COM REV;2.000.000;600;010553;CROSPOVIDONE; 7,500 ;KG;;;
2703192;SEMI ACABADO;703192;ROSUVASTATINA CALCICA 5MG COM REV;2.000.000;600;010228;DIOXIDO TITANIO; 0,740 ;KG;;;
3703192;SEMI ACABADO;703192;ROSUVASTATINA CALCICA 5MG COM REV;2.000.000;600;010311;ESTEARATO MAGNESIO; 1,876 ;KG;;;
4703192;SEMI ACABADO;703192;ROSUVASTATINA CALCICA 5MG COM REV;2.000.000;600;010409;FOSFATO SODIO DIBASICO ANIDRO; 15,000 ;KG;;;
5703192;SEMI ACABADO;703192;ROSUVASTATINA CALCICA 5MG COM REV;2.000.000;600;010501;CELULOSE MIC.(TIPO102); 18,000 ;KG;;;
6703192;SEMI ACABADO;703192;ROSUVASTATINA CALCICA 5MG COM REV;2.000.000;600;010739;LACTOSE (50/70); 97,224 ;KG;;;
7703192;SEMI ACABADO;703192;ROSUVASTATINA CALCICA 5MG COM REV;2.000.000;600;010979;HPMC+PEG; 2,250 ;KG;;;
8703192;SEMI ACABADO;703192;ROSUVASTATINA CALCICA 5MG COM REV;2.000.000;600;011049;OXIDO DE FERRO VERM(USP REF.33.8075); 0,020 ;KG;;;
9703192;SEMI ACABADO;703192;ROSUVASTATINA CALCICA 5MG COM REV;2.000.000;600;011050;OXIDO FERRO AMARELO; 0,010 ;KG;;;
10703192;SEMI ACABADO;703192;ROSUVASTATINA CALCICA 5MG COM REV;2.000.000;600;011776;ROSUVASTATINA; 10,400 ;KG;;;
1703204;SEMI ACABADO;703204;ARIPIPRAZOL (C1) 10MG COM;800.000;600;010041;DIOXIDO SILICIO COLOIDAL ANIDRO; 0,400 ;KG;;;
2703204;SEMI ACABADO;703204;ARIPIPRAZOL (C1) 10MG COM;800.000;600;010311;ESTEARATO MAGNESIO; 0,800 ;KG;;;
3703204;SEMI ACABADO;703204;ARIPIPRAZOL (C1) 10MG COM;800.000;600;010501;CELULOSE MIC.(TIPO102); 20,784 ;KG;;;
4703204;SEMI ACABADO;703204;ARIPIPRAZOL (C1) 10MG COM;800.000;600;010739;LACTOSE (50/70); 17,824 ;KG;;;
5703204;SEMI ACABADO;703204;ARIPIPRAZOL (C1) 10MG COM;800.000;600;010739;LACTOSE (50/70); 21,776 ;KG;;;
6703204;SEMI ACABADO;703204;ARIPIPRAZOL (C1) 10MG COM;800.000;600;011018;AMIDO DE MILHO PREGELATINIZADO; 1,600 ;KG;;;
7703204;SEMI ACABADO;703204;ARIPIPRAZOL (C1) 10MG COM;800.000;600;011018;AMIDO DE MILHO PREGELATINIZADO; 4,800 ;KG;;;
8703204;SEMI ACABADO;703204;ARIPIPRAZOL (C1) 10MG COM;800.000;600;011049;OXIDO DE FERRO VERM(USP REF.33.8075); 0,016 ;KG;;;
9703204;SEMI ACABADO;703204;ARIPIPRAZOL (C1) 10MG COM;800.000;600;013336;ARIPIPRAZOL (C1) MICRONIZADO; 8,000 ;KG;;;
10703204;SEMI ACABADO;703204;ARIPIPRAZOL (C1) 10MG COM;800.000;600;015343;HIPROLOSE LH - 21; 4,000 ;KG;;;
1703205;SEMI ACABADO;703205;ARIPIPRAZOL (C1) 15MG COM;300.000;600;010041;DIOXIDO SILICIO COLOIDAL ANIDRO; 0,225 ;KG;;;
2703205;SEMI ACABADO;703205;ARIPIPRAZOL (C1) 15MG COM;300.000;600;010311;ESTEARATO MAGNESIO; 0,450 ;KG;;;
3703205;SEMI ACABADO;703205;ARIPIPRAZOL (C1) 15MG COM;300.000;600;010501;CELULOSE MIC.(TIPO102); 11,691 ;KG;;;
4703205;SEMI ACABADO;703205;ARIPIPRAZOL (C1) 15MG COM;300.000;600;010739;LACTOSE (50/70); 10,023 ;KG;;;
5703205;SEMI ACABADO;703205;ARIPIPRAZOL (C1) 15MG COM;300.000;600;010739;LACTOSE (50/70); 12,252 ;KG;;;
6703205;SEMI ACABADO;703205;ARIPIPRAZOL (C1) 15MG COM;300.000;600;011018;AMIDO DE MILHO PREGELATINIZADO; 0,600 ;KG;;;
7703205;SEMI ACABADO;703205;ARIPIPRAZOL (C1) 15MG COM;300.000;600;011018;AMIDO DE MILHO PREGELATINIZADO; 3,000 ;KG;;;
8703205;SEMI ACABADO;703205;ARIPIPRAZOL (C1) 15MG COM;300.000;600;011050;OXIDO FERRO AMARELO; 0,009 ;KG;;;
9703205;SEMI ACABADO;703205;ARIPIPRAZOL (C1) 15MG COM;300.000;600;013336;ARIPIPRAZOL (C1) MICRONIZADO; 4,500 ;KG;;;
10703205;SEMI ACABADO;703205;ARIPIPRAZOL (C1) 15MG COM;300.000;600;015343;HIPROLOSE LH - 21; 2,250 ;KG;;;
1703220;SEMI ACABADO;703220;OLMESARTANA+ANLODIPINO 20/5MG COM REV;1.500.000;600;010041;DIOXIDO SILICIO COLOIDAL ANIDRO; 3,000 ;KG;;;
2703220;SEMI ACABADO;703220;OLMESARTANA+ANLODIPINO 20/5MG COM REV;1.500.000;600;010311;ESTEARATO MAGNESIO; 2,250 ;KG;;;
3703220;SEMI ACABADO;703220;OLMESARTANA+ANLODIPINO 20/5MG COM REV;1.500.000;600;010501;CELULOSE MIC.(TIPO102); 36,850 ;KG;;;
4703220;SEMI ACABADO;703220;OLMESARTANA+ANLODIPINO 20/5MG COM REV;1.500.000;600;010859;LACTOSE (200); 52,500 ;KG;;;
5703220;SEMI ACABADO;703220;OLMESARTANA+ANLODIPINO 20/5MG COM REV;1.500.000;600;010923;CROSCARMELOSE SODICA; 7,500 ;KG;;;
6703220;SEMI ACABADO;703220;OLMESARTANA+ANLODIPINO 20/5MG COM REV;1.500.000;600;011018;AMIDO DE MILHO PREGELATINIZADO; 7,500 ;KG;;;
7703220;SEMI ACABADO;703220;OLMESARTANA+ANLODIPINO 20/5MG COM REV;1.500.000;600;011032;ALC.POL.+DIOX.TIT.+PEG+TALCO; 6,000 ;KG;;;
8703220;SEMI ACABADO;703220;OLMESARTANA+ANLODIPINO 20/5MG COM REV;1.500.000;600;013472;OLMESARTANA MEDOXOMILA (144689-63-4); 30,000 ;KG;;;
9703220;SEMI ACABADO;703220;OLMESARTANA+ANLODIPINO 20/5MG COM REV;1.500.000;600;018332;BESILATO DE ANLODIPINO (CADILA-SITE II); 10,400 ;KG;;;
1703221;SEMI ACABADO;703221;OLMESARTANA+ANLODIPINO 40/5MG COM REV;750.000;600;010041;DIOXIDO SILICIO COLOIDAL ANIDRO; 3,000 ;KG;;;
2703221;SEMI ACABADO;703221;OLMESARTANA+ANLODIPINO 40/5MG COM REV;750.000;600;010311;ESTEARATO MAGNESIO; 2,250 ;KG;;;
3703221;SEMI ACABADO;703221;OLMESARTANA+ANLODIPINO 40/5MG COM REV;750.000;600;010501;CELULOSE MIC.(TIPO102); 42,049 ;KG;;;
4703221;SEMI ACABADO;703221;OLMESARTANA+ANLODIPINO 40/5MG COM REV;750.000;600;010859;LACTOSE (200); 52,500 ;KG;;;
5703221;SEMI ACABADO;703221;OLMESARTANA+ANLODIPINO 40/5MG COM REV;750.000;600;010923;CROSCARMELOSE SODICA; 7,500 ;KG;;;
6703221;SEMI ACABADO;703221;OLMESARTANA+ANLODIPINO 40/5MG COM REV;750.000;600;011018;AMIDO DE MILHO PREGELATINIZADO; 7,500 ;KG;;;
7703221;SEMI ACABADO;703221;OLMESARTANA+ANLODIPINO 40/5MG COM REV;750.000;600;011032;ALC.POL.+DIOX.TIT.+PEG+TALCO; 5,888 ;KG;;;
8703221;SEMI ACABADO;703221;OLMESARTANA+ANLODIPINO 40/5MG COM REV;750.000;600;011050;OXIDO FERRO AMARELO; 0,113 ;KG;;;
9703221;SEMI ACABADO;703221;OLMESARTANA+ANLODIPINO 40/5MG COM REV;750.000;600;013472;OLMESARTANA MEDOXOMILA (144689-63-4); 30,000 ;KG;;;
10703221;SEMI ACABADO;703221;OLMESARTANA+ANLODIPINO 40/5MG COM REV;750.000;600;018332;BESILATO DE ANLODIPINO (CADILA-SITE II); 5,201 ;KG;;;
1703222;SEMI ACABADO;703222;OLMESARTANA+ANLODIPINO 40/10MG COM REV;300.000;600;010041;DIOXIDO SILICIO COLOIDAL ANIDRO; 1,200 ;KG;;;
2703222;SEMI ACABADO;703222;OLMESARTANA+ANLODIPINO 40/10MG COM REV;300.000;600;010311;ESTEARATO MAGNESIO; 0,900 ;KG;;;
3703222;SEMI ACABADO;703222;OLMESARTANA+ANLODIPINO 40/10MG COM REV;300.000;600;010501;CELULOSE MIC.(TIPO102); 14,740 ;KG;;;
4703222;SEMI ACABADO;703222;OLMESARTANA+ANLODIPINO 40/10MG COM REV;300.000;600;010859;LACTOSE (200); 21,000 ;KG;;;
5703222;SEMI ACABADO;703222;OLMESARTANA+ANLODIPINO 40/10MG COM REV;300.000;600;010923;CROSCARMELOSE SODICA; 3,000 ;KG;;;
6703222;SEMI ACABADO;703222;OLMESARTANA+ANLODIPINO 40/10MG COM REV;300.000;600;011018;AMIDO DE MILHO PREGELATINIZADO; 3,000 ;KG;;;
7703222;SEMI ACABADO;703222;OLMESARTANA+ANLODIPINO 40/10MG COM REV;300.000;600;011032;ALC.POL.+DIOX.TIT.+PEG+TALCO; 2,070 ;KG;;;
8703222;SEMI ACABADO;703222;OLMESARTANA+ANLODIPINO 40/10MG COM REV;300.000;600;011049;OXIDO DE FERRO VERM(USP REF.33.8075); 0,180 ;KG;;;
9703222;SEMI ACABADO;703222;OLMESARTANA+ANLODIPINO 40/10MG COM REV;300.000;600;011050;OXIDO FERRO AMARELO; 0,150 ;KG;;;
10703222;SEMI ACABADO;703222;OLMESARTANA+ANLODIPINO 40/10MG COM REV;300.000;600;013472;OLMESARTANA MEDOXOMILA (144689-63-4); 12,000 ;KG;;;
11703222;SEMI ACABADO;703222;OLMESARTANA+ANLODIPINO 40/10MG COM REV;300.000;600;018332;BESILATO DE ANLODIPINO (CADILA-SITE II); 4,160 ;KG;;;
1703223;SEMI ACABADO;703223;OLMESARTANA MEDOXOMILA 20 MG COM REV;1.300.000;600;010311;ESTEARATO MAGNESIO; 2,340 ;KG;;;
2703223;SEMI ACABADO;703223;OLMESARTANA MEDOXOMILA 20 MG COM REV;1.300.000;600;010859;LACTOSE (200); 147,160 ;KG;;;
3703223;SEMI ACABADO;703223;OLMESARTANA MEDOXOMILA 20 MG COM REV;1.300.000;600;011020;CELULOSE MIC(TIPO 101); 26,000 ;KG;;;
4703223;SEMI ACABADO;703223;OLMESARTANA MEDOXOMILA 20 MG COM REV;1.300.000;600;011726;HIDROXIPROPILCELULOSE EF; 6,500 ;KG;;;
5703223;SEMI ACABADO;703223;OLMESARTANA MEDOXOMILA 20 MG COM REV;1.300.000;600;012059;HPMC + PEG + DIOXIDO TITANIO; 7,800 ;KG;;;
6703223;SEMI ACABADO;703223;OLMESARTANA MEDOXOMILA 20 MG COM REV;1.300.000;600;013472;OLMESARTANA MEDOXOMILA (144689-63-4); 26,000 ;KG;;;
7703223;SEMI ACABADO;703223;OLMESARTANA MEDOXOMILA 20 MG COM REV;1.300.000;600;015343;HIPROLOSE LH - 21; 52,000 ;KG;;;
1703224;SEMI ACABADO;703224;OLMESARTANA MEDOXOMILA 40 MG COM REV;675.000;600;010311;ESTEARATO MAGNESIO; 2,430 ;KG;;;
2703224;SEMI ACABADO;703224;OLMESARTANA MEDOXOMILA 40 MG COM REV;675.000;600;010859;LACTOSE (200); 152,820 ;KG;;;
3703224;SEMI ACABADO;703224;OLMESARTANA MEDOXOMILA 40 MG COM REV;675.000;600;011020;CELULOSE MIC(TIPO 101); 27,000 ;KG;;;
4703224;SEMI ACABADO;703224;OLMESARTANA MEDOXOMILA 40 MG COM REV;675.000;600;011726;HIDROXIPROPILCELULOSE EF; 6,750 ;KG;;;
5703224;SEMI ACABADO;703224;OLMESARTANA MEDOXOMILA 40 MG COM REV;675.000;600;012059;HPMC + PEG + DIOXIDO TITANIO; 8,100 ;KG;;;
6703224;SEMI ACABADO;703224;OLMESARTANA MEDOXOMILA 40 MG COM REV;675.000;600;013472;OLMESARTANA MEDOXOMILA (144689-63-4); 27,000 ;KG;;;
7703224;SEMI ACABADO;703224;OLMESARTANA MEDOXOMILA 40 MG COM REV;675.000;600;015343;HIPROLOSE LH - 21; 54,000 ;KG;;;
1703226;SEMI ACABADO;703226;OLMESARTANA+HCTZ 20/12,5 MG COM REV;1.000.000;600;010228;DIOXIDO TITANIO; 1,873 ;KG;;;
2703226;SEMI ACABADO;703226;OLMESARTANA+HCTZ 20/12,5 MG COM REV;1.000.000;600;010311;ESTEARATO MAGNESIO; 1,800 ;KG;;;
3703226;SEMI ACABADO;703226;OLMESARTANA+HCTZ 20/12,5 MG COM REV;1.000.000;600;010859;LACTOSE (200); 55,700 ;KG;;;
4703226;SEMI ACABADO;703226;OLMESARTANA+HCTZ 20/12,5 MG COM REV;1.000.000;600;010979;HPMC+PEG; 4,127 ;KG;;;
5703226;SEMI ACABADO;703226;OLMESARTANA+HCTZ 20/12,5 MG COM REV;1.000.000;600;011020;CELULOSE MIC(TIPO 101); 55,000 ;KG;;;
6703226;SEMI ACABADO;703226;OLMESARTANA+HCTZ 20/12,5 MG COM REV;1.000.000;600;011726;HIDROXIPROPILCELULOSE EF; 5,000 ;KG;;;
7703226;SEMI ACABADO;703226;OLMESARTANA+HCTZ 20/12,5 MG COM REV;1.000.000;600;013472;OLMESARTANA MEDOXOMILA (144689-63-4); 20,000 ;KG;;;
8703226;SEMI ACABADO;703226;OLMESARTANA+HCTZ 20/12,5 MG COM REV;1.000.000;600;013796;HIDROCLOROTIAZIDA MICRONIZADA (58-93-5); 12,500 ;KG;;;
9703226;SEMI ACABADO;703226;OLMESARTANA+HCTZ 20/12,5 MG COM REV;1.000.000;600;015343;HIPROLOSE LH - 21; 50,000 ;KG;;;
1703227;SEMI ACABADO;703227;OLMESARTANA+HCTZ 40/12,5 MG COM REV;600.000;600;010228;DIOXIDO TITANIO; 2,184 ;KG;;;
2703227;SEMI ACABADO;703227;OLMESARTANA+HCTZ 40/12,5 MG COM REV;600.000;600;010311;ESTEARATO MAGNESIO; 2,160 ;KG;;;
3703227;SEMI ACABADO;703227;OLMESARTANA+HCTZ 40/12,5 MG COM REV;600.000;600;010859;LACTOSE (200); 70,170 ;KG;;;
4703227;SEMI ACABADO;703227;OLMESARTANA+HCTZ 40/12,5 MG COM REV;600.000;600;010979;HPMC+PEG; 4,950 ;KG;;;
5703227;SEMI ACABADO;703227;OLMESARTANA+HCTZ 40/12,5 MG COM REV;600.000;600;011020;CELULOSE MIC(TIPO 101); 70,170 ;KG;;;
6703227;SEMI ACABADO;703227;OLMESARTANA+HCTZ 40/12,5 MG COM REV;600.000;600;011049;OXIDO DE FERRO VERM(USP REF.33.8075); 0,066 ;KG;;;
7703227;SEMI ACABADO;703227;OLMESARTANA+HCTZ 40/12,5 MG COM REV;600.000;600;011726;HIDROXIPROPILCELULOSE EF; 6,000 ;KG;;;
8703227;SEMI ACABADO;703227;OLMESARTANA+HCTZ 40/12,5 MG COM REV;600.000;600;013472;OLMESARTANA MEDOXOMILA (144689-63-4); 24,000 ;KG;;;
9703227;SEMI ACABADO;703227;OLMESARTANA+HCTZ 40/12,5 MG COM REV;600.000;600;013796;HIDROCLOROTIAZIDA MICRONIZADA (58-93-5); 7,500 ;KG;;;
10703227;SEMI ACABADO;703227;OLMESARTANA+HCTZ 40/12,5 MG COM REV;600.000;600;015343;HIPROLOSE LH - 21; 60,000 ;KG;;;
1703228;SEMI ACABADO;703228;OLMESARTANA+HCTZ 40/25 MG COM REV;600.000;600;010228;DIOXIDO TITANIO; 2,250 ;KG;;;
2703228;SEMI ACABADO;703228;OLMESARTANA+HCTZ 40/25 MG COM REV;600.000;600;010311;ESTEARATO MAGNESIO; 2,160 ;KG;;;
3703228;SEMI ACABADO;703228;OLMESARTANA+HCTZ 40/25 MG COM REV;600.000;600;010859;LACTOSE (200); 66,420 ;KG;;;
4703228;SEMI ACABADO;703228;OLMESARTANA+HCTZ 40/25 MG COM REV;600.000;600;010979;HPMC+PEG; 4,950 ;KG;;;
5703228;SEMI ACABADO;703228;OLMESARTANA+HCTZ 40/25 MG COM REV;600.000;600;011020;CELULOSE MIC(TIPO 101); 66,420 ;KG;;;
6703228;SEMI ACABADO;703228;OLMESARTANA+HCTZ 40/25 MG COM REV;600.000;600;011726;HIDROXIPROPILCELULOSE EF; 6,000 ;KG;;;
7703228;SEMI ACABADO;703228;OLMESARTANA+HCTZ 40/25 MG COM REV;600.000;600;013472;OLMESARTANA MEDOXOMILA (144689-63-4); 24,000 ;KG;;;
8703228;SEMI ACABADO;703228;OLMESARTANA+HCTZ 40/25 MG COM REV;600.000;600;013796;HIDROCLOROTIAZIDA MICRONIZADA (58-93-5); 15,000 ;KG;;;
9703228;SEMI ACABADO;703228;OLMESARTANA+HCTZ 40/25 MG COM REV;600.000;600;015343;HIPROLOSE LH - 21; 60,000 ;KG;;;
1703235;SEMI ACABADO;703235;OXALATO DE ESCITALOPRAM 15MG (C1)COM REV;800.000;600;010041;DIOXIDO SILICIO COLOIDAL ANIDRO; 2,400 ;KG;;;
2703235;SEMI ACABADO;703235;OXALATO DE ESCITALOPRAM 15MG (C1)COM REV;800.000;600;010311;ESTEARATO MAGNESIO; 1,498 ;KG;;;
3703235;SEMI ACABADO;703235;OXALATO DE ESCITALOPRAM 15MG (C1)COM REV;800.000;600;010501;CELULOSE MIC.(TIPO102); 116,971 ;KG;;;
4703235;SEMI ACABADO;703235;OXALATO DE ESCITALOPRAM 15MG (C1)COM REV;800.000;600;010923;CROSCARMELOSE SODICA; 5,402 ;KG;;;
5703235;SEMI ACABADO;703235;OXALATO DE ESCITALOPRAM 15MG (C1)COM REV;800.000;600;010953;TALCO; 8,400 ;KG;;;
6703235;SEMI ACABADO;703235;OXALATO DE ESCITALOPRAM 15MG (C1)COM REV;800.000;600;012059;HPMC + PEG + DIOXIDO TITANIO; 4,800 ;KG;;;
7703235;SEMI ACABADO;703235;OXALATO DE ESCITALOPRAM 15MG (C1)COM REV;800.000;600;013374;OXALATO DE ESCITALOPRAM (C1); 15,328 ;KG;;;
1703236;SEMI ACABADO;703236;TADALAFILA 5 MG COM REV;2.100.000;600;010046;ALCOOL ETILICO; 8,505 ;KG;;;
2703236;SEMI ACABADO;703236;TADALAFILA 5 MG COM REV;2.100.000;600;010311;ESTEARATO MAGNESIO; 1,827 ;KG;;;
3703236;SEMI ACABADO;703236;TADALAFILA 5 MG COM REV;2.100.000;600;010469;LAURIL SULFATO SODIO (PO); 7,350 ;KG;;;
4703236;SEMI ACABADO;703236;TADALAFILA 5 MG COM REV;2.100.000;600;010739;LACTOSE (50/70); 240,198 ;KG;;;
5703236;SEMI ACABADO;703236;TADALAFILA 5 MG COM REV;2.100.000;600;010923;CROSCARMELOSE SODICA; 18,375 ;KG;;;
6703236;SEMI ACABADO;703236;TADALAFILA 5 MG COM REV;2.100.000;600;011050;OXIDO FERRO AMARELO; 0,735 ;KG;;;
7703236;SEMI ACABADO;703236;TADALAFILA 5 MG COM REV;2.100.000;600;012459;CELULOSE MICROCRISTALINA (TIPO 302); 52,500 ;KG;;;
8703236;SEMI ACABADO;703236;TADALAFILA 5 MG COM REV;2.100.000;600;013095;HPMC+TRIAC+D TIT(OPADRY OY-S-7322 BRANCO; 11,025 ;KG;;;
9703236;SEMI ACABADO;703236;TADALAFILA 5 MG COM REV;2.100.000;600;014970;TADALAFILA (171596-29-5); 10,500 ;KG;;;
10703236;SEMI ACABADO;703236;TADALAFILA 5 MG COM REV;2.100.000;600;015343;HIPROLOSE LH - 21; 36,750 ;KG;;;
1703237;SEMI ACABADO;703237;TADALAFILA 20 MG COM REV;1.000.000;600;010046;ALCOOL ETILICO; 8,100 ;KG;;;
2703237;SEMI ACABADO;703237;TADALAFILA 20 MG COM REV;1.000.000;600;010311;ESTEARATO MAGNESIO; 1,750 ;KG;;;
3703237;SEMI ACABADO;703237;TADALAFILA 20 MG COM REV;1.000.000;600;010469;LAURIL SULFATO SODIO (PO); 7,000 ;KG;;;
4703237;SEMI ACABADO;703237;TADALAFILA 20 MG COM REV;1.000.000;600;010739;LACTOSE (50/70); 223,250 ;KG;;;
5703237;SEMI ACABADO;703237;TADALAFILA 20 MG COM REV;1.000.000;600;010923;CROSCARMELOSE SODICA; 17,500 ;KG;;;
6703237;SEMI ACABADO;703237;TADALAFILA 20 MG COM REV;1.000.000;600;011050;OXIDO FERRO AMARELO; 0,700 ;KG;;;
7703237;SEMI ACABADO;703237;TADALAFILA 20 MG COM REV;1.000.000;600;012459;CELULOSE MICROCRISTALINA (TIPO 302); 45,500 ;KG;;;
8703237;SEMI ACABADO;703237;TADALAFILA 20 MG COM REV;1.000.000;600;013095;HPMC+TRIAC+D TIT(OPADRY OY-S-7322 BRANCO; 10,500 ;KG;;;
9703237;SEMI ACABADO;703237;TADALAFILA 20 MG COM REV;1.000.000;600;014970;TADALAFILA (171596-29-5); 20,000 ;KG;;;
10703237;SEMI ACABADO;703237;TADALAFILA 20 MG COM REV;1.000.000;600;015343;HIPROLOSE LH - 21; 35,000 ;KG;;;
1703369;SEMI ACABADO;703369;PREGABALINA (C1) 75MG CAPSULAS;2.000.000;600;010041;DIOXIDO SILICIO COLOIDAL ANIDRO; 2,000 ;KG;;;
2703369;SEMI ACABADO;703369;PREGABALINA (C1) 75MG CAPSULAS;2.000.000;600;010953;TALCO; 21,400 ;KG;;;
3703369;SEMI ACABADO;703369;PREGABALINA (C1) 75MG CAPSULAS;2.000.000;600;011018;AMIDO DE MILHO PREGELATINIZADO; 26,600 ;KG;;;
4703369;SEMI ACABADO;703369;PREGABALINA (C1) 75MG CAPSULAS;2.000.000;600;013365;CAPS 4 ESC/BRANCO; 2.000.000,000 ;UN;;;
5703369;SEMI ACABADO;703369;PREGABALINA (C1) 75MG CAPSULAS;2.000.000;600;015460;PREGABALINA (C1); 150,000 ;KG;;;
1703370;SEMI ACABADO;703370;PREGABALINA (C1) 150MG CAPSULAS;1.500.000;600;010041;DIOXIDO SILICIO COLOIDAL ANIDRO; 3,000 ;KG;;;
2703370;SEMI ACABADO;703370;PREGABALINA (C1) 150MG CAPSULAS;1.500.000;600;010953;TALCO; 32,100 ;KG;;;
3703370;SEMI ACABADO;703370;PREGABALINA (C1) 150MG CAPSULAS;1.500.000;600;011018;AMIDO DE MILHO PREGELATINIZADO; 39,900 ;KG;;;
4703370;SEMI ACABADO;703370;PREGABALINA (C1) 150MG CAPSULAS;1.500.000;600;011361;CAPS 2 BCO / BCO; 1.500.000,000 ;UN;;;
5703370;SEMI ACABADO;703370;PREGABALINA (C1) 150MG CAPSULAS;1.500.000;600;015460;PREGABALINA (C1); 225,000 ;KG;;;
1703375;SEMI ACABADO;703375;LIMECICLINA 150 MG CAP DURA;300.000;600;010041;DIOXIDO SILICIO COLOIDAL ANIDRO; 1,284 ;KG;;;
2703375;SEMI ACABADO;703375;LIMECICLINA 150 MG CAP DURA;300.000;600;010071;CELULOSE MIC (TIPO200); 21,914 ;KG;;;
3703375;SEMI ACABADO;703375;LIMECICLINA 150 MG CAP DURA;300.000;600;010311;ESTEARATO MAGNESIO; 1,284 ;KG;;;
4703375;SEMI ACABADO;703375;LIMECICLINA 150 MG CAP DURA;300.000;600;016016;LIMECICLINA; 61,018 ;KG;;;
5703375;SEMI ACABADO;703375;LIMECICLINA 150 MG CAP DURA;300.000;600;019294;CAPS 0 LARANJA/AMARELO; 300.000,000 ;UN;;;
1703376;SEMI ACABADO;703376;LIMECICLINA 300 MG CAP DURA;400.000;600;010041;DIOXIDO SILICIO COLOIDAL ANIDRO; 3,420 ;KG;;;
2703376;SEMI ACABADO;703376;LIMECICLINA 300 MG CAP DURA;400.000;600;010071;CELULOSE MIC (TIPO200); 58,445 ;KG;;;
3703376;SEMI ACABADO;703376;LIMECICLINA 300 MG CAP DURA;400.000;600;010311;ESTEARATO MAGNESIO; 3,420 ;KG;;;
4703376;SEMI ACABADO;703376;LIMECICLINA 300 MG CAP DURA;400.000;600;016016;LIMECICLINA; 162,715 ;KG;;;
5703376;SEMI ACABADO;703376;LIMECICLINA 300 MG CAP DURA;400.000;600;302096;CAPS 00 (ALONGADA)AMARELO/VERMELHO; 400.000,000 ;UN;;;
1703380;SEMI ACABADO;703380;LEVOFLOXACINO 750 MG COM REV ;200.000;600;010553;CROSPOVIDONE; 9,000 ;KG;;;
2703380;SEMI ACABADO;703380;LEVOFLOXACINO 750 MG COM REV ;200.000;600;010041;DIOXIDO SILICIO COLOIDAL ANIDRO; 2,000 ;KG;;;
3703380;SEMI ACABADO;703380;LEVOFLOXACINO 750 MG COM REV ;200.000;600;010046;ALCOOL ETILICO; 60,750 ;KG;;;
4703380;SEMI ACABADO;703380;LEVOFLOXACINO 750 MG COM REV ;200.000;600;010071;CELULOSE MIC (TIPO200); 15,000 ;KG;;;
5703380;SEMI ACABADO;703380;LEVOFLOXACINO 750 MG COM REV ;200.000;600;010311;ESTEARATO MAGNESIO; 3,000 ;KG;;;
6703380;SEMI ACABADO;703380;LEVOFLOXACINO 750 MG COM REV ;200.000;600;011020;CELULOSE MIC(TIPO 101); 18,000 ;KG;;;
7703380;SEMI ACABADO;703380;LEVOFLOXACINO 750 MG COM REV ;200.000;600;011723;HIDROXIPROPILMETILCELULOSE E-5; 3,000 ;KG;;;
8703380;SEMI ACABADO;703380;LEVOFLOXACINO 750 MG COM REV ;200.000;600;013397;HPMC+PEG+DIOX TIT+POL 80(OPADRY YS17003); 8,000 ;KG;;;
9703380;SEMI ACABADO;703380;LEVOFLOXACINO 750 MG COM REV ;200.000;600;018386;LEVOFLOXACINO HEMI-HIDRATADO*; 150,000 ;KG;;;
1703405;SEMI ACABADO;703405;CLORIDRATO METILFENIDATO (A3) 10MG COM ;2.000.000;600;010311;ESTEARATO MAGNESIO; 2,800 ;KG;;;
2703405;SEMI ACABADO;703405;CLORIDRATO METILFENIDATO (A3) 10MG COM ;2.000.000;600;010406;FOSFATO CALCIO TRIBASICO(TS 29 FLB); 44,800 ;KG;;;
3703405;SEMI ACABADO;703405;CLORIDRATO METILFENIDATO (A3) 10MG COM ;2.000.000;600;010501;CELULOSE MIC.(TIPO102); 114,400 ;KG;;;
4703405;SEMI ACABADO;703405;CLORIDRATO METILFENIDATO (A3) 10MG COM ;2.000.000;600;010739;LACTOSE (50/70); 84,000 ;KG;;;
5703405;SEMI ACABADO;703405;CLORIDRATO METILFENIDATO (A3) 10MG COM ;2.000.000;600;010953;TALCO; 14,000 ;KG;;;
6703405;SEMI ACABADO;703405;CLORIDRATO METILFENIDATO (A3) 10MG COM ;2.000.000;600;012780;CLORIDRATO METILFENIDATO (298-59-9) (A3); 20,000 ;KG;;;
1703410;SEMI ACABADO;703410;DEFERASIROX 500MG COM SUS;50.000;600;010553;CROSPOVIDONE; 8,500 ;KG;;;
2703410;SEMI ACABADO;703410;DEFERASIROX 500MG COM SUS;50.000;600;010041;DIOXIDO SILICIO COLOIDAL ANIDRO; 0,180 ;KG;;;
3703410;SEMI ACABADO;703410;DEFERASIROX 500MG COM SUS;50.000;600;010311;ESTEARATO MAGNESIO; 0,400 ;KG;;;
4703410;SEMI ACABADO;703410;DEFERASIROX 500MG COM SUS;50.000;600;010469;LAURIL SULFATO SODIO (PO); 0,128 ;KG;;;
5703410;SEMI ACABADO;703410;DEFERASIROX 500MG COM SUS;50.000;600;010501;CELULOSE MIC.(TIPO102); 11,700 ;KG;;;
6703410;SEMI ACABADO;703410;DEFERASIROX 500MG COM SUS;50.000;600;010553;CROSPOVIDONE; 4,240 ;KG;;;
7703410;SEMI ACABADO;703410;DEFERASIROX 500MG COM SUS;50.000;600;010739;LACTOSE (50/70); 12,660 ;KG;;;
8703410;SEMI ACABADO;703410;DEFERASIROX 500MG COM SUS;50.000;600;010859;LACTOSE (200); 18,368 ;KG;;;
9703410;SEMI ACABADO;703410;DEFERASIROX 500MG COM SUS;50.000;600;010964;POVIDONA K29-32; 3,824 ;KG;;;
10703410;SEMI ACABADO;703410;DEFERASIROX 500MG COM SUS;50.000;600;015887;DEFERASIROX; 25,000 ;KG;;;
1703421;SEMI ACABADO;703421;CLONIXINATO DE LISINA 125 MG COM REV;320.000;600;010046;ALCOOL ETILICO; 2,916 ;KG;;;
2703421;SEMI ACABADO;703421;CLONIXINATO DE LISINA 125 MG COM REV;320.000;600;010311;ESTEARATO MAGNESIO; 0,800 ;KG;;;
3703421;SEMI ACABADO;703421;CLONIXINATO DE LISINA 125 MG COM REV;320.000;600;010501;CELULOSE MIC.(TIPO102); 22,800 ;KG;;;
4703421;SEMI ACABADO;703421;CLONIXINATO DE LISINA 125 MG COM REV;320.000;600;010953;TALCO; 0,200 ;KG;;;
5703421;SEMI ACABADO;703421;CLONIXINATO DE LISINA 125 MG COM REV;320.000;600;010964;POVIDONA K29-32; 1,200 ;KG;;;
6703421;SEMI ACABADO;703421;CLONIXINATO DE LISINA 125 MG COM REV;320.000;600;011018;AMIDO DE MILHO PREGELATINIZADO; 4,000 ;KG;;;
7703421;SEMI ACABADO;703421;CLONIXINATO DE LISINA 125 MG COM REV;320.000;600;011653;MANITOL CD(PAR TECK M2000 ART100419); 8,000 ;KG;;;
8703421;SEMI ACABADO;703421;CLONIXINATO DE LISINA 125 MG COM REV;320.000;600;012059;HPMC + PEG + DIOXIDO TITANIO; 1,800 ;KG;;;
9703421;SEMI ACABADO;703421;CLONIXINATO DE LISINA 125 MG COM REV;320.000;600;016007;CLONIXINATO DE LISINA; 40,000 ;KG;;;
10703421;SEMI ACABADO;703421;CLONIXINATO DE LISINA 125 MG COM REV;320.000;600;010553;CROSPOVIDONE; 3,200 ;KG;;;
1703428;SEMI ACABADO;703428;SUPLEVIT CPR REVESTIDO (ALIM);269.230;600;010023;ACIDO FOLICO; 0,065 ;KG;;;
2703428;SEMI ACABADO;703428;SUPLEVIT CPR REVESTIDO (ALIM);269.230;600;010041;DIOXIDO SILICIO COLOIDAL ANIDRO; 1,750 ;KG;;;
3703428;SEMI ACABADO;703428;SUPLEVIT CPR REVESTIDO (ALIM);269.230;600;010046;ALCOOL ETILICO; 187,982 ;KG;;;
4703428;SEMI ACABADO;703428;SUPLEVIT CPR REVESTIDO (ALIM);269.230;600;010071;CELULOSE MIC (TIPO200); 45,654 ;KG;;;
5703428;SEMI ACABADO;703428;SUPLEVIT CPR REVESTIDO (ALIM);269.230;600;010311;ESTEARATO MAGNESIO; 3,500 ;KG;;;
6703428;SEMI ACABADO;703428;SUPLEVIT CPR REVESTIDO (ALIM);269.230;600;010397;FLUORETO SODIO**; 2,380 ;KG;;;
7703428;SEMI ACABADO;703428;SUPLEVIT CPR REVESTIDO (ALIM);269.230;600;010459;IODETO POTASSIO; 0,046 ;KG;;;
8703428;SEMI ACABADO;703428;SUPLEVIT CPR REVESTIDO (ALIM);269.230;600;010511;NICOTINAMIDA; 3,500 ;KG;;;
9703428;SEMI ACABADO;703428;SUPLEVIT CPR REVESTIDO (ALIM);269.230;600;010678;VIT A-ACETATO-PO 500000UI/G; 1,077 ;KG;;;
10703428;SEMI ACABADO;703428;SUPLEVIT CPR REVESTIDO (ALIM);269.230;600;010681;VIT B1-TIAMINA MONONITRATO; 0,352 ;KG;;;
11703428;SEMI ACABADO;703428;SUPLEVIT CPR REVESTIDO (ALIM);269.230;600;010684;VIT B2-RIBOFLAVINABASE; 0,350 ;KG;;;
12703428;SEMI ACABADO;703428;SUPLEVIT CPR REVESTIDO (ALIM);269.230;600;010685;CLOR.PIRIDOXINA( VIT B6); 0,295 ;KG;;;
13703428;SEMI ACABADO;703428;SUPLEVIT CPR REVESTIDO (ALIM);269.230;600;010693;ACETATO DE DL-ALFA-TOCOFEROL 50%; 8,023 ;KG;;;
14703428;SEMI ACABADO;703428;SUPLEVIT CPR REVESTIDO (ALIM);269.230;600;010731;FOSF.CAL.DIB.(COMPDIRETA); 137,101 ;KG;;;
15703428;SEMI ACABADO;703428;SUPLEVIT CPR REVESTIDO (ALIM);269.230;600;010869;VITAMINA C 90% GRANULADO; 13,462 ;KG;;;
16703428;SEMI ACABADO;703428;SUPLEVIT CPR REVESTIDO (ALIM);269.230;600;010909;VITAMINA B12 0,1%; 0,646 ;KG;;;
17703428;SEMI ACABADO;703428;SUPLEVIT CPR REVESTIDO (ALIM);269.230;600;010923;CROSCARMELOSE SODICA; 7,000 ;KG;;;
18703428;SEMI ACABADO;703428;SUPLEVIT CPR REVESTIDO (ALIM);269.230;600;010925;VITAMINA D3; 0,538 ;KG;;;
19703428;SEMI ACABADO;703428;SUPLEVIT CPR REVESTIDO (ALIM);269.230;600;010926;SULFATO MANGANES MONOHIDRATADO; 1,905 ;KG;;;
20703428;SEMI ACABADO;703428;SUPLEVIT CPR REVESTIDO (ALIM);269.230;600;011039;PANTOTENATO CALCIO(N); 1,463 ;KG;;;
21703428;SEMI ACABADO;703428;SUPLEVIT CPR REVESTIDO (ALIM);269.230;600;011326;SULFATO COBRE ANIDRO P.A.; 0,338 ;KG;;;
22703428;SEMI ACABADO;703428;SUPLEVIT CPR REVESTIDO (ALIM);269.230;600;013454;FOSF DE CALCIO TRIBASICO CD(7758-87-4); 74,560 ;KG;;;
23703428;SEMI ACABADO;703428;SUPLEVIT CPR REVESTIDO (ALIM);269.230;600;016806;FUMARATO FERROSO (ALIM); 11,701 ;KG;;;
24703428;SEMI ACABADO;703428;SUPLEVIT CPR REVESTIDO (ALIM);269.230;600;016807;SULFATO DE ZINCO MONOHIDRATADO (ALIM); 5,277 ;KG;;;
25703428;SEMI ACABADO;703428;SUPLEVIT CPR REVESTIDO (ALIM);269.230;600;016857;OPADRY PINK 20B140009 (ALIM); 17,500 ;KG;;;
26703428;SEMI ACABADO;703428;SUPLEVIT CPR REVESTIDO (ALIM);269.230;600;016955;OXIDO DE MAGNESIO GRANULAR (ALIM); 29,017 ;KG;;;
1703429;SEMI ACABADO;703429;VYTINAL CPR REVESTIDO (ALIM);241.379;600;010023;ACIDO FOLICO; 0,058 ;KG;;;
2703429;SEMI ACABADO;703429;VYTINAL CPR REVESTIDO (ALIM);241.379;600;010041;DIOXIDO SILICIO COLOIDAL ANIDRO; 3,500 ;KG;;;
3703429;SEMI ACABADO;703429;VYTINAL CPR REVESTIDO (ALIM);241.379;600;010046;ALCOOL ETILICO; 187,892 ;KG;;;
4703429;SEMI ACABADO;703429;VYTINAL CPR REVESTIDO (ALIM);241.379;600;010071;CELULOSE MIC (TIPO200); 58,973 ;KG;;;
5703429;SEMI ACABADO;703429;VYTINAL CPR REVESTIDO (ALIM);241.379;600;010092;BIOTINA; 0,007 ;KG;;;
6703429;SEMI ACABADO;703429;VYTINAL CPR REVESTIDO (ALIM);241.379;600;010311;ESTEARATO MAGNESIO; 3,500 ;KG;;;
7703429;SEMI ACABADO;703429;VYTINAL CPR REVESTIDO (ALIM);241.379;600;010459;IODETO POTASSIO; 0,010 ;KG;;;
8703429;SEMI ACABADO;703429;VYTINAL CPR REVESTIDO (ALIM);241.379;600;010503;MOLIBDATO SODIO DIHIDRATADO P.A.; 0,014 ;KG;;;
9703429;SEMI ACABADO;703429;VYTINAL CPR REVESTIDO (ALIM);241.379;600;010511;NICOTINAMIDA; 3,862 ;KG;;;
10703429;SEMI ACABADO;703429;VYTINAL CPR REVESTIDO (ALIM);241.379;600;010678;VIT A-ACETATO-PO 500000UI/G; 0,322 ;KG;;;
11703429;SEMI ACABADO;703429;VYTINAL CPR REVESTIDO (ALIM);241.379;600;010681;VIT B1-TIAMINA MONONITRATO; 0,315 ;KG;;;
12703429;SEMI ACABADO;703429;VYTINAL CPR REVESTIDO (ALIM);241.379;600;010684;VIT B2-RIBOFLAVINABASE; 0,314 ;KG;;;
13703429;SEMI ACABADO;703429;VYTINAL CPR REVESTIDO (ALIM);241.379;600;010685;CLOR.PIRIDOXINA( VIT B6); 0,381 ;KG;;;
14703429;SEMI ACABADO;703429;VYTINAL CPR REVESTIDO (ALIM);241.379;600;010693;ACETATO DE DL-ALFA-TOCOFEROL 50%; 4,819 ;KG;;;
15703429;SEMI ACABADO;703429;VYTINAL CPR REVESTIDO (ALIM);241.379;600;010731;FOSF.CAL.DIB.(COMPDIRETA); 185,556 ;KG;;;
16703429;SEMI ACABADO;703429;VYTINAL CPR REVESTIDO (ALIM);241.379;600;010869;VITAMINA C 90% GRANULADO; 12,069 ;KG;;;
17703429;SEMI ACABADO;703429;VYTINAL CPR REVESTIDO (ALIM);241.379;600;010875;BETA CAROTENO 20%; 0,483 ;KG;;;
18703429;SEMI ACABADO;703429;VYTINAL CPR REVESTIDO (ALIM);241.379;600;010893;VITAMINA K1; 0,314 ;KG;;;
19703429;SEMI ACABADO;703429;VYTINAL CPR REVESTIDO (ALIM);241.379;600;010909;VITAMINA B12 0,1%; 0,579 ;KG;;;
20703429;SEMI ACABADO;703429;VYTINAL CPR REVESTIDO (ALIM);241.379;600;010910;CLORETO CROMO III 6H20 P.A.; 0,022 ;KG;;;
21703429;SEMI ACABADO;703429;VYTINAL CPR REVESTIDO (ALIM);241.379;600;010923;CROSCARMELOSE SODICA; 7,000 ;KG;;;
22703429;SEMI ACABADO;703429;VYTINAL CPR REVESTIDO (ALIM);241.379;600;010925;VITAMINA D3; 0,483 ;KG;;;
23703429;SEMI ACABADO;703429;VYTINAL CPR REVESTIDO (ALIM);241.379;600;010926;SULFATO MANGANES MONOHIDRATADO; 0,891 ;KG;;;
24703429;SEMI ACABADO;703429;VYTINAL CPR REVESTIDO (ALIM);241.379;600;011039;PANTOTENATO CALCIO(N); 1,312 ;KG;;;
25703429;SEMI ACABADO;703429;VYTINAL CPR REVESTIDO (ALIM);241.379;600;011326;SULFATO COBRE ANIDRO P.A.; 0,273 ;KG;;;
26703429;SEMI ACABADO;703429;VYTINAL CPR REVESTIDO (ALIM);241.379;600;011905;CARBONATO CALCIO CD 90%; 15,781 ;KG;;;
27703429;SEMI ACABADO;703429;VYTINAL CPR REVESTIDO (ALIM);241.379;600;016806;FUMARATO FERROSO (ALIM); 6,070 ;KG;;;
28703429;SEMI ACABADO;703429;VYTINAL CPR REVESTIDO (ALIM);241.379;600;016825;SELENITO DE SODIO (ALIM); 0,966 ;KG;;;
29703429;SEMI ACABADO;703429;VYTINAL CPR REVESTIDO (ALIM);241.379;600;016917;OXIDO DE MAGNESIO PESADO (ALIM); 40,023 ;KG;;;
30703429;SEMI ACABADO;703429;VYTINAL CPR REVESTIDO (ALIM);241.379;600;017143;OPADRY ORANGE 20B130005 (ALIM); 17,500 ;KG;;;
31703429;SEMI ACABADO;703429;VYTINAL CPR REVESTIDO (ALIM);241.379;600;300677;OXIDO ZINCO (GRAU FARMACEUTICO); 2,103 ;KG;;;
1703431;SEMI ACABADO;703431;CL.DE LISINA+CL.DE CICLO.125+5MG COM REV;800.000;600;010046;ALCOOL ETILICO; 8,910 ;KG;;;
2703431;SEMI ACABADO;703431;CL.DE LISINA+CL.DE CICLO.125+5MG COM REV;800.000;600;010071;CELULOSE MIC (TIPO200); 59,000 ;KG;;;
3703431;SEMI ACABADO;703431;CL.DE LISINA+CL.DE CICLO.125+5MG COM REV;800.000;600;010311;ESTEARATO MAGNESIO; 2,000 ;KG;;;
4703431;SEMI ACABADO;703431;CL.DE LISINA+CL.DE CICLO.125+5MG COM REV;800.000;600;010553;CROSPOVIDONE; 4,000 ;KG;;;
5703431;SEMI ACABADO;703431;CL.DE LISINA+CL.DE CICLO.125+5MG COM REV;800.000;600;010885;COR ALUM LACA AZUL1; 0,066 ;KG;;;
6703431;SEMI ACABADO;703431;CL.DE LISINA+CL.DE CICLO.125+5MG COM REV;800.000;600;010964;POVIDONA K29-32; 3,000 ;KG;;;
7703431;SEMI ACABADO;703431;CL.DE LISINA+CL.DE CICLO.125+5MG COM REV;800.000;600;011018;AMIDO DE MILHO PREGELATINIZADO; 14,000 ;KG;;;
8703431;SEMI ACABADO;703431;CL.DE LISINA+CL.DE CICLO.125+5MG COM REV;800.000;600;011653;MANITOL CD(PAR TECK M2000 ART100419); 14,000 ;KG;;;
9703431;SEMI ACABADO;703431;CL.DE LISINA+CL.DE CICLO.125+5MG COM REV;800.000;600;012059;HPMC + PEG + DIOXIDO TITANIO; 6,000 ;KG;;;
10703431;SEMI ACABADO;703431;CL.DE LISINA+CL.DE CICLO.125+5MG COM REV;800.000;600;012192;CLORIDRATO DE CICLOBENZAPRINA; 4,000 ;KG;;;
11703431;SEMI ACABADO;703431;CL.DE LISINA+CL.DE CICLO.125+5MG COM REV;800.000;600;016007;CLONIXINATO DE LISINA; 100,000 ;KG;;;
1703435;SEMI ACABADO;703435;PARACETAMOL + CODEINA(A2) 500+30MG COM;800.000;600;010041;DIOXIDO SILICIO COLOIDAL ANIDRO; 5,840 ;KG;;;
2703435;SEMI ACABADO;703435;PARACETAMOL + CODEINA(A2) 500+30MG COM;800.000;600;010311;ESTEARATO MAGNESIO; 2,920 ;KG;;;
3703435;SEMI ACABADO;703435;PARACETAMOL + CODEINA(A2) 500+30MG COM;800.000;600;010491;METABISULFITO SODIO(PA); 0,584 ;KG;;;
4703435;SEMI ACABADO;703435;PARACETAMOL + CODEINA(A2) 500+30MG COM;800.000;600;011020;CELULOSE MIC(TIPO 101); 100,371 ;KG;;;
5703435;SEMI ACABADO;703435;PARACETAMOL + CODEINA(A2) 500+30MG COM;800.000;600;011558;FOSFATO CODEINA (A2); 24,000 ;KG;;;
6703435;SEMI ACABADO;703435;PARACETAMOL + CODEINA(A2) 500+30MG COM;800.000;600;016873;DOCUSATO SODICO 85% GRANULADO; 5,840 ;KG;;;
7703435;SEMI ACABADO;703435;PARACETAMOL + CODEINA(A2) 500+30MG COM;800.000;600;018931;PARACETAMOL 90%; 444,445 ;KG;;;
1703450;SEMI ACABADO;703450;VIDYN COM REV - ALIM;321.428;600;010041;DIOXIDO SILICIO COLOIDAL ANIDRO; 4,500 ;KG;;;
2703450;SEMI ACABADO;703450;VIDYN COM REV - ALIM;321.428;600;010046;ALCOOL ETILICO; 10,944 ;KG;;;
3703450;SEMI ACABADO;703450;VIDYN COM REV - ALIM;321.428;600;010046;ALCOOL ETILICO; 172,800 ;KG;;;
4703450;SEMI ACABADO;703450;VIDYN COM REV - ALIM;321.428;600;010071;CELULOSE MIC (TIPO200); 81,433 ;KG;;;
5703450;SEMI ACABADO;703450;VIDYN COM REV - ALIM;321.428;600;010092;BIOTINA; 0,010 ;KG;;;
6703450;SEMI ACABADO;703450;VIDYN COM REV - ALIM;321.428;600;010192;COR ALUM LACA VERMELHO ERITROZINA 3; 0,002 ;KG;;;
7703450;SEMI ACABADO;703450;VIDYN COM REV - ALIM;321.428;600;010311;ESTEARATO MAGNESIO; 4,500 ;KG;;;
8703450;SEMI ACABADO;703450;VIDYN COM REV - ALIM;321.428;600;010503;MOLIBDATO SODIO DIHIDRATADO P.A.; 0,036 ;KG;;;
9703450;SEMI ACABADO;703450;VIDYN COM REV - ALIM;321.428;600;010511;NICOTINAMIDA; 5,143 ;KG;;;
10703450;SEMI ACABADO;703450;VIDYN COM REV - ALIM;321.428;600;010529;OXIDO MAGNESIO; 34,642 ;KG;;;
11703450;SEMI ACABADO;703450;VIDYN COM REV - ALIM;321.428;600;010681;VIT B1-TIAMINA MONONITRATO; 0,420 ;KG;;;
12703450;SEMI ACABADO;703450;VIDYN COM REV - ALIM;321.428;600;010684;VIT B2-RIBOFLAVINABASE; 0,418 ;KG;;;
13703450;SEMI ACABADO;703450;VIDYN COM REV - ALIM;321.428;600;010685;CLOR.PIRIDOXINA( VIT B6); 0,508 ;KG;;;
14703450;SEMI ACABADO;703450;VIDYN COM REV - ALIM;321.428;600;010693;ACETATO DE DL-ALFA-TOCOFEROL 50%; 9,579 ;KG;;;
15703450;SEMI ACABADO;703450;VIDYN COM REV - ALIM;321.428;600;010731;FOSF.CAL.DIB.(COMPDIRETA); 272,802 ;KG;;;
16703450;SEMI ACABADO;703450;VIDYN COM REV - ALIM;321.428;600;010869;VITAMINA C 90% GRANULADO; 16,071 ;KG;;;
17703450;SEMI ACABADO;703450;VIDYN COM REV - ALIM;321.428;600;010875;BETA CAROTENO 20%; 1,931 ;KG;;;
18703450;SEMI ACABADO;703450;VIDYN COM REV - ALIM;321.428;600;010909;VITAMINA B12 0,1%; 0,771 ;KG;;;
19703450;SEMI ACABADO;703450;VIDYN COM REV - ALIM;321.428;600;010912;FERROCARBONILA; 4,592 ;KG;;;
20703450;SEMI ACABADO;703450;VIDYN COM REV - ALIM;321.428;600;010923;CROSCARMELOSE SODICA; 6,750 ;KG;;;
21703450;SEMI ACABADO;703450;VIDYN COM REV - ALIM;321.428;600;010925;VITAMINA D3; 0,643 ;KG;;;
22703450;SEMI ACABADO;703450;VIDYN COM REV - ALIM;321.428;600;010926;SULFATO MANGANES MONOHIDRATADO; 1,978 ;KG;;;
23703450;SEMI ACABADO;703450;VIDYN COM REV - ALIM;321.428;600;010978;ETILCELULOSE 10 CPS(ETHOCEL 10 CPS); 4,500 ;KG;;;
24703450;SEMI ACABADO;703450;VIDYN COM REV - ALIM;321.428;600;011039;PANTOTENATO CALCIO(N); 1,747 ;KG;;;
25703450;SEMI ACABADO;703450;VIDYN COM REV - ALIM;321.428;600;011326;SULFATO COBRE ANIDRO P.A.; 0,726 ;KG;;;
26703450;SEMI ACABADO;703450;VIDYN COM REV - ALIM;321.428;600;013095;HPMC+TRIAC+D TIT(OPADRY OY-S-7322 BRANCO; 17,998 ;KG;;;
27703450;SEMI ACABADO;703450;VIDYN COM REV - ALIM;321.428;600;300677;OXIDO ZINCO (GRAU FARMACEUTICO); 0,800 ;KG;;;
1703452;SEMI ACABADO;703452;DORICAL COM REV - ALIM;346.153;600;010041;DIOXIDO SILICIO COLOIDAL ANIDRO; 3,375 ;KG;;;
2703452;SEMI ACABADO;703452;DORICAL COM REV - ALIM;346.153;600;010046;ALCOOL ETILICO; 241,691 ;KG;;;
3703452;SEMI ACABADO;703452;DORICAL COM REV - ALIM;346.153;600;010071;CELULOSE MIC (TIPO200); 94,598 ;KG;;;
4703452;SEMI ACABADO;703452;DORICAL COM REV - ALIM;346.153;600;010311;ESTEARATO MAGNESIO; 4,500 ;KG;;;
5703452;SEMI ACABADO;703452;DORICAL COM REV - ALIM;346.153;600;010397;FLUORETO SODIO**; 1,530 ;KG;;;
6703452;SEMI ACABADO;703452;DORICAL COM REV - ALIM;346.153;600;010511;NICOTINAMIDA; 5,538 ;KG;;;
7703452;SEMI ACABADO;703452;DORICAL COM REV - ALIM;346.153;600;010607;SULFATO FERROSO PO SECO; 15,066 ;KG;;;
8703452;SEMI ACABADO;703452;DORICAL COM REV - ALIM;346.153;600;010678;VIT A-ACETATO-PO 500000UI/G; 1,385 ;KG;;;
9703452;SEMI ACABADO;703452;DORICAL COM REV - ALIM;346.153;600;010681;VIT B1-TIAMINA MONONITRATO; 0,452 ;KG;;;
10703452;SEMI ACABADO;703452;DORICAL COM REV - ALIM;346.153;600;010684;VIT B2-RIBOFLAVINABASE; 0,450 ;KG;;;
11703452;SEMI ACABADO;703452;DORICAL COM REV - ALIM;346.153;600;010685;CLOR.PIRIDOXINA( VIT B6); 0,547 ;KG;;;
12703452;SEMI ACABADO;703452;DORICAL COM REV - ALIM;346.153;600;010731;FOSF.CAL.DIB.(COMPDIRETA); 293,787 ;KG;;;
13703452;SEMI ACABADO;703452;DORICAL COM REV - ALIM;346.153;600;010869;VITAMINA C 90% GRANULADO; 17,308 ;KG;;;
14703452;SEMI ACABADO;703452;DORICAL COM REV - ALIM;346.153;600;010909;VITAMINA B12 0,1%; 0,831 ;KG;;;
15703452;SEMI ACABADO;703452;DORICAL COM REV - ALIM;346.153;600;010923;CROSCARMELOSE SODICA; 9,000 ;KG;;;
16703452;SEMI ACABADO;703452;DORICAL COM REV - ALIM;346.153;600;010925;VITAMINA D3; 0,692 ;KG;;;
17703452;SEMI ACABADO;703452;DORICAL COM REV - ALIM;346.153;600;011039;PANTOTENATO CALCIO(N); 0,941 ;KG;;;
18703452;SEMI ACABADO;703452;DORICAL COM REV - ALIM;346.153;600;016857;OPADRY PINK 20B140009 (ALIM); 22,500 ;KG;;;
1703454;SEMI ACABADO;703454;CALCIO+VIT.D+VIT.B12 COM REV (ALIM);444.443;600;010041;DIOXIDO SILICIO COLOIDAL ANIDRO; 2,000 ;KG;;;
2703454;SEMI ACABADO;703454;CALCIO+VIT.D+VIT.B12 COM REV (ALIM);444.443;600;010046;ALCOOL ETILICO; 67,319 ;KG;;;
3703454;SEMI ACABADO;703454;CALCIO+VIT.D+VIT.B12 COM REV (ALIM);444.443;600;010071;CELULOSE MIC (TIPO200); 76,704 ;KG;;;
4703454;SEMI ACABADO;703454;CALCIO+VIT.D+VIT.B12 COM REV (ALIM);444.443;600;010311;ESTEARATO MAGNESIO; 4,000 ;KG;;;
5703454;SEMI ACABADO;703454;CALCIO+VIT.D+VIT.B12 COM REV (ALIM);444.443;600;010909;VITAMINA B12 0,1%; 0,533 ;KG;;;
6703454;SEMI ACABADO;703454;CALCIO+VIT.D+VIT.B12 COM REV (ALIM);444.443;600;010923;CROSCARMELOSE SODICA; 8,000 ;KG;;;
7703454;SEMI ACABADO;703454;CALCIO+VIT.D+VIT.B12 COM REV (ALIM);444.443;600;010925;VITAMINA D3; 0,444 ;KG;;;
8703454;SEMI ACABADO;703454;CALCIO+VIT.D+VIT.B12 COM REV (ALIM);444.443;600;011905;CARBONATO CALCIO CD 90%; 308,318 ;KG;;;
9703454;SEMI ACABADO;703454;CALCIO+VIT.D+VIT.B12 COM REV (ALIM);444.443;600;015173;HPMC+D.TIT.+HPC+PEG; 8,000 ;KG;;;
1703515;SEMI ACABADO;703515;NAPROXENO SODICO 550 MG COM REV;600.000;600;010553;CROSPOVIDONE; 28,800 ;KG;;;
2703515;SEMI ACABADO;703515;NAPROXENO SODICO 550 MG COM REV;600.000;600;010041;DIOXIDO SILICIO COLOIDAL ANIDRO; 4,800 ;KG;;;
3703515;SEMI ACABADO;703515;NAPROXENO SODICO 550 MG COM REV;600.000;600;010046;ALCOOL ETILICO; 130,248 ;KG;;;
4703515;SEMI ACABADO;703515;NAPROXENO SODICO 550 MG COM REV;600.000;600;010311;ESTEARATO MAGNESIO; 4,800 ;KG;;;
5703515;SEMI ACABADO;703515;NAPROXENO SODICO 550 MG COM REV;600.000;600;010739;LACTOSE (50/70); 87,600 ;KG;;;
6703515;SEMI ACABADO;703515;NAPROXENO SODICO 550 MG COM REV;600.000;600;010885;COR ALUM LACA AZUL1; 0,156 ;KG;;;
7703515;SEMI ACABADO;703515;NAPROXENO SODICO 550 MG COM REV;600.000;600;010953;TALCO; 9,600 ;KG;;;
8703515;SEMI ACABADO;703515;NAPROXENO SODICO 550 MG COM REV;600.000;600;011902;NAPROXENO SODICO; 330,000 ;KG;;;
9703515;SEMI ACABADO;703515;NAPROXENO SODICO 550 MG COM REV;600.000;600;012059;HPMC + PEG + DIOXIDO TITANIO; 20,904 ;KG;;;
10703515;SEMI ACABADO;703515;NAPROXENO SODICO 550 MG COM REV;600.000;600;017407;POVIDONA K12; 14,400 ;KG;;;
1703528;SEMI ACABADO;703528;CILOSTAZOL 50MG COM;1.000.000;600;010056;AMIDO; 9,750 ;KG;;;
2703528;SEMI ACABADO;703528;CILOSTAZOL 50MG COM;1.000.000;600;010041;DIOXIDO SILICIO COLOIDAL ANIDRO; 3,900 ;KG;;;
3703528;SEMI ACABADO;703528;CILOSTAZOL 50MG COM;1.000.000;600;010311;ESTEARATO MAGNESIO; 1,950 ;KG;;;
4703528;SEMI ACABADO;703528;CILOSTAZOL 50MG COM;1.000.000;600;010501;CELULOSE MIC.(TIPO102); 37,050 ;KG;;;
5703528;SEMI ACABADO;703528;CILOSTAZOL 50MG COM;1.000.000;600;010923;CROSCARMELOSE SODICA; 1,950 ;KG;;;
6703528;SEMI ACABADO;703528;CILOSTAZOL 50MG COM;1.000.000;600;011020;CELULOSE MIC(TIPO 101); 102,050 ;KG;;;
7703528;SEMI ACABADO;703528;CILOSTAZOL 50MG COM;1.000.000;600;011723;HIDROXIPROPILMETILCELULOSE E-5; 5,850 ;KG;;;
8703528;SEMI ACABADO;703528;CILOSTAZOL 50MG COM;1.000.000;600;011933;CILOSTAZOL; 32,500 ;KG;;;
1703529;SEMI ACABADO;703529;CILOSTAZOL 100MG COM;1.000.000;600;010056;AMIDO; 9,750 ;KG;;;
2703529;SEMI ACABADO;703529;CILOSTAZOL 100MG COM;1.000.000;600;010041;DIOXIDO SILICIO COLOIDAL ANIDRO; 3,900 ;KG;;;
3703529;SEMI ACABADO;703529;CILOSTAZOL 100MG COM;1.000.000;600;010311;ESTEARATO MAGNESIO; 1,950 ;KG;;;
4703529;SEMI ACABADO;703529;CILOSTAZOL 100MG COM;1.000.000;600;010501;CELULOSE MIC.(TIPO102); 37,050 ;KG;;;
5703529;SEMI ACABADO;703529;CILOSTAZOL 100MG COM;1.000.000;600;010923;CROSCARMELOSE SODICA; 1,950 ;KG;;;
6703529;SEMI ACABADO;703529;CILOSTAZOL 100MG COM;1.000.000;600;011020;CELULOSE MIC(TIPO 101); 69,355 ;KG;;;
7703529;SEMI ACABADO;703529;CILOSTAZOL 100MG COM;1.000.000;600;011050;OXIDO FERRO AMARELO; 0,195 ;KG;;;
8703529;SEMI ACABADO;703529;CILOSTAZOL 100MG COM;1.000.000;600;011723;HIDROXIPROPILMETILCELULOSE E-5; 5,850 ;KG;;;
9703529;SEMI ACABADO;703529;CILOSTAZOL 100MG COM;1.000.000;600;011933;CILOSTAZOL; 65,000 ;KG;;;
1703533;SEMI ACABADO;703533;BILASTINA 20MG COM;1.000.000;600;010041;DIOXIDO SILICIO COLOIDAL ANIDRO; 0,600 ;KG;;;
2703533;SEMI ACABADO;703533;BILASTINA 20MG COM;1.000.000;600;010311;ESTEARATO MAGNESIO; 0,600 ;KG;;;
3703533;SEMI ACABADO;703533;BILASTINA 20MG COM;1.000.000;600;010501;CELULOSE MIC.(TIPO102); 92,800 ;KG;;;
4703533;SEMI ACABADO;703533;BILASTINA 20MG COM;1.000.000;600;010923;CROSCARMELOSE SODICA; 6,000 ;KG;;;
5703533;SEMI ACABADO;703533;BILASTINA 20MG COM;1.000.000;600;017264;BILASTINA; 20,000 ;KG;;;
1703536;SEMI ACABADO;703536;COLAGENO UCII 40MG CAPS;1.125.000;600;010071;CELULOSE MIC (TIPO200); 112,500 ;KG;;;
2703536;SEMI ACABADO;703536;COLAGENO UCII 40MG CAPS;1.125.000;600;012629;CAPS 3 BRANCO/BRANCO; 1.125.000,000 ;UN;;;
3703536;SEMI ACABADO;703536;COLAGENO UCII 40MG CAPS;1.125.000;600;017189;COLAGENO UC-250 POWDER UC-II (ALIM); 45,000 ;KG;;;
1703555;SEMI ACABADO;703555;DIOSMINA 450MG+HESPERIDINA 50MG COM REV;500.000;600;010041;DIOXIDO SILICIO COLOIDAL ANIDRO; 5,250 ;KG;;;
2703555;SEMI ACABADO;703555;DIOSMINA 450MG+HESPERIDINA 50MG COM REV;500.000;600;010469;LAURIL SULFATO SODIO (PO); 3,500 ;KG;;;
3703555;SEMI ACABADO;703555;DIOSMINA 450MG+HESPERIDINA 50MG COM REV;500.000;600;010964;POVIDONA K29-32; 14,000 ;KG;;;
4703555;SEMI ACABADO;703555;DIOSMINA 450MG+HESPERIDINA 50MG COM REV;500.000;600;011032;ALC.POL.+DIOX.TIT.+PEG+TALCO; 13,600 ;KG;;;
5703555;SEMI ACABADO;703555;DIOSMINA 450MG+HESPERIDINA 50MG COM REV;500.000;600;011049;OXIDO DE FERRO VERM(USP REF.33.8075); 0,133 ;KG;;;
6703555;SEMI ACABADO;703555;DIOSMINA 450MG+HESPERIDINA 50MG COM REV;500.000;600;011050;OXIDO FERRO AMARELO; 0,267 ;KG;;;
7703555;SEMI ACABADO;703555;DIOSMINA 450MG+HESPERIDINA 50MG COM REV;500.000;600;012351;ESTEARIL FUMARATO DE SODIO; 3,500 ;KG;;;
8703555;SEMI ACABADO;703555;DIOSMINA 450MG+HESPERIDINA 50MG COM REV;500.000;600;012624;CELULOSE MICROC.SILIC.HD90; 51,250 ;KG;;;
9703555;SEMI ACABADO;703555;DIOSMINA 450MG+HESPERIDINA 50MG COM REV;500.000;600;013381;CROSPOVIDONE NF; 17,500 ;KG;;;
10703555;SEMI ACABADO;703555;DIOSMINA 450MG+HESPERIDINA 50MG COM REV;500.000;600;017127;DIOSMINA + HESPERIDINA MIC.; 250,000 ;KG;;;
11703555;SEMI ACABADO;703555;DIOSMINA 450MG+HESPERIDINA 50MG COM REV;500.000;600;017128;HESPERIDINA; 5,000 ;KG;;;
1703556;SEMI ACABADO;703556;DIOSMINA 900MG+HESPERIDINA 100MG COM REV;250.000;600;010041;DIOXIDO SILICIO COLOIDAL ANIDRO; 5,250 ;KG;;;
2703556;SEMI ACABADO;703556;DIOSMINA 900MG+HESPERIDINA 100MG COM REV;250.000;600;010469;LAURIL SULFATO SODIO (PO); 3,500 ;KG;;;
3703556;SEMI ACABADO;703556;DIOSMINA 900MG+HESPERIDINA 100MG COM REV;250.000;600;010964;POVIDONA K29-32; 14,000 ;KG;;;
4703556;SEMI ACABADO;703556;DIOSMINA 900MG+HESPERIDINA 100MG COM REV;250.000;600;011032;ALC.POL.+DIOX.TIT.+PEG+TALCO; 13,600 ;KG;;;
5703556;SEMI ACABADO;703556;DIOSMINA 900MG+HESPERIDINA 100MG COM REV;250.000;600;011049;OXIDO DE FERRO VERM(USP REF.33.8075); 0,133 ;KG;;;
6703556;SEMI ACABADO;703556;DIOSMINA 900MG+HESPERIDINA 100MG COM REV;250.000;600;011050;OXIDO FERRO AMARELO; 0,267 ;KG;;;
7703556;SEMI ACABADO;703556;DIOSMINA 900MG+HESPERIDINA 100MG COM REV;250.000;600;012351;ESTEARIL FUMARATO DE SODIO; 3,500 ;KG;;;
8703556;SEMI ACABADO;703556;DIOSMINA 900MG+HESPERIDINA 100MG COM REV;250.000;600;012624;CELULOSE MICROC.SILIC.HD90; 51,250 ;KG;;;
9703556;SEMI ACABADO;703556;DIOSMINA 900MG+HESPERIDINA 100MG COM REV;250.000;600;013381;CROSPOVIDONE NF; 17,500 ;KG;;;
10703556;SEMI ACABADO;703556;DIOSMINA 900MG+HESPERIDINA 100MG COM REV;250.000;600;017127;DIOSMINA + HESPERIDINA MIC.; 250,000 ;KG;;;
11703556;SEMI ACABADO;703556;DIOSMINA 900MG+HESPERIDINA 100MG COM REV;250.000;600;017128;HESPERIDINA; 5,000 ;KG;;;
1703557;SEMI ACABADO;703557;CCM+DCM+VITD+VITK2+B.MG BUF C.REV(ALIM);375.000;600;010041;DIOXIDO SILICIO COLOIDAL ANIDRO; 6,000 ;KG;;;
2703557;SEMI ACABADO;703557;CCM+DCM+VITD+VITK2+B.MG BUF C.REV(ALIM);375.000;600;010311;ESTEARATO MAGNESIO; 6,000 ;KG;;;
3703557;SEMI ACABADO;703557;CCM+DCM+VITD+VITK2+B.MG BUF C.REV(ALIM);375.000;600;010501;CELULOSE MIC.(TIPO102); 61,792 ;KG;;;
4703557;SEMI ACABADO;703557;CCM+DCM+VITD+VITK2+B.MG BUF C.REV(ALIM);375.000;600;010923;CROSCARMELOSE SODICA; 12,000 ;KG;;;
5703557;SEMI ACABADO;703557;CCM+DCM+VITD+VITK2+B.MG BUF C.REV(ALIM);375.000;600;010925;VITAMINA D3; 0,750 ;KG;;;
6703557;SEMI ACABADO;703557;CCM+DCM+VITD+VITK2+B.MG BUF C.REV(ALIM);375.000;600;017130;CALCIO CITRATO MALATO GRANULAR (ALIM); 375,000 ;KG;;;
7703557;SEMI ACABADO;703557;CCM+DCM+VITD+VITK2+B.MG BUF C.REV(ALIM);375.000;600;017132;VITAMINA K2 ACTIVK N-2000 (ALIM); 6,094 ;KG;;;
8703557;SEMI ACABADO;703557;CCM+DCM+VITD+VITK2+B.MG BUF C.REV(ALIM);375.000;600;018143;BISGLICINATO MG BUF GRAN (ALIM); 67,709 ;KG;;;
9703557;SEMI ACABADO;703557;CCM+DCM+VITD+VITK2+B.MG BUF C.REV(ALIM);375.000;600;018144;DICALCIO MALATO GRANULAR (ALIM); 64,655 ;KG;;;
10703557;SEMI ACABADO;703557;CCM+DCM+VITD+VITK2+B.MG BUF C.REV(ALIM);375.000;600;018175;OPADRY PINK 85F94298 (ALIM); 18,000 ;KG;;;
1703562;SEMI ACABADO;703562;ETODOLACO 400 MG COM REV;350.000;600;010046;ALCOOL ETILICO; 80,372 ;KG;;;
2703562;SEMI ACABADO;703562;ETODOLACO 400 MG COM REV;350.000;600;010311;ESTEARATO MAGNESIO; 2,310 ;KG;;;
3703562;SEMI ACABADO;703562;ETODOLACO 400 MG COM REV;350.000;600;010859;LACTOSE (200); 41,020 ;KG;;;
4703562;SEMI ACABADO;703562;ETODOLACO 400 MG COM REV;350.000;600;010923;CROSCARMELOSE SODICA; 11,550 ;KG;;;
5703562;SEMI ACABADO;703562;ETODOLACO 400 MG COM REV;350.000;600;010964;POVIDONA K29-32; 18,480 ;KG;;;
6703562;SEMI ACABADO;703562;ETODOLACO 400 MG COM REV;350.000;600;011020;CELULOSE MIC(TIPO 101); 31,640 ;KG;;;
7703562;SEMI ACABADO;703562;ETODOLACO 400 MG COM REV;350.000;600;011394;CORANTE AMARELO LACA 10; 0,315 ;KG;;;
8703562;SEMI ACABADO;703562;ETODOLACO 400 MG COM REV;350.000;600;012059;HPMC + PEG + DIOXIDO TITANIO; 9,485 ;KG;;;
9703562;SEMI ACABADO;703562;ETODOLACO 400 MG COM REV;350.000;600;017476;ETODOLACO; 140,000 ;KG;;;
1703571;SEMI ACABADO;703571;NITAZOXANIDA 500MG COM REV;400.000;600;010553;CROSPOVIDONE; 29,000 ;KG;;;
2703571;SEMI ACABADO;703571;NITAZOXANIDA 500MG COM REV;400.000;600;010046;ALCOOL ETILICO; 93,960 ;KG;;;
3703571;SEMI ACABADO;703571;NITAZOXANIDA 500MG COM REV;400.000;600;010228;DIOXIDO TITANIO; 1,936 ;KG;;;
4703571;SEMI ACABADO;703571;NITAZOXANIDA 500MG COM REV;400.000;600;010311;ESTEARATO MAGNESIO; 1,450 ;KG;;;
5703571;SEMI ACABADO;703571;NITAZOXANIDA 500MG COM REV;400.000;600;010324;POL.ANI AC METACRIL(EUDRAGIT L 100); 2,196 ;KG;;;
6703571;SEMI ACABADO;703571;NITAZOXANIDA 500MG COM REV;400.000;600;010953;TALCO; 3,996 ;KG;;;
7703571;SEMI ACABADO;703571;NITAZOXANIDA 500MG COM REV;400.000;600;011018;AMIDO DE MILHO PREGELATINIZADO; 32,290 ;KG;;;
8703571;SEMI ACABADO;703571;NITAZOXANIDA 500MG COM REV;400.000;600;011050;OXIDO FERRO AMARELO; 0,480 ;KG;;;
9703571;SEMI ACABADO;703571;NITAZOXANIDA 500MG COM REV;400.000;600;011051;ACUCAR (SACAROSE); 18,560 ;KG;;;
10703571;SEMI ACABADO;703571;NITAZOXANIDA 500MG COM REV;400.000;600;011684;TRIETILCITRATO; 0,216 ;KG;;;
11703571;SEMI ACABADO;703571;NITAZOXANIDA 500MG COM REV;400.000;600;011723;HIDROXIPROPILMETILCELULOSE E-5; 5,800 ;KG;;;
12703571;SEMI ACABADO;703571;NITAZOXANIDA 500MG COM REV;400.000;600;013013;NITAZOXANIDA; 200,000 ;KG;;;
1703581;SEMI ACABADO;703581;COLECALCIFEROL 50.000UI COM REV;122.222;600;010199;COR ALUM LACA VERMELHO 40; 0,011 ;KG;;;
2703581;SEMI ACABADO;703581;COLECALCIFEROL 50.000UI COM REV;122.222;600;010311;ESTEARATO MAGNESIO; 1,100 ;KG;;;
3703581;SEMI ACABADO;703581;COLECALCIFEROL 50.000UI COM REV;122.222;600;010501;CELULOSE MIC.(TIPO102); 16,500 ;KG;;;
4703581;SEMI ACABADO;703581;COLECALCIFEROL 50.000UI COM REV;122.222;600;010739;LACTOSE (50/70); 27,989 ;KG;;;
5703581;SEMI ACABADO;703581;COLECALCIFEROL 50.000UI COM REV;122.222;600;010923;CROSCARMELOSE SODICA; 3,300 ;KG;;;
6703581;SEMI ACABADO;703581;COLECALCIFEROL 50.000UI COM REV;122.222;600;010925;VITAMINA D3; 61,111 ;KG;;;
7703581;SEMI ACABADO;703581;COLECALCIFEROL 50.000UI COM REV;122.222;600;011032;ALC.POL.+DIOX.TIT.+PEG+TALCO; 4,389 ;KG;;;
1703582;SEMI ACABADO;703582;COLECALCIFEROL 7.000UI COM REV;366.666;600;010174;COR ALUM LACA AMARELO CREPUSCULO 6; 0,011 ;KG;;;
2703582;SEMI ACABADO;703582;COLECALCIFEROL 7.000UI COM REV;366.666;600;010311;ESTEARATO MAGNESIO; 1,100 ;KG;;;
3703582;SEMI ACABADO;703582;COLECALCIFEROL 7.000UI COM REV;366.666;600;010501;CELULOSE MIC.(TIPO102); 16,500 ;KG;;;
4703582;SEMI ACABADO;703582;COLECALCIFEROL 7.000UI COM REV;366.666;600;010739;LACTOSE (50/70); 63,433 ;KG;;;
5703582;SEMI ACABADO;703582;COLECALCIFEROL 7.000UI COM REV;366.666;600;010923;CROSCARMELOSE SODICA; 3,300 ;KG;;;
6703582;SEMI ACABADO;703582;COLECALCIFEROL 7.000UI COM REV;366.666;600;010925;VITAMINA D3; 25,667 ;KG;;;
7703582;SEMI ACABADO;703582;COLECALCIFEROL 7.000UI COM REV;366.666;600;011032;ALC.POL.+DIOX.TIT.+PEG+TALCO; 4,389 ;KG;;;
1703583;SEMI ACABADO;703583;COLECALCIFEROL 1.000UI COM REV;600.000;600;010311;ESTEARATO MAGNESIO; 0,900 ;KG;;;
2703583;SEMI ACABADO;703583;COLECALCIFEROL 1.000UI COM REV;600.000;600;010501;CELULOSE MIC.(TIPO102); 13,500 ;KG;;;
3703583;SEMI ACABADO;703583;COLECALCIFEROL 1.000UI COM REV;600.000;600;010739;LACTOSE (50/70); 6,000 ;KG;;;
4703583;SEMI ACABADO;703583;COLECALCIFEROL 1.000UI COM REV;600.000;600;010739;LACTOSE (50/70); 60,900 ;KG;;;
5703583;SEMI ACABADO;703583;COLECALCIFEROL 1.000UI COM REV;600.000;600;010923;CROSCARMELOSE SODICA; 2,700 ;KG;;;
6703583;SEMI ACABADO;703583;COLECALCIFEROL 1.000UI COM REV;600.000;600;010925;VITAMINA D3; 6,000 ;KG;;;
7703583;SEMI ACABADO;703583;COLECALCIFEROL 1.000UI COM REV;600.000;600;011032;ALC.POL.+DIOX.TIT.+PEG+TALCO; 3,600 ;KG;;;
1703597;SEMI ACABADO;703597;DICLOR. DE LEVOCETIRIZINA 5MG COM REV;750.000;600;010041;DIOXIDO SILICIO COLOIDAL ANIDRO; 1,500 ;KG;;;
2703597;SEMI ACABADO;703597;DICLOR. DE LEVOCETIRIZINA 5MG COM REV;750.000;600;010071;CELULOSE MIC (TIPO200); 53,625 ;KG;;;
3703597;SEMI ACABADO;703597;DICLOR. DE LEVOCETIRIZINA 5MG COM REV;750.000;600;010311;ESTEARATO MAGNESIO; 1,125 ;KG;;;
4703597;SEMI ACABADO;703597;DICLOR. DE LEVOCETIRIZINA 5MG COM REV;750.000;600;010739;LACTOSE (50/70); 15,000 ;KG;;;
5703597;SEMI ACABADO;703597;DICLOR. DE LEVOCETIRIZINA 5MG COM REV;750.000;600;012059;HPMC + PEG + DIOXIDO TITANIO; 2,250 ;KG;;;
6703597;SEMI ACABADO;703597;DICLOR. DE LEVOCETIRIZINA 5MG COM REV;750.000;600;017466;DICLORIDRATO DE LEVOCETIRIZINA; 3,750 ;KG;;;
1703606;SEMI ACABADO;703606;BESILATO DE LEVANLODIPINO 2,5MG COM;1.500.000;600;010041;DIOXIDO SILICIO COLOIDAL ANIDRO; 0,750 ;KG;;;
2703606;SEMI ACABADO;703606;BESILATO DE LEVANLODIPINO 2,5MG COM;1.500.000;600;010311;ESTEARATO MAGNESIO; 1,500 ;KG;;;
3703606;SEMI ACABADO;703606;BESILATO DE LEVANLODIPINO 2,5MG COM;1.500.000;600;010501;CELULOSE MIC.(TIPO102); 134,895 ;KG;;;
4703606;SEMI ACABADO;703606;BESILATO DE LEVANLODIPINO 2,5MG COM;1.500.000;600;010923;CROSCARMELOSE SODICA; 7,500 ;KG;;;
5703606;SEMI ACABADO;703606;BESILATO DE LEVANLODIPINO 2,5MG COM;1.500.000;600;012514;OXIDO DE FERRO AMARELO; 180,000 ;G;;;
6703606;SEMI ACABADO;703606;BESILATO DE LEVANLODIPINO 2,5MG COM;1.500.000;600;017265;BESILATO DE LEVANLODIPINO; 5,175 ;KG;;;
1703607;SEMI ACABADO;703607;RIVAROXABANA 10 MG COM REV;1.750.000;600;010046;ALCOOL ETILICO; 49,613 ;KG;;;
2703607;SEMI ACABADO;703607;RIVAROXABANA 10 MG COM REV;1.750.000;600;010228;DIOXIDO TITANIO; 1,313 ;KG;;;
3703607;SEMI ACABADO;703607;RIVAROXABANA 10 MG COM REV;1.750.000;600;010311;ESTEARATO MAGNESIO; 0,870 ;KG;;;
4703607;SEMI ACABADO;703607;RIVAROXABANA 10 MG COM REV;1.750.000;600;010469;LAURIL SULFATO SODIO (PO); 0,880 ;KG;;;
5703607;SEMI ACABADO;703607;RIVAROXABANA 10 MG COM REV;1.750.000;600;010859;LACTOSE (200); 35,000 ;KG;;;
6703607;SEMI ACABADO;703607;RIVAROXABANA 10 MG COM REV;1.750.000;600;010923;CROSCARMELOSE SODICA; 5,250 ;KG;;;
7703607;SEMI ACABADO;703607;RIVAROXABANA 10 MG COM REV;1.750.000;600;010979;HPMC+PEG; 3,395 ;KG;;;
8703607;SEMI ACABADO;703607;RIVAROXABANA 10 MG COM REV;1.750.000;600;011020;CELULOSE MIC(TIPO 101); 92,750 ;KG;;;
9703607;SEMI ACABADO;703607;RIVAROXABANA 10 MG COM REV;1.750.000;600;011049;OXIDO DE FERRO VERM(USP REF.33.8075); 0,018 ;KG;;;
10703607;SEMI ACABADO;703607;RIVAROXABANA 10 MG COM REV;1.750.000;600;011723;HIDROXIPROPILMETILCELULOSE E-5; 5,250 ;KG;;;
11703607;SEMI ACABADO;703607;RIVAROXABANA 10 MG COM REV;1.750.000;600;017778;RIVAROXABANA; 17,500 ;KG;;;
1703608;SEMI ACABADO;703608;RIVAROXABANA 15 MG COM REV;1.750.000;600;010046;ALCOOL ETILICO; 49,613 ;KG;;;
2703608;SEMI ACABADO;703608;RIVAROXABANA 15 MG COM REV;1.750.000;600;010228;DIOXIDO TITANIO; 0,700 ;KG;;;
3703608;SEMI ACABADO;703608;RIVAROXABANA 15 MG COM REV;1.750.000;600;010311;ESTEARATO MAGNESIO; 0,870 ;KG;;;
4703608;SEMI ACABADO;703608;RIVAROXABANA 15 MG COM REV;1.750.000;600;010469;LAURIL SULFATO SODIO (PO); 0,880 ;KG;;;
5703608;SEMI ACABADO;703608;RIVAROXABANA 15 MG COM REV;1.750.000;600;010859;LACTOSE (200); 35,000 ;KG;;;
6703608;SEMI ACABADO;703608;RIVAROXABANA 15 MG COM REV;1.750.000;600;010923;CROSCARMELOSE SODICA; 5,250 ;KG;;;
7703608;SEMI ACABADO;703608;RIVAROXABANA 15 MG COM REV;1.750.000;600;010979;HPMC+PEG; 3,850 ;KG;;;
8703608;SEMI ACABADO;703608;RIVAROXABANA 15 MG COM REV;1.750.000;600;011020;CELULOSE MIC(TIPO 101); 84,000 ;KG;;;
9703608;SEMI ACABADO;703608;RIVAROXABANA 15 MG COM REV;1.750.000;600;011049;OXIDO DE FERRO VERM(USP REF.33.8075); 0,175 ;KG;;;
10703608;SEMI ACABADO;703608;RIVAROXABANA 15 MG COM REV;1.750.000;600;011723;HIDROXIPROPILMETILCELULOSE E-5; 5,250 ;KG;;;
11703608;SEMI ACABADO;703608;RIVAROXABANA 15 MG COM REV;1.750.000;600;017778;RIVAROXABANA; 26,250 ;KG;;;
1703609;SEMI ACABADO;703609;RIVAROXABANA 20 MG COM REV;1.750.000;600;010046;ALCOOL ETILICO; 49,613 ;KG;;;
2703609;SEMI ACABADO;703609;RIVAROXABANA 20 MG COM REV;1.750.000;600;010228;DIOXIDO TITANIO; 0,088 ;KG;;;
3703609;SEMI ACABADO;703609;RIVAROXABANA 20 MG COM REV;1.750.000;600;010311;ESTEARATO MAGNESIO; 0,870 ;KG;;;
4703609;SEMI ACABADO;703609;RIVAROXABANA 20 MG COM REV;1.750.000;600;010469;LAURIL SULFATO SODIO (PO); 0,880 ;KG;;;
5703609;SEMI ACABADO;703609;RIVAROXABANA 20 MG COM REV;1.750.000;600;010859;LACTOSE (200); 35,000 ;KG;;;
6703609;SEMI ACABADO;703609;RIVAROXABANA 20 MG COM REV;1.750.000;600;010923;CROSCARMELOSE SODICA; 5,250 ;KG;;;
7703609;SEMI ACABADO;703609;RIVAROXABANA 20 MG COM REV;1.750.000;600;010979;HPMC+PEG; 4,288 ;KG;;;
8703609;SEMI ACABADO;703609;RIVAROXABANA 20 MG COM REV;1.750.000;600;011020;CELULOSE MIC(TIPO 101); 75,250 ;KG;;;
9703609;SEMI ACABADO;703609;RIVAROXABANA 20 MG COM REV;1.750.000;600;011049;OXIDO DE FERRO VERM(USP REF.33.8075); 0,350 ;KG;;;
10703609;SEMI ACABADO;703609;RIVAROXABANA 20 MG COM REV;1.750.000;600;011723;HIDROXIPROPILMETILCELULOSE E-5; 5,250 ;KG;;;
11703609;SEMI ACABADO;703609;RIVAROXABANA 20 MG COM REV;1.750.000;600;017778;RIVAROXABANA; 35,000 ;KG;;;
1703617;SEMI ACABADO;703617;LUTEIN10MG+ZEAXAN+VIT+MIN COM REV (ALIM);285.714;600;010041;DIOXIDO SILICIO COLOIDAL ANIDRO; 2,000 ;KG;;;
2703617;SEMI ACABADO;703617;LUTEIN10MG+ZEAXAN+VIT+MIN COM REV (ALIM);285.714;600;010046;ALCOOL ETILICO; 128,674 ;KG;;;
3703617;SEMI ACABADO;703617;LUTEIN10MG+ZEAXAN+VIT+MIN COM REV (ALIM);285.714;600;010071;CELULOSE MIC (TIPO200); 54,647 ;KG;;;
4703617;SEMI ACABADO;703617;LUTEIN10MG+ZEAXAN+VIT+MIN COM REV (ALIM);285.714;600;010311;ESTEARATO MAGNESIO; 2,000 ;KG;;;
5703617;SEMI ACABADO;703617;LUTEIN10MG+ZEAXAN+VIT+MIN COM REV (ALIM);285.714;600;010678;VIT A-ACETATO-PO 500000UI/G; 1,143 ;KG;;;
6703617;SEMI ACABADO;703617;LUTEIN10MG+ZEAXAN+VIT+MIN COM REV (ALIM);285.714;600;010684;VIT B2-RIBOFLAVINABASE; 0,371 ;KG;;;
7703617;SEMI ACABADO;703617;LUTEIN10MG+ZEAXAN+VIT+MIN COM REV (ALIM);285.714;600;010693;ACETATO DE DL-ALFA-TOCOFEROL 50%; 8,514 ;KG;;;
8703617;SEMI ACABADO;703617;LUTEIN10MG+ZEAXAN+VIT+MIN COM REV (ALIM);285.714;600;010731;FOSF.CAL.DIB.(COMPDIRETA); 39,713 ;KG;;;
9703617;SEMI ACABADO;703617;LUTEIN10MG+ZEAXAN+VIT+MIN COM REV (ALIM);285.714;600;010869;VITAMINA C 90% GRANULADO; 14,286 ;KG;;;
10703617;SEMI ACABADO;703617;LUTEIN10MG+ZEAXAN+VIT+MIN COM REV (ALIM);285.714;600;010923;CROSCARMELOSE SODICA; 4,000 ;KG;;;
11703617;SEMI ACABADO;703617;LUTEIN10MG+ZEAXAN+VIT+MIN COM REV (ALIM);285.714;600;015173;HPMC+D.TIT.+HPC+PEG; 6,000 ;KG;;;
12703617;SEMI ACABADO;703617;LUTEIN10MG+ZEAXAN+VIT+MIN COM REV (ALIM);285.714;600;016351;OPADRY ORANGE 20B130004; 6,000 ;KG;;;
13703617;SEMI ACABADO;703617;LUTEIN10MG+ZEAXAN+VIT+MIN COM REV (ALIM);285.714;600;016364;LUTEINA FLORAGLO LUTEIN5%CWS/S-TG (ALIM); 57,143 ;KG;;;
14703617;SEMI ACABADO;703617;LUTEIN10MG+ZEAXAN+VIT+MIN COM REV (ALIM);285.714;600;016825;SELENITO DE SODIO (ALIM); 1,943 ;KG;;;
15703617;SEMI ACABADO;703617;LUTEIN10MG+ZEAXAN+VIT+MIN COM REV (ALIM);285.714;600;016835;OXIDO DE COBRE (ALIM); 0,322 ;KG;;;
16703617;SEMI ACABADO;703617;LUTEIN10MG+ZEAXAN+VIT+MIN COM REV (ALIM);285.714;600;019419;ZEAXANTINA NATURAL 5% (ALIM); 11,429 ;KG;;;
17703617;SEMI ACABADO;703617;LUTEIN10MG+ZEAXAN+VIT+MIN COM REV (ALIM);285.714;600;300677;OXIDO ZINCO (GRAU FARMACEUTICO); 2,489 ;KG;;;
1703625;SEMI ACABADO;703625;SUCCINATO DE SOLIFENACINA 10MG COM REV.;500.000;600;010046;ALCOOL ETILICO; 30,375 ;KG;;;
2703625;SEMI ACABADO;703625;SUCCINATO DE SOLIFENACINA 10MG COM REV.;500.000;600;010311;ESTEARATO MAGNESIO; 0,750 ;KG;;;
3703625;SEMI ACABADO;703625;SUCCINATO DE SOLIFENACINA 10MG COM REV.;500.000;600;010739;LACTOSE (50/70); 22,500 ;KG;;;
4703625;SEMI ACABADO;703625;SUCCINATO DE SOLIFENACINA 10MG COM REV.;500.000;600;010953;TALCO; 0,470 ;KG;;;
5703625;SEMI ACABADO;703625;SUCCINATO DE SOLIFENACINA 10MG COM REV.;500.000;600;011018;AMIDO DE MILHO PREGELATINIZADO; 4,500 ;KG;;;
6703625;SEMI ACABADO;703625;SUCCINATO DE SOLIFENACINA 10MG COM REV.;500.000;600;011049;OXIDO DE FERRO VERM(USP REF.33.8075); 0,005 ;KG;;;
7703625;SEMI ACABADO;703625;SUCCINATO DE SOLIFENACINA 10MG COM REV.;500.000;600;011724;HIDROXIPROPILMETILCELULOSE E-50; 5,625 ;KG;;;
8703625;SEMI ACABADO;703625;SUCCINATO DE SOLIFENACINA 10MG COM REV.;500.000;600;011900;COPOVIDONA; 7,500 ;KG;;;
9703625;SEMI ACABADO;703625;SUCCINATO DE SOLIFENACINA 10MG COM REV.;500.000;600;012059;HPMC + PEG + DIOXIDO TITANIO; 3,000 ;KG;;;
10703625;SEMI ACABADO;703625;SUCCINATO DE SOLIFENACINA 10MG COM REV.;500.000;600;012624;CELULOSE MICROC.SILIC.HD90; 29,125 ;KG;;;
11703625;SEMI ACABADO;703625;SUCCINATO DE SOLIFENACINA 10MG COM REV.;500.000;600;017789;SUCCINATO DE SOLIFENACINA; 5,000 ;KG;;;
1703626;SEMI ACABADO;703626;SUCCINATO DE SOLIFENACINA 5MG COM REV;1.000.000;600;010046;ALCOOL ETILICO; 60,750 ;KG;;;
2703626;SEMI ACABADO;703626;SUCCINATO DE SOLIFENACINA 5MG COM REV;1.000.000;600;010311;ESTEARATO MAGNESIO; 1,500 ;KG;;;
3703626;SEMI ACABADO;703626;SUCCINATO DE SOLIFENACINA 5MG COM REV;1.000.000;600;010739;LACTOSE (50/70); 45,000 ;KG;;;
4703626;SEMI ACABADO;703626;SUCCINATO DE SOLIFENACINA 5MG COM REV;1.000.000;600;010953;TALCO; 0,940 ;KG;;;
5703626;SEMI ACABADO;703626;SUCCINATO DE SOLIFENACINA 5MG COM REV;1.000.000;600;011018;AMIDO DE MILHO PREGELATINIZADO; 9,000 ;KG;;;
6703626;SEMI ACABADO;703626;SUCCINATO DE SOLIFENACINA 5MG COM REV;1.000.000;600;011050;OXIDO FERRO AMARELO; 0,010 ;KG;;;
7703626;SEMI ACABADO;703626;SUCCINATO DE SOLIFENACINA 5MG COM REV;1.000.000;600;011724;HIDROXIPROPILMETILCELULOSE E-50; 11,250 ;KG;;;
8703626;SEMI ACABADO;703626;SUCCINATO DE SOLIFENACINA 5MG COM REV;1.000.000;600;011900;COPOVIDONA; 15,000 ;KG;;;
9703626;SEMI ACABADO;703626;SUCCINATO DE SOLIFENACINA 5MG COM REV;1.000.000;600;012059;HPMC + PEG + DIOXIDO TITANIO; 6,000 ;KG;;;
10703626;SEMI ACABADO;703626;SUCCINATO DE SOLIFENACINA 5MG COM REV;1.000.000;600;012624;CELULOSE MICROC.SILIC.HD90; 63,250 ;KG;;;
11703626;SEMI ACABADO;703626;SUCCINATO DE SOLIFENACINA 5MG COM REV;1.000.000;600;017789;SUCCINATO DE SOLIFENACINA; 5,000 ;KG;;;
1703628;SEMI ACABADO;703628;ETORICOXIBE (C1) 60MG COM REV;200.000;600;010311;ESTEARATO MAGNESIO; 0,400 ;KG;;;
2703628;SEMI ACABADO;703628;ETORICOXIBE (C1) 60MG COM REV;200.000;600;010859;LACTOSE (200); 10,800 ;KG;;;
3703628;SEMI ACABADO;703628;ETORICOXIBE (C1) 60MG COM REV;200.000;600;010923;CROSCARMELOSE SODICA; 0,600 ;KG;;;
4703628;SEMI ACABADO;703628;ETORICOXIBE (C1) 60MG COM REV;200.000;600;010923;CROSCARMELOSE SODICA; 0,600 ;KG;;;
5703628;SEMI ACABADO;703628;ETORICOXIBE (C1) 60MG COM REV;200.000;600;011020;CELULOSE MIC(TIPO 101); 10,800 ;KG;;;
6703628;SEMI ACABADO;703628;ETORICOXIBE (C1) 60MG COM REV;200.000;600;011723;HIDROXIPROPILMETILCELULOSE E-5; 0,800 ;KG;;;
7703628;SEMI ACABADO;703628;ETORICOXIBE (C1) 60MG COM REV;200.000;600;013786;FOSFATO DE CALCIO DIBASICO ANIDRO CD; 4,000 ;KG;;;
8703628;SEMI ACABADO;703628;ETORICOXIBE (C1) 60MG COM REV;200.000;600;017895;ETORICOXIBE (C1); 12,000 ;KG;;;
9703628;SEMI ACABADO;703628;ETORICOXIBE (C1) 60MG COM REV;200.000;600;019733;AL.POL+TALC+DIOX.TIT+GLICEROL+LSS GREEN; 1,600 ;KG;;;
1703629;SEMI ACABADO;703629;ETORICOXIBE (C1) 90MG COM REV;800.000;600;010311;ESTEARATO MAGNESIO; 2,400 ;KG;;;
2703629;SEMI ACABADO;703629;ETORICOXIBE (C1) 90MG COM REV;800.000;600;010859;LACTOSE (200); 64,800 ;KG;;;
3703629;SEMI ACABADO;703629;ETORICOXIBE (C1) 90MG COM REV;800.000;600;010923;CROSCARMELOSE SODICA; 7,200 ;KG;;;
4703629;SEMI ACABADO;703629;ETORICOXIBE (C1) 90MG COM REV;800.000;600;011020;CELULOSE MIC(TIPO 101); 64,800 ;KG;;;
5703629;SEMI ACABADO;703629;ETORICOXIBE (C1) 90MG COM REV;800.000;600;011723;HIDROXIPROPILMETILCELULOSE E-5; 4,800 ;KG;;;
6703629;SEMI ACABADO;703629;ETORICOXIBE (C1) 90MG COM REV;800.000;600;013786;FOSFATO DE CALCIO DIBASICO ANIDRO CD; 24,000 ;KG;;;
7703629;SEMI ACABADO;703629;ETORICOXIBE (C1) 90MG COM REV;800.000;600;017895;ETORICOXIBE (C1); 72,000 ;KG;;;
8703629;SEMI ACABADO;703629;ETORICOXIBE (C1) 90MG COM REV;800.000;600;019722;AL.POL+TALC+DIOX.TIT+GLICEROL+LSS; 9,600 ;KG;;;
1703648;SEMI ACABADO;703648;LINAGLIPTINA 5MG COM REV;600.000;600;010041;DIOXIDO SILICIO COLOIDAL ANIDRO; 0,540 ;KG;;;
2703648;SEMI ACABADO;703648;LINAGLIPTINA 5MG COM REV;600.000;600;011018;AMIDO DE MILHO PREGELATINIZADO; 10,800 ;KG;;;
3703648;SEMI ACABADO;703648;LINAGLIPTINA 5MG COM REV;600.000;600;011653;MANITOL CD(PAR TECK M2000 ART100419); 79,620 ;KG;;;
4703648;SEMI ACABADO;703648;LINAGLIPTINA 5MG COM REV;600.000;600;011900;COPOVIDONA; 10,800 ;KG;;;
5703648;SEMI ACABADO;703648;LINAGLIPTINA 5MG COM REV;600.000;600;012351;ESTEARIL FUMARATO DE SODIO; 2,160 ;KG;;;
6703648;SEMI ACABADO;703648;LINAGLIPTINA 5MG COM REV;600.000;600;012693;OPADRY AMB WHITE (OY-B-28920) (EP); 5,400 ;KG;;;
7703648;SEMI ACABADO;703648;LINAGLIPTINA 5MG COM REV;600.000;600;017949;LINAGLIPTINA; 3,000 ;KG;;;
8703648;SEMI ACABADO;703648;LINAGLIPTINA 5MG COM REV;600.000;600;010553;CROSPOVIDONE; 1,080 ;KG;;;
1703652;SEMI ACABADO;703652;CLOR. TRAZODONA (C1) 100MG COM REV ;600.000;600;010046;ALCOOL ETILICO; 55,987 ;KG;;;
2703652;SEMI ACABADO;703652;CLOR. TRAZODONA (C1) 100MG COM REV ;600.000;600;010406;FOSFATO CALCIO TRIBASICO(TS 29 FLB); 11,520 ;KG;;;
3703652;SEMI ACABADO;703652;CLOR. TRAZODONA (C1) 100MG COM REV ;600.000;600;010501;CELULOSE MIC.(TIPO102); 121,440 ;KG;;;
4703652;SEMI ACABADO;703652;CLOR. TRAZODONA (C1) 100MG COM REV ;600.000;600;010739;LACTOSE (50/70); 83,520 ;KG;;;
5703652;SEMI ACABADO;703652;CLOR. TRAZODONA (C1) 100MG COM REV ;600.000;600;010923;CROSCARMELOSE SODICA; 5,760 ;KG;;;
6703652;SEMI ACABADO;703652;CLOR. TRAZODONA (C1) 100MG COM REV ;600.000;600;012059;HPMC + PEG + DIOXIDO TITANIO; 8,640 ;KG;;;
7703652;SEMI ACABADO;703652;CLOR. TRAZODONA (C1) 100MG COM REV ;600.000;600;012351;ESTEARIL FUMARATO DE SODIO; 5,760 ;KG;;;
8703652;SEMI ACABADO;703652;CLOR. TRAZODONA (C1) 100MG COM REV ;600.000;600;015907;CLORIDRATO DE TRAZODONA (C1); 60,000 ;KG;;;
1703653;SEMI ACABADO;703653;CLOR. TRAZODONA (C1) 50MG COM REV;2.500.000;600;010046;ALCOOL ETILICO; 116,640 ;KG;;;
2703653;SEMI ACABADO;703653;CLOR. TRAZODONA (C1) 50MG COM REV;2.500.000;600;010406;FOSFATO CALCIO TRIBASICO(TS 29 FLB); 24,000 ;KG;;;
3703653;SEMI ACABADO;703653;CLOR. TRAZODONA (C1) 50MG COM REV;2.500.000;600;010501;CELULOSE MIC.(TIPO102); 253,000 ;KG;;;
4703653;SEMI ACABADO;703653;CLOR. TRAZODONA (C1) 50MG COM REV;2.500.000;600;010739;LACTOSE (50/70); 174,000 ;KG;;;
5703653;SEMI ACABADO;703653;CLOR. TRAZODONA (C1) 50MG COM REV;2.500.000;600;010923;CROSCARMELOSE SODICA; 12,000 ;KG;;;
6703653;SEMI ACABADO;703653;CLOR. TRAZODONA (C1) 50MG COM REV;2.500.000;600;012059;HPMC + PEG + DIOXIDO TITANIO; 18,000 ;KG;;;
7703653;SEMI ACABADO;703653;CLOR. TRAZODONA (C1) 50MG COM REV;2.500.000;600;012351;ESTEARIL FUMARATO DE SODIO; 12,000 ;KG;;;
8703653;SEMI ACABADO;703653;CLOR. TRAZODONA (C1) 50MG COM REV;2.500.000;600;015907;CLORIDRATO DE TRAZODONA (C1); 125,000 ;KG;;;
1703655;SEMI ACABADO;703655;CLORIDRATO DE CINACALCETE 30 MG COM REV;1.000.000;600;010553;CROSPOVIDONE; 9,000 ;KG;;;
2703655;SEMI ACABADO;703655;CLORIDRATO DE CINACALCETE 30 MG COM REV;1.000.000;600;010046;ALCOOL ETILICO; 8,100 ;KG;;;
3703655;SEMI ACABADO;703655;CLORIDRATO DE CINACALCETE 30 MG COM REV;1.000.000;600;010046;ALCOOL ETILICO; 56,700 ;KG;;;
4703655;SEMI ACABADO;703655;CLORIDRATO DE CINACALCETE 30 MG COM REV;1.000.000;600;010311;ESTEARATO MAGNESIO; 1,800 ;KG;;;
5703655;SEMI ACABADO;703655;CLORIDRATO DE CINACALCETE 30 MG COM REV;1.000.000;600;010859;LACTOSE (200); 2,500 ;KG;;;
6703655;SEMI ACABADO;703655;CLORIDRATO DE CINACALCETE 30 MG COM REV;1.000.000;600;011018;AMIDO DE MILHO PREGELATINIZADO; 12,020 ;KG;;;
7703655;SEMI ACABADO;703655;CLORIDRATO DE CINACALCETE 30 MG COM REV;1.000.000;600;011639;DIOXIDO SILICIO (SYLOID 244FP); 2,700 ;KG;;;
8703655;SEMI ACABADO;703655;CLORIDRATO DE CINACALCETE 30 MG COM REV;1.000.000;600;011900;COPOVIDONA; 14,400 ;KG;;;
9703655;SEMI ACABADO;703655;CLORIDRATO DE CINACALCETE 30 MG COM REV;1.000.000;600;012059;HPMC + PEG + DIOXIDO TITANIO; 7,000 ;KG;;;
10703655;SEMI ACABADO;703655;CLORIDRATO DE CINACALCETE 30 MG COM REV;1.000.000;600;012459;CELULOSE MICROCRISTALINA (TIPO 302); 107,020 ;KG;;;
11703655;SEMI ACABADO;703655;CLORIDRATO DE CINACALCETE 30 MG COM REV;1.000.000;600;012514;OXIDO DE FERRO AMARELO; 27,000 ;G;;;
12703655;SEMI ACABADO;703655;CLORIDRATO DE CINACALCETE 30 MG COM REV;1.000.000;600;013481;COR ALUM LACA AZUL1; 5,400 ;KG;;;
13703655;SEMI ACABADO;703655;CLORIDRATO DE CINACALCETE 30 MG COM REV;1.000.000;600;017530;CLORIDRATO DE CINACALCETE; 33,060 ;KG;;;
14703655;SEMI ACABADO;703655;CLORIDRATO DE CINACALCETE 30 MG COM REV;1.000.000;600;017530;CLORIDRATO DE CINACALCETE; 33,060 ;KG;;;
15703655;SEMI ACABADO;703655;CLORIDRATO DE CINACALCETE 30 MG COM REV;1.000.000;600;012459;CELULOSE MICROCRISTALINA (TIPO 302); 107,020 ;KG;;;
16703655;SEMI ACABADO;703655;CLORIDRATO DE CINACALCETE 30 MG COM REV;1.000.000;600;011018;AMIDO DE MILHO PREGELATINIZADO; 12,020 ;KG;;;
17703655;SEMI ACABADO;703655;CLORIDRATO DE CINACALCETE 30 MG COM REV;1.000.000;600;011900;COPOVIDONA; 14,400 ;KG;;;
18703655;SEMI ACABADO;703655;CLORIDRATO DE CINACALCETE 30 MG COM REV;1.000.000;600;010553;CROSPOVIDONE; 9,000 ;KG;;;
19703655;SEMI ACABADO;703655;CLORIDRATO DE CINACALCETE 30 MG COM REV;1.000.000;600;011639;DIOXIDO SILICIO (SYLOID 244FP); 2,700 ;KG;;;
20703655;SEMI ACABADO;703655;CLORIDRATO DE CINACALCETE 30 MG COM REV;1.000.000;600;010311;ESTEARATO MAGNESIO; 1,800 ;KG;;;
21703655;SEMI ACABADO;703655;CLORIDRATO DE CINACALCETE 30 MG COM REV;1.000.000;600;010859;LACTOSE (200); 2,500 ;KG;;;
22703655;SEMI ACABADO;703655;CLORIDRATO DE CINACALCETE 30 MG COM REV;1.000.000;600;010046;ALCOOL ETILICO; 56,700 ;KG;;;
23703655;SEMI ACABADO;703655;CLORIDRATO DE CINACALCETE 30 MG COM REV;1.000.000;600;012059;HPMC + PEG + DIOXIDO TITANIO; 7,000 ;KG;;;
24703655;SEMI ACABADO;703655;CLORIDRATO DE CINACALCETE 30 MG COM REV;1.000.000;600;010046;ALCOOL ETILICO; 8,100 ;KG;;;
25703655;SEMI ACABADO;703655;CLORIDRATO DE CINACALCETE 30 MG COM REV;1.000.000;600;013481;COR ALUM LACA AZUL1; 0,005 ;KG;;;
26703655;SEMI ACABADO;703655;CLORIDRATO DE CINACALCETE 30 MG COM REV;1.000.000;600;012514;OXIDO DE FERRO AMARELO; 0,027 ;KG;;;
1703656;SEMI ACABADO;703656;MIRTAZAPINA (C1) 15 MG COM ORODISP;750.000;600;010553;CROSPOVIDONE; 11,250 ;KG;;;
2703656;SEMI ACABADO;703656;MIRTAZAPINA (C1) 15 MG COM ORODISP;750.000;600;010046;ALCOOL ETILICO; 58,320 ;KG;;;
3703656;SEMI ACABADO;703656;MIRTAZAPINA (C1) 15 MG COM ORODISP;750.000;600;010280;ESS LARANJA PO; 0,450 ;KG;;;
4703656;SEMI ACABADO;703656;MIRTAZAPINA (C1) 15 MG COM ORODISP;750.000;600;010311;ESTEARATO MAGNESIO; 2,250 ;KG;;;
5703656;SEMI ACABADO;703656;MIRTAZAPINA (C1) 15 MG COM ORODISP;750.000;600;010322;POL CAT AC METACRIL(EUDRAGIT E100 G; 0,675 ;KG;;;
6703656;SEMI ACABADO;703656;MIRTAZAPINA (C1) 15 MG COM ORODISP;750.000;600;010501;CELULOSE MIC.(TIPO102); 130,050 ;KG;;;
7703656;SEMI ACABADO;703656;MIRTAZAPINA (C1) 15 MG COM ORODISP;750.000;600;011555;MIRTAZAPINA (C1)**; 11,250 ;KG;;;
8703656;SEMI ACABADO;703656;MIRTAZAPINA (C1) 15 MG COM ORODISP;750.000;600;011639;DIOXIDO SILICIO (SYLOID 244FP); 1,125 ;KG;;;
9703656;SEMI ACABADO;703656;MIRTAZAPINA (C1) 15 MG COM ORODISP;750.000;600;011653;MANITOL CD(PAR TECK M2000 ART100419); 67,500 ;KG;;;
10703656;SEMI ACABADO;703656;MIRTAZAPINA (C1) 15 MG COM ORODISP;750.000;600;011692;SUCRALOSE; 0,450 ;KG;;;
1703657;SEMI ACABADO;703657;MIRTAZAPINA (C1) 30 MG COM ORODISP;375.000;600;010553;CROSPOVIDONE; 11,250 ;KG;;;
2703657;SEMI ACABADO;703657;MIRTAZAPINA (C1) 30 MG COM ORODISP;375.000;600;010046;ALCOOL ETILICO; 58,320 ;KG;;;
3703657;SEMI ACABADO;703657;MIRTAZAPINA (C1) 30 MG COM ORODISP;375.000;600;010280;ESS LARANJA PO; 0,450 ;KG;;;
4703657;SEMI ACABADO;703657;MIRTAZAPINA (C1) 30 MG COM ORODISP;375.000;600;010311;ESTEARATO MAGNESIO; 2,250 ;KG;;;
5703657;SEMI ACABADO;703657;MIRTAZAPINA (C1) 30 MG COM ORODISP;375.000;600;010322;POL CAT AC METACRIL(EUDRAGIT E100 G; 0,675 ;KG;;;
6703657;SEMI ACABADO;703657;MIRTAZAPINA (C1) 30 MG COM ORODISP;375.000;600;010501;CELULOSE MIC.(TIPO102); 130,050 ;KG;;;
7703657;SEMI ACABADO;703657;MIRTAZAPINA (C1) 30 MG COM ORODISP;375.000;600;011555;MIRTAZAPINA (C1)**; 11,250 ;KG;;;
8703657;SEMI ACABADO;703657;MIRTAZAPINA (C1) 30 MG COM ORODISP;375.000;600;011639;DIOXIDO SILICIO (SYLOID 244FP); 1,125 ;KG;;;
9703657;SEMI ACABADO;703657;MIRTAZAPINA (C1) 30 MG COM ORODISP;375.000;600;011653;MANITOL CD(PAR TECK M2000 ART100419); 67,500 ;KG;;;
10703657;SEMI ACABADO;703657;MIRTAZAPINA (C1) 30 MG COM ORODISP;375.000;600;011692;SUCRALOSE; 0,450 ;KG;;;
1703658;SEMI ACABADO;703658;MIRTAZAPINA (C1) 45 MG COM ORODISP;100.000;600;010553;CROSPOVIDONE; 4,500 ;KG;;;
2703658;SEMI ACABADO;703658;MIRTAZAPINA (C1) 45 MG COM ORODISP;100.000;600;010046;ALCOOL ETILICO; 2,430 ;KG;;;
3703658;SEMI ACABADO;703658;MIRTAZAPINA (C1) 45 MG COM ORODISP;100.000;600;010046;ALCOOL ETILICO; 12,150 ;KG;;;
4703658;SEMI ACABADO;703658;MIRTAZAPINA (C1) 45 MG COM ORODISP;100.000;600;010280;ESS LARANJA PO; 0,180 ;KG;;;
5703658;SEMI ACABADO;703658;MIRTAZAPINA (C1) 45 MG COM ORODISP;100.000;600;010311;ESTEARATO MAGNESIO; 0,900 ;KG;;;
6703658;SEMI ACABADO;703658;MIRTAZAPINA (C1) 45 MG COM ORODISP;100.000;600;010322;POL CAT AC METACRIL(EUDRAGIT E100 G; 0,270 ;KG;;;
7703658;SEMI ACABADO;703658;MIRTAZAPINA (C1) 45 MG COM ORODISP;100.000;600;010501;CELULOSE MIC.(TIPO102); 52,020 ;KG;;;
8703658;SEMI ACABADO;703658;MIRTAZAPINA (C1) 45 MG COM ORODISP;100.000;600;011555;MIRTAZAPINA (C1)**; 4,500 ;KG;;;
9703658;SEMI ACABADO;703658;MIRTAZAPINA (C1) 45 MG COM ORODISP;100.000;600;011639;DIOXIDO SILICIO (SYLOID 244FP); 0,450 ;KG;;;
10703658;SEMI ACABADO;703658;MIRTAZAPINA (C1) 45 MG COM ORODISP;100.000;600;011653;MANITOL CD(PAR TECK M2000 ART100419); 27,000 ;KG;;;
11703658;SEMI ACABADO;703658;MIRTAZAPINA (C1) 45 MG COM ORODISP;100.000;600;011692;SUCRALOSE; 0,180 ;KG;;;
1703676;SEMI ACABADO;703676;SULF. HIDROXICLOROQUINA 400MG COM VER;700.000;600;010046;ALCOOL ETILICO; 153,090 ;KG;;;
2703676;SEMI ACABADO;703676;SULF. HIDROXICLOROQUINA 400MG COM VER;700.000;600;010311;ESTEARATO MAGNESIO; 7,350 ;KG;;;
3703676;SEMI ACABADO;703676;SULF. HIDROXICLOROQUINA 400MG COM VER;700.000;600;010731;FOSF.CAL.DIB.(COMPDIRETA); 129,150 ;KG;;;
4703676;SEMI ACABADO;703676;SULF. HIDROXICLOROQUINA 400MG COM VER;700.000;600;011018;AMIDO DE MILHO PREGELATINIZADO; 73,500 ;KG;;;
5703676;SEMI ACABADO;703676;SULF. HIDROXICLOROQUINA 400MG COM VER;700.000;600;012059;HPMC + PEG + DIOXIDO TITANIO; 14,700 ;KG;;;
6703676;SEMI ACABADO;703676;SULF. HIDROXICLOROQUINA 400MG COM VER;700.000;600;018011;SULFATO HIDROXICLOROQUINA; 280,000 ;KG;;;
1703678;SEMI ACABADO;703678;DIPIRONA SODICA 1G COM;700.000;600;010553;CROSPOVIDONE; 42,000 ;KG;;;
2703678;SEMI ACABADO;703678;DIPIRONA SODICA 1G COM;700.000;600;010041;DIOXIDO SILICIO COLOIDAL ANIDRO; 4,200 ;KG;;;
3703678;SEMI ACABADO;703678;DIPIRONA SODICA 1G COM;700.000;600;010311;ESTEARATO MAGNESIO; 10,500 ;KG;;;
4703678;SEMI ACABADO;703678;DIPIRONA SODICA 1G COM;700.000;600;010859;LACTOSE (200); 58,100 ;KG;;;
5703678;SEMI ACABADO;703678;DIPIRONA SODICA 1G COM;700.000;600;010964;POVIDONA K29-32; 25,200 ;KG;;;
6703678;SEMI ACABADO;703678;DIPIRONA SODICA 1G COM;700.000;600;018572;DIPIRONA SODICA MONOHIDRATADA; 700,000 ;KG;;;
1703682;SEMI ACABADO;703682;COLAGENO 50MG +VIT.+MIN. COM REV (ALIM) ;437.500;600;010023;ACIDO FOLICO; 0,052 ;KG;;;
2703682;SEMI ACABADO;703682;COLAGENO 50MG +VIT.+MIN. COM REV (ALIM) ;437.500;600;010041;DIOXIDO SILICIO COLOIDAL ANIDRO; 3,563 ;KG;;;
3703682;SEMI ACABADO;703682;COLAGENO 50MG +VIT.+MIN. COM REV (ALIM) ;437.500;600;010046;ALCOOL ETILICO; 187,819 ;KG;;;
4703682;SEMI ACABADO;703682;COLAGENO 50MG +VIT.+MIN. COM REV (ALIM) ;437.500;600;010092;BIOTINA; 0,006 ;KG;;;
5703682;SEMI ACABADO;703682;COLAGENO 50MG +VIT.+MIN. COM REV (ALIM) ;437.500;600;010311;ESTEARATO MAGNESIO; 3,500 ;KG;;;
6703682;SEMI ACABADO;703682;COLAGENO 50MG +VIT.+MIN. COM REV (ALIM) ;437.500;600;010511;NICOTINAMIDA; 3,500 ;KG;;;
7703682;SEMI ACABADO;703682;COLAGENO 50MG +VIT.+MIN. COM REV (ALIM) ;437.500;600;010607;SULFATO FERROSO PO SECO; 4,760 ;KG;;;
8703682;SEMI ACABADO;703682;COLAGENO 50MG +VIT.+MIN. COM REV (ALIM) ;437.500;600;010611;SULFATO MAGNESIO PO SECO; 140,836 ;KG;;;
9703682;SEMI ACABADO;703682;COLAGENO 50MG +VIT.+MIN. COM REV (ALIM) ;437.500;600;010678;VIT A-ACETATO-PO 500000UI/G; 0,875 ;KG;;;
10703682;SEMI ACABADO;703682;COLAGENO 50MG +VIT.+MIN. COM REV (ALIM) ;437.500;600;010681;VIT B1-TIAMINA MONONITRATO; 0,286 ;KG;;;
11703682;SEMI ACABADO;703682;COLAGENO 50MG +VIT.+MIN. COM REV (ALIM) ;437.500;600;010684;VIT B2-RIBOFLAVINABASE; 0,284 ;KG;;;
12703682;SEMI ACABADO;703682;COLAGENO 50MG +VIT.+MIN. COM REV (ALIM) ;437.500;600;010685;CLOR.PIRIDOXINA( VIT B6); 0,346 ;KG;;;
13703682;SEMI ACABADO;703682;COLAGENO 50MG +VIT.+MIN. COM REV (ALIM) ;437.500;600;010693;ACETATO DE DL-ALFA-TOCOFEROL 50%; 6,519 ;KG;;;
14703682;SEMI ACABADO;703682;COLAGENO 50MG +VIT.+MIN. COM REV (ALIM) ;437.500;600;010869;VITAMINA C 90% GRANULADO; 10,938 ;KG;;;
15703682;SEMI ACABADO;703682;COLAGENO 50MG +VIT.+MIN. COM REV (ALIM) ;437.500;600;010909;VITAMINA B12 0,1%; 0,525 ;KG;;;
16703682;SEMI ACABADO;703682;COLAGENO 50MG +VIT.+MIN. COM REV (ALIM) ;437.500;600;010923;CROSCARMELOSE SODICA; 7,000 ;KG;;;
17703682;SEMI ACABADO;703682;COLAGENO 50MG +VIT.+MIN. COM REV (ALIM) ;437.500;600;011039;PANTOTENATO CALCIO(N); 1,189 ;KG;;;
18703682;SEMI ACABADO;703682;COLAGENO 50MG +VIT.+MIN. COM REV (ALIM) ;437.500;600;012624;CELULOSE MICROC.SILIC.HD90; 142,040 ;KG;;;
19703682;SEMI ACABADO;703682;COLAGENO 50MG +VIT.+MIN. COM REV (ALIM) ;437.500;600;015173;HPMC+D.TIT.+HPC+PEG; 7,000 ;KG;;;
20703682;SEMI ACABADO;703682;COLAGENO 50MG +VIT.+MIN. COM REV (ALIM) ;437.500;600;015867;OPADRY PURPLE 20B100001; 10,500 ;KG;;;
21703682;SEMI ACABADO;703682;COLAGENO 50MG +VIT.+MIN. COM REV (ALIM) ;437.500;600;018244;COLAGENO DE PEIXE HIDROLISADO (ALIM); 21,875 ;KG;;;
22703682;SEMI ACABADO;703682;COLAGENO 50MG +VIT.+MIN. COM REV (ALIM) ;437.500;600;300677;OXIDO ZINCO (GRAU FARMACEUTICO); 1,906 ;KG;;;
1703683;SEMI ACABADO;703683;ACIDO URSODESOXICOLICO 300MG COMPRIMIDO;300.000;600;010553;CROSPOVIDONE; 9,405 ;KG;;;
2703683;SEMI ACABADO;703683;ACIDO URSODESOXICOLICO 300MG COMPRIMIDO;300.000;600;010311;ESTEARATO MAGNESIO; 1,710 ;KG;;;
3703683;SEMI ACABADO;703683;ACIDO URSODESOXICOLICO 300MG COMPRIMIDO;300.000;600;010739;LACTOSE (50/70); 34,200 ;KG;;;
4703683;SEMI ACABADO;703683;ACIDO URSODESOXICOLICO 300MG COMPRIMIDO;300.000;600;010859;LACTOSE (200); 30,042 ;KG;;;
5703683;SEMI ACABADO;703683;ACIDO URSODESOXICOLICO 300MG COMPRIMIDO;300.000;600;010964;POVIDONA K29-32; 5,643 ;KG;;;
6703683;SEMI ACABADO;703683;ACIDO URSODESOXICOLICO 300MG COMPRIMIDO;300.000;600;011850;ACIDO URSODESOXICOLICO  MICRONIZADO; 90,000 ;KG;;;
1703684;SEMI ACABADO;703684;ACIDO URSODESOXICOLICO 150MG COMPRIMIDO;500.000;600;010553;CROSPOVIDONE; 7,840 ;KG;;;
2703684;SEMI ACABADO;703684;ACIDO URSODESOXICOLICO 150MG COMPRIMIDO;500.000;600;010311;ESTEARATO MAGNESIO; 1,425 ;KG;;;
3703684;SEMI ACABADO;703684;ACIDO URSODESOXICOLICO 150MG COMPRIMIDO;500.000;600;010739;LACTOSE (50/70); 28,500 ;KG;;;
4703684;SEMI ACABADO;703684;ACIDO URSODESOXICOLICO 150MG COMPRIMIDO;500.000;600;010859;LACTOSE (200); 25,030 ;KG;;;
5703684;SEMI ACABADO;703684;ACIDO URSODESOXICOLICO 150MG COMPRIMIDO;500.000;600;010964;POVIDONA K29-32; 4,705 ;KG;;;
6703684;SEMI ACABADO;703684;ACIDO URSODESOXICOLICO 150MG COMPRIMIDO;500.000;600;011850;ACIDO URSODESOXICOLICO  MICRONIZADO; 75,000 ;KG;;;
1703690;SEMI ACABADO;703690;LACTASE TABLETE DISPERSIVEL 500MG(ALIM);1.500.000;600;011653;MANITOL CD(PAR TECK M2000 ART100419); 225,000 ;KG;;;
2703690;SEMI ACABADO;703690;LACTASE TABLETE DISPERSIVEL 500MG(ALIM);1.500.000;600;013076;DEXTRATO; 258,750 ;KG;;;
3703690;SEMI ACABADO;703690;LACTASE TABLETE DISPERSIVEL 500MG(ALIM);1.500.000;600;010071;CELULOSE MIC (TIPO200); 75,000 ;KG;;;
4703690;SEMI ACABADO;703690;LACTASE TABLETE DISPERSIVEL 500MG(ALIM);1.500.000;600;016331;LACTASE(ASPERGILLUS ORYZAE)100.000 ALU/G; 150,000 ;KG;;;
5703690;SEMI ACABADO;703690;LACTASE TABLETE DISPERSIVEL 500MG(ALIM);1.500.000;600;010923;CROSCARMELOSE SODICA; 22,500 ;KG;;;
6703690;SEMI ACABADO;703690;LACTASE TABLETE DISPERSIVEL 500MG(ALIM);1.500.000;600;010041;DIOXIDO SILICIO COLOIDAL ANIDRO; 7,500 ;KG;;;
7703690;SEMI ACABADO;703690;LACTASE TABLETE DISPERSIVEL 500MG(ALIM);1.500.000;600;010311;ESTEARATO MAGNESIO; 11,250 ;KG;;;
1703702;SEMI ACABADO;703702;COL.40MG+VITD5MCG+MG130MG CAP DURA(ALIM);1.136.363;600;010041;DIOXIDO SILICIO COLOIDAL ANIDRO; 2,187 ;KG;;;
2703702;SEMI ACABADO;703702;COL.40MG+VITD5MCG+MG130MG CAP DURA(ALIM);1.136.363;600;010071;CELULOSE MIC (TIPO200); 1,754 ;KG;;;
3703702;SEMI ACABADO;703702;COL.40MG+VITD5MCG+MG130MG CAP DURA(ALIM);1.136.363;600;010311;ESTEARATO MAGNESIO; 2,625 ;KG;;;
4703702;SEMI ACABADO;703702;COL.40MG+VITD5MCG+MG130MG CAP DURA(ALIM);1.136.363;600;010925;VITAMINA D3; 2,273 ;KG;;;
5703702;SEMI ACABADO;703702;COL.40MG+VITD5MCG+MG130MG CAP DURA(ALIM);1.136.363;600;017189;COLAGENO UC-250 POWDER UC-II (ALIM); 45,455 ;KG;;;
6703702;SEMI ACABADO;703702;COL.40MG+VITD5MCG+MG130MG CAP DURA(ALIM);1.136.363;600;018143;BISGLICINATO MG BUF GRAN (ALIM); 441,919 ;KG;;;
7703702;SEMI ACABADO;703702;COL.40MG+VITD5MCG+MG130MG CAP DURA(ALIM);1.136.363;600;019418;CAPS 00 BRANCO/BRANCO; 1.136.363,000 ;UN;;;
8703702;SEMI ACABADO;703702;COL.40MG+VITD5MCG+MG130MG CAP DURA(ALIM);1.136.363;600;300393;BISGLICINATO MAGNESIO BUF (ALIM); 378,787 ;KG;;;
1703718;SEMI ACABADO;703718;CLOR ONDANS DI-HIDRATADO 4MG COM ORODISP;1.650.000;600;010041;DIOXIDO SILICIO COLOIDAL ANIDRO; 3,217 ;KG;;;
2703718;SEMI ACABADO;703718;CLOR ONDANS DI-HIDRATADO 4MG COM ORODISP;1.650.000;600;010501;CELULOSE MIC.(TIPO102); 49,500 ;KG;;;
3703718;SEMI ACABADO;703718;CLOR ONDANS DI-HIDRATADO 4MG COM ORODISP;1.650.000;600;011049;OXIDO DE FERRO VERM(USP REF.33.8075); 0,083 ;KG;;;
4703718;SEMI ACABADO;703718;CLOR ONDANS DI-HIDRATADO 4MG COM ORODISP;1.650.000;600;011510;CLOR.ONDANSETRONA DIIDRATADO; 8,250 ;KG;;;
5703718;SEMI ACABADO;703718;CLOR ONDANS DI-HIDRATADO 4MG COM ORODISP;1.650.000;600;011688;GLICIRRICINATO DE AMONIO; 0,430 ;KG;;;
6703718;SEMI ACABADO;703718;CLOR ONDANS DI-HIDRATADO 4MG COM ORODISP;1.650.000;600;011692;SUCRALOSE; 4,290 ;KG;;;
7703718;SEMI ACABADO;703718;CLOR ONDANS DI-HIDRATADO 4MG COM ORODISP;1.650.000;600;011879;NEOHESPERIDINA; 0,213 ;KG;;;
8703718;SEMI ACABADO;703718;CLOR ONDANS DI-HIDRATADO 4MG COM ORODISP;1.650.000;600;012351;ESTEARIL FUMARATO DE SODIO; 3,217 ;KG;;;
9703718;SEMI ACABADO;703718;CLOR ONDANS DI-HIDRATADO 4MG COM ORODISP;1.650.000;600;013054;AROMA DE CEREJA ( 40245); 2,145 ;KG;;;
10703718;SEMI ACABADO;703718;CLOR ONDANS DI-HIDRATADO 4MG COM ORODISP;1.650.000;600;013381;CROSPOVIDONE NF; 21,450 ;KG;;;
11703718;SEMI ACABADO;703718;CLOR ONDANS DI-HIDRATADO 4MG COM ORODISP;1.650.000;600;013400;AROMA ID. NAT. MENTA HERBAL (HP7203); 2,145 ;KG;;;
12703718;SEMI ACABADO;703718;CLOR ONDANS DI-HIDRATADO 4MG COM ORODISP;1.650.000;600;018014;PHARMABURST 500; 119,560 ;KG;;;
1703719;SEMI ACABADO;703719;CLOR ONDANS DI-HIDRATADO 8MG COM ORODISP;1.400.000;600;010041;DIOXIDO SILICIO COLOIDAL ANIDRO; 2,730 ;KG;;;
2703719;SEMI ACABADO;703719;CLOR ONDANS DI-HIDRATADO 8MG COM ORODISP;1.400.000;600;010501;CELULOSE MIC.(TIPO102); 42,000 ;KG;;;
3703719;SEMI ACABADO;703719;CLOR ONDANS DI-HIDRATADO 8MG COM ORODISP;1.400.000;600;011510;CLOR.ONDANSETRONA DIIDRATADO; 14,000 ;KG;;;
4703719;SEMI ACABADO;703719;CLOR ONDANS DI-HIDRATADO 8MG COM ORODISP;1.400.000;600;011688;GLICIRRICINATO DE AMONIO; 0,727 ;KG;;;
5703719;SEMI ACABADO;703719;CLOR ONDANS DI-HIDRATADO 8MG COM ORODISP;1.400.000;600;011692;SUCRALOSE; 7,280 ;KG;;;
6703719;SEMI ACABADO;703719;CLOR ONDANS DI-HIDRATADO 8MG COM ORODISP;1.400.000;600;011879;NEOHESPERIDINA; 0,365 ;KG;;;
7703719;SEMI ACABADO;703719;CLOR ONDANS DI-HIDRATADO 8MG COM ORODISP;1.400.000;600;012351;ESTEARIL FUMARATO DE SODIO; 2,730 ;KG;;;
8703719;SEMI ACABADO;703719;CLOR ONDANS DI-HIDRATADO 8MG COM ORODISP;1.400.000;600;013054;AROMA DE CEREJA ( 40245); 1,820 ;KG;;;
9703719;SEMI ACABADO;703719;CLOR ONDANS DI-HIDRATADO 8MG COM ORODISP;1.400.000;600;013381;CROSPOVIDONE NF; 18,200 ;KG;;;
10703719;SEMI ACABADO;703719;CLOR ONDANS DI-HIDRATADO 8MG COM ORODISP;1.400.000;600;013400;AROMA ID. NAT. MENTA HERBAL (HP7203); 1,820 ;KG;;;
11703719;SEMI ACABADO;703719;CLOR ONDANS DI-HIDRATADO 8MG COM ORODISP;1.400.000;600;018014;PHARMABURST 500; 90,328 ;KG;;;
1703766;SEMI ACABADO;703766;LINA+CLOR.METFORMINA 2,5/850 MG COM REV   ;200.000;600;010041;DIOXIDO SILICIO COLOIDAL ANIDRO; 0,510 ;KG;;;
2703766;SEMI ACABADO;703766;LINA+CLOR.METFORMINA 2,5/850 MG COM REV   ;200.000;600;010041;DIOXIDO SILICIO COLOIDAL ANIDRO; 1,020 ;KG;;;
3703766;SEMI ACABADO;703766;LINA+CLOR.METFORMINA 2,5/850 MG COM REV   ;200.000;600;010041;DIOXIDO SILICIO COLOIDAL ANIDRO; 1,020 ;KG;;;
4703766;SEMI ACABADO;703766;LINA+CLOR.METFORMINA 2,5/850 MG COM REV   ;200.000;600;010046;ALCOOL ETILICO; 0,806 ;KG;;;
5703766;SEMI ACABADO;703766;LINA+CLOR.METFORMINA 2,5/850 MG COM REV   ;200.000;600;010046;ALCOOL ETILICO; 4,030 ;KG;;;
6703766;SEMI ACABADO;703766;LINA+CLOR.METFORMINA 2,5/850 MG COM REV   ;200.000;600;010046;ALCOOL ETILICO; 12,412 ;KG;;;
7703766;SEMI ACABADO;703766;LINA+CLOR.METFORMINA 2,5/850 MG COM REV   ;200.000;600;010046;ALCOOL ETILICO; 46,843 ;KG;;;
8703766;SEMI ACABADO;703766;LINA+CLOR.METFORMINA 2,5/850 MG COM REV   ;200.000;600;011018;AMIDO DE MILHO PREGELATINIZADO; 4,080 ;KG;;;
9703766;SEMI ACABADO;703766;LINA+CLOR.METFORMINA 2,5/850 MG COM REV   ;200.000;600;011018;AMIDO DE MILHO PREGELATINIZADO; 8,000 ;KG;;;
10703766;SEMI ACABADO;703766;LINA+CLOR.METFORMINA 2,5/850 MG COM REV   ;200.000;600;011049;OXIDO DE FERRO VERM(USP REF.33.8075); 0,015 ;KG;;;
11703766;SEMI ACABADO;703766;LINA+CLOR.METFORMINA 2,5/850 MG COM REV   ;200.000;600;011050;OXIDO FERRO AMARELO; 0,150 ;KG;;;
12703766;SEMI ACABADO;703766;LINA+CLOR.METFORMINA 2,5/850 MG COM REV   ;200.000;600;011900;COPOVIDONA; 1,530 ;KG;;;
13703766;SEMI ACABADO;703766;LINA+CLOR.METFORMINA 2,5/850 MG COM REV   ;200.000;600;011900;COPOVIDONA; 7,140 ;KG;;;
14703766;SEMI ACABADO;703766;LINA+CLOR.METFORMINA 2,5/850 MG COM REV   ;200.000;600;011900;COPOVIDONA; 8,160 ;KG;;;
15703766;SEMI ACABADO;703766;LINA+CLOR.METFORMINA 2,5/850 MG COM REV   ;200.000;600;012059;HPMC + PEG + DIOXIDO TITANIO; 5,100 ;KG;;;
16703766;SEMI ACABADO;703766;LINA+CLOR.METFORMINA 2,5/850 MG COM REV   ;200.000;600;012351;ESTEARIL FUMARATO DE SODIO; 2,040 ;KG;;;
17703766;SEMI ACABADO;703766;LINA+CLOR.METFORMINA 2,5/850 MG COM REV   ;200.000;600;017949;LINAGLIPTINA; 0,500 ;KG;;;
18703766;SEMI ACABADO;703766;LINA+CLOR.METFORMINA 2,5/850 MG COM REV   ;200.000;600;018330;CLOR.METFORMINA (AARTI); 170,000 ;KG;;;
1703767;SEMI ACABADO;703767;LINA+CLOR.METFORMINA 2,5/1000MG COM REV;170.000;600;010041;DIOXIDO SILICIO COLOIDAL ANIDRO; 0,510 ;KG;;;
2703767;SEMI ACABADO;703767;LINA+CLOR.METFORMINA 2,5/1000MG COM REV;170.000;600;010041;DIOXIDO SILICIO COLOIDAL ANIDRO; 1,020 ;KG;;;
3703767;SEMI ACABADO;703767;LINA+CLOR.METFORMINA 2,5/1000MG COM REV;170.000;600;010041;DIOXIDO SILICIO COLOIDAL ANIDRO; 1,020 ;KG;;;
4703767;SEMI ACABADO;703767;LINA+CLOR.METFORMINA 2,5/1000MG COM REV;170.000;600;010046;ALCOOL ETILICO; 0,806 ;KG;;;
5703767;SEMI ACABADO;703767;LINA+CLOR.METFORMINA 2,5/1000MG COM REV;170.000;600;010046;ALCOOL ETILICO; 3,914 ;KG;;;
6703767;SEMI ACABADO;703767;LINA+CLOR.METFORMINA 2,5/1000MG COM REV;170.000;600;010046;ALCOOL ETILICO; 12,256 ;KG;;;
7703767;SEMI ACABADO;703767;LINA+CLOR.METFORMINA 2,5/1000MG COM REV;170.000;600;010046;ALCOOL ETILICO; 45,784 ;KG;;;
8703767;SEMI ACABADO;703767;LINA+CLOR.METFORMINA 2,5/1000MG COM REV;170.000;600;011018;AMIDO DE MILHO PREGELATINIZADO; 4,250 ;KG;;;
9703767;SEMI ACABADO;703767;LINA+CLOR.METFORMINA 2,5/1000MG COM REV;170.000;600;011018;AMIDO DE MILHO PREGELATINIZADO; 7,905 ;KG;;;
10703767;SEMI ACABADO;703767;LINA+CLOR.METFORMINA 2,5/1000MG COM REV;170.000;600;011049;OXIDO DE FERRO VERM(USP REF.33.8075); 0,031 ;KG;;;
11703767;SEMI ACABADO;703767;LINA+CLOR.METFORMINA 2,5/1000MG COM REV;170.000;600;011900;COPOVIDONA; 1,530 ;KG;;;
12703767;SEMI ACABADO;703767;LINA+CLOR.METFORMINA 2,5/1000MG COM REV;170.000;600;011900;COPOVIDONA; 7,140 ;KG;;;
13703767;SEMI ACABADO;703767;LINA+CLOR.METFORMINA 2,5/1000MG COM REV;170.000;600;011900;COPOVIDONA; 8,160 ;KG;;;
14703767;SEMI ACABADO;703767;LINA+CLOR.METFORMINA 2,5/1000MG COM REV;170.000;600;012059;HPMC + PEG + DIOXIDO TITANIO; 5,100 ;KG;;;
15703767;SEMI ACABADO;703767;LINA+CLOR.METFORMINA 2,5/1000MG COM REV;170.000;600;012351;ESTEARIL FUMARATO DE SODIO; 2,040 ;KG;;;
16703767;SEMI ACABADO;703767;LINA+CLOR.METFORMINA 2,5/1000MG COM REV;170.000;600;017949;LINAGLIPTINA; 0,425 ;KG;;;
17703767;SEMI ACABADO;703767;LINA+CLOR.METFORMINA 2,5/1000MG COM REV;170.000;600;018330;CLOR.METFORMINA (AARTI); 170,000 ;KG;;;
1703772;SEMI ACABADO;703772;HEMIT. ZOLPIDEM (B1) 6,25MG C R LIB PROL;480.000;600;010035;ACIDO TARTARICO ANIDRO; 1,500 ;KG;;;
2703772;SEMI ACABADO;703772;HEMIT. ZOLPIDEM (B1) 6,25MG C R LIB PROL;480.000;600;010041;DIOXIDO SILICIO COLOIDAL ANIDRO; 1,200 ;KG;;;
3703772;SEMI ACABADO;703772;HEMIT. ZOLPIDEM (B1) 6,25MG C R LIB PROL;480.000;600;010311;ESTEARATO MAGNESIO; 0,600 ;KG;;;
4703772;SEMI ACABADO;703772;HEMIT. ZOLPIDEM (B1) 6,25MG C R LIB PROL;480.000;600;010331;GLICOLATO AMIDO SODICO; 3,000 ;KG;;;
5703772;SEMI ACABADO;703772;HEMIT. ZOLPIDEM (B1) 6,25MG C R LIB PROL;480.000;600;010501;CELULOSE MIC.(TIPO102); 5,843 ;KG;;;
6703772;SEMI ACABADO;703772;HEMIT. ZOLPIDEM (B1) 6,25MG C R LIB PROL;480.000;600;010739;LACTOSE (50/70); 48,474 ;KG;;;
7703772;SEMI ACABADO;703772;HEMIT. ZOLPIDEM (B1) 6,25MG C R LIB PROL;480.000;600;011032;ALC.POL.+DIOX.TIT.+PEG+TALCO; 3,600 ;KG;;;
8703772;SEMI ACABADO;703772;HEMIT. ZOLPIDEM (B1) 6,25MG C R LIB PROL;480.000;600;011049;OXIDO DE FERRO VERM(USP REF.33.8075); 0,187 ;KG;;;
9703772;SEMI ACABADO;703772;HEMIT. ZOLPIDEM (B1) 6,25MG C R LIB PROL;480.000;600;012351;ESTEARIL FUMARATO DE SODIO; 0,600 ;KG;;;
10703772;SEMI ACABADO;703772;HEMIT. ZOLPIDEM (B1) 6,25MG C R LIB PROL;480.000;600;012459;CELULOSE MICROCRISTALINA (TIPO 302); 39,420 ;KG;;;
11703772;SEMI ACABADO;703772;HEMIT. ZOLPIDEM (B1) 6,25MG C R LIB PROL;480.000;600;012546;HIPROMELOSE (METHOCEL E4M CR ); 16,320 ;KG;;;
12703772;SEMI ACABADO;703772;HEMIT. ZOLPIDEM (B1) 6,25MG C R LIB PROL;480.000;600;300589;HEMITARTARATO DE ZOLPIDEM (B1); 3,000 ;KG;;;
1703805;SEMI ACABADO;703805;LEVETIRACETAM (C1) 250 MG COM REV;1.000.000;600;019324;LEVETIRACETAM (C1);250,00;KG;;;
2703805;SEMI ACABADO;703805;LEVETIRACETAM (C1) 250 MG COM REV;1.000.000;600;010923;CROSCARMELOSE SODICA;5,00;KG;;;
3703805;SEMI ACABADO;703805;LEVETIRACETAM (C1) 250 MG COM REV;1.000.000;600;010964;POVIDONA K29-32;7,50;KG;;;
4703805;SEMI ACABADO;703805;LEVETIRACETAM (C1) 250 MG COM REV;1.000.000;600;010964;POVIDONA K29-32;0,50;KG;;;
5703805;SEMI ACABADO;703805;LEVETIRACETAM (C1) 250 MG COM REV;1.000.000;600;010923;CROSCARMELOSE SODICA;10,00;KG;;;
6703805;SEMI ACABADO;703805;LEVETIRACETAM (C1) 250 MG COM REV;1.000.000;600;010041;DIOXIDO SILICIO COLOIDAL ANIDRO;1,30;KG;;;
7703805;SEMI ACABADO;703805;LEVETIRACETAM (C1) 250 MG COM REV;1.000.000;600;010311;ESTEARATO MAGNESIO;1,70;KG;;;
8703805;SEMI ACABADO;703805;LEVETIRACETAM (C1) 250 MG COM REV;1.000.000;600;010953;TALCO;1,47;KG;;;
9703805;SEMI ACABADO;703805;LEVETIRACETAM (C1) 250 MG COM REV;1.000.000;600;010184;COR ALUM LACA AZUL2;0,03;KG;;;
10703805;SEMI ACABADO;703805;LEVETIRACETAM (C1) 250 MG COM REV;1.000.000;600;010046;ALCOOL ETILICO;1,50;KG;;;
11703805;SEMI ACABADO;703805;LEVETIRACETAM (C1) 250 MG COM REV;1.000.000;600;010046;ALCOOL ETILICO;30,90;KG;;;
12703805;SEMI ACABADO;703805;LEVETIRACETAM (C1) 250 MG COM REV;1.000.000;600;012059;HPMC + PEG + DIOXIDO TITANIO;9,50;KG;;;
1703806;SEMI ACABADO;703806;LEVETIRACETAM (C1) 750 MG COM REV;350.000;600;019324;LEVETIRACETAM (C1);262,50;KG;;;
2703806;SEMI ACABADO;703806;LEVETIRACETAM (C1) 750 MG COM REV;350.000;600;010923;CROSCARMELOSE SODICA;5,25;KG;;;
3703806;SEMI ACABADO;703806;LEVETIRACETAM (C1) 750 MG COM REV;350.000;600;010964;POVIDONA K29-32;7,88;KG;;;
4703806;SEMI ACABADO;703806;LEVETIRACETAM (C1) 750 MG COM REV;350.000;600;010964;POVIDONA K29-32;0,53;KG;;;
5703806;SEMI ACABADO;703806;LEVETIRACETAM (C1) 750 MG COM REV;350.000;600;010923;CROSCARMELOSE SODICA;11,20;KG;;;
6703806;SEMI ACABADO;703806;LEVETIRACETAM (C1) 750 MG COM REV;350.000;600;010041;DIOXIDO SILICIO COLOIDAL ANIDRO;1,40;KG;;;
7703806;SEMI ACABADO;703806;LEVETIRACETAM (C1) 750 MG COM REV;350.000;600;010311;ESTEARATO MAGNESIO;1,75;KG;;;
8703806;SEMI ACABADO;703806;LEVETIRACETAM (C1) 750 MG COM REV;350.000;600;010953;TALCO;1,57;KG;;;
9703806;SEMI ACABADO;703806;LEVETIRACETAM (C1) 750 MG COM REV;350.000;600;010175;CORANTE AMARELO CREPUSCULO 6;0,04;KG;;;
10703806;SEMI ACABADO;703806;LEVETIRACETAM (C1) 750 MG COM REV;350.000;600;010046;ALCOOL ETILICO;1,50;KG;;;
11703806;SEMI ACABADO;703806;LEVETIRACETAM (C1) 750 MG COM REV;350.000;600;010046;ALCOOL ETILICO;35,36;KG;;;
12703806;SEMI ACABADO;703806;LEVETIRACETAM (C1) 750 MG COM REV;350.000;600;012059;HPMC + PEG + DIOXIDO TITANIO;10,02;KG;;;
1703808;SEMI ACABADO;703808;SI+B12,C,E,B9,H+FE,MG,ZN COM REV(ALIM);437.500;600;010023;ACIDO FOLICO; 0,105 ;KG;;;
2703808;SEMI ACABADO;703808;SI+B12,C,E,B9,H+FE,MG,ZN COM REV(ALIM);437.500;600;010041;DIOXIDO SILICIO COLOIDAL ANIDRO; 3,500 ;KG;;;
3703808;SEMI ACABADO;703808;SI+B12,C,E,B9,H+FE,MG,ZN COM REV(ALIM);437.500;600;010046;ALCOOL ETILICO; 58,826 ;KG;;;
4703808;SEMI ACABADO;703808;SI+B12,C,E,B9,H+FE,MG,ZN COM REV(ALIM);437.500;600;010071;CELULOSE MIC (TIPO200); 53,074 ;KG;;;
5703808;SEMI ACABADO;703808;SI+B12,C,E,B9,H+FE,MG,ZN COM REV(ALIM);437.500;600;010092;BIOTINA; 0,013 ;KG;;;
6703808;SEMI ACABADO;703808;SI+B12,C,E,B9,H+FE,MG,ZN COM REV(ALIM);437.500;600;010311;ESTEARATO MAGNESIO; 3,500 ;KG;;;
7703808;SEMI ACABADO;703808;SI+B12,C,E,B9,H+FE,MG,ZN COM REV(ALIM);437.500;600;010501;CELULOSE MIC.(TIPO102); 105,000 ;KG;;;
8703808;SEMI ACABADO;703808;SI+B12,C,E,B9,H+FE,MG,ZN COM REV(ALIM);437.500;600;010687;VIT C-REVESTIDA; 23,221 ;KG;;;
9703808;SEMI ACABADO;703808;SI+B12,C,E,B9,H+FE,MG,ZN COM REV(ALIM);437.500;600;010693;ACETATO DE DL-ALFA-TOCOFEROL 50%; 13,038 ;KG;;;
10703808;SEMI ACABADO;703808;SI+B12,C,E,B9,H+FE,MG,ZN COM REV(ALIM);437.500;600;010909;VITAMINA B12 0,1%; 1,050 ;KG;;;
11703808;SEMI ACABADO;703808;SI+B12,C,E,B9,H+FE,MG,ZN COM REV(ALIM);437.500;600;010923;CROSCARMELOSE SODICA; 7,000 ;KG;;;
12703808;SEMI ACABADO;703808;SI+B12,C,E,B9,H+FE,MG,ZN COM REV(ALIM);437.500;600;011117;BISGLICINATO FERROSO 20%; 19,688 ;KG;;;
13703808;SEMI ACABADO;703808;SI+B12,C,E,B9,H+FE,MG,ZN COM REV(ALIM);437.500;600;015173;HPMC+D.TIT.+HPC+PEG; 7,000 ;KG;;;
14703808;SEMI ACABADO;703808;SI+B12,C,E,B9,H+FE,MG,ZN COM REV(ALIM);437.500;600;016955;OXIDO DE MAGNESIO GRANULAR (ALIM); 75,428 ;KG;;;
15703808;SEMI ACABADO;703808;SI+B12,C,E,B9,H+FE,MG,ZN COM REV(ALIM);437.500;600;018244;COLAGENO DE PEIXE HIDROLISADO (ALIM); 43,750 ;KG;;;
16703808;SEMI ACABADO;703808;SI+B12,C,E,B9,H+FE,MG,ZN COM REV(ALIM);437.500;600;300677;OXIDO ZINCO (GRAU FARMACEUTICO); 1,634 ;KG;;;
17703808;SEMI ACABADO;703808;SI+B12,C,E,B9,H+FE,MG,ZN COM REV(ALIM);437.500;600;300921;OPADRY QX 321A800012 PURPLE (ALIM); 10,500 ;KG;;;
1703830;SEMI ACABADO;703830;HEMITARTARATO ZOLPIDEM (B1) 10MG COM SL;500.000;600;010041;DIOXIDO SILICIO COLOIDAL ANIDRO; 0,750 ;KG;;;
2703830;SEMI ACABADO;703830;HEMITARTARATO ZOLPIDEM (B1) 10MG COM SL;500.000;600;010199;COR ALUM LACA VERMELHO 40; 0,010 ;KG;;;
3703830;SEMI ACABADO;703830;HEMITARTARATO ZOLPIDEM (B1) 10MG COM SL;500.000;600;010501;CELULOSE MIC.(TIPO102); 7,500 ;KG;;;
4703830;SEMI ACABADO;703830;HEMITARTARATO ZOLPIDEM (B1) 10MG COM SL;500.000;600;010575;SACARINA SODICA; 2,000 ;KG;;;
5703830;SEMI ACABADO;703830;HEMITARTARATO ZOLPIDEM (B1) 10MG COM SL;500.000;600;010739;LACTOSE (50/70); 10,740 ;KG;;;
6703830;SEMI ACABADO;703830;HEMITARTARATO ZOLPIDEM (B1) 10MG COM SL;500.000;600;010739;LACTOSE (50/70); 15,000 ;KG;;;
7703830;SEMI ACABADO;703830;HEMITARTARATO ZOLPIDEM (B1) 10MG COM SL;500.000;600;011688;GLICIRRICINATO DE AMONIO; 0,250 ;KG;;;
8703830;SEMI ACABADO;703830;HEMITARTARATO ZOLPIDEM (B1) 10MG COM SL;500.000;600;011879;NEOHESPERIDINA; 1,750 ;KG;;;
9703830;SEMI ACABADO;703830;HEMITARTARATO ZOLPIDEM (B1) 10MG COM SL;500.000;600;012351;ESTEARIL FUMARATO DE SODIO; 1,250 ;KG;;;
10703830;SEMI ACABADO;703830;HEMITARTARATO ZOLPIDEM (B1) 10MG COM SL;500.000;600;013381;CROSPOVIDONE NF; 4,000 ;KG;;;
11703830;SEMI ACABADO;703830;HEMITARTARATO ZOLPIDEM (B1) 10MG COM SL;500.000;600;013399;AROMA ARTIFICIAL CEREJA (53945); 1,000 ;KG;;;
12703830;SEMI ACABADO;703830;HEMITARTARATO ZOLPIDEM (B1) 10MG COM SL;500.000;600;013400;AROMA ID. NAT. MENTA HERBAL (HP7203); 0,750 ;KG;;;
13703830;SEMI ACABADO;703830;HEMITARTARATO ZOLPIDEM (B1) 10MG COM SL;500.000;600;011875;HEMITARTARATO DE ZOLPIDEM (B1)**; 5,000 ;KG;;;
1703839;SEMI ACABADO;703839;CA+MG+VITD+VITK2 COM REV (ALIM) ;558.333;600;010041;DIOXIDO SILICIO COLOIDAL ANIDRO; 10,050 ;KG;;;
2703839;SEMI ACABADO;703839;CA+MG+VITD+VITK2 COM REV (ALIM) ;558.333;600;010311;ESTEARATO MAGNESIO; 10,050 ;KG;;;
3703839;SEMI ACABADO;703839;CA+MG+VITD+VITK2 COM REV (ALIM) ;558.333;600;010501;CELULOSE MIC.(TIPO102); 76,758 ;KG;;;
4703839;SEMI ACABADO;703839;CA+MG+VITD+VITK2 COM REV (ALIM) ;558.333;600;010923;CROSCARMELOSE SODICA; 20,100 ;KG;;;
5703839;SEMI ACABADO;703839;CA+MG+VITD+VITK2 COM REV (ALIM) ;558.333;600;010925;VITAMINA D3; 6,700 ;KG;;;
6703839;SEMI ACABADO;703839;CA+MG+VITD+VITK2 COM REV (ALIM) ;558.333;600;017130;CALCIO CITRATO MALATO GRANULAR (ALIM); 558,333 ;KG;;;
7703839;SEMI ACABADO;703839;CA+MG+VITD+VITK2 COM REV (ALIM) ;558.333;600;017132;VITAMINA K2 ACTIVK N-2000 (ALIM); 25,125 ;KG;;;
8703839;SEMI ACABADO;703839;CA+MG+VITD+VITK2 COM REV (ALIM) ;558.333;600;018143;BISGLICINATO MG BUF GRAN (ALIM); 201,620 ;KG;;;
9703839;SEMI ACABADO;703839;CA+MG+VITD+VITK2 COM REV (ALIM) ;558.333;600;018144;DICALCIO MALATO GRANULAR (ALIM); 96,264 ;KG;;;
10703839;SEMI ACABADO;703839;CA+MG+VITD+VITK2 COM REV (ALIM) ;558.333;600;300725;OPADRY EZ 253U190007 CLEAR (ALIM); 10,050 ;KG;;;
11703839;SEMI ACABADO;703839;CA+MG+VITD+VITK2 COM REV (ALIM) ;558.333;600;300782;OPADRY QX 321A130011 ORANGE (ALIM); 30,150 ;KG;;;
1703857;SEMI ACABADO;703857;CL. TRAMADOL (A2)100MG COM REV LIB PROL;250.000;600;010041;DIOXIDO SILICIO COLOIDAL ANIDRO; 0,750 ;KG;;;
2703857;SEMI ACABADO;703857;CL. TRAMADOL (A2)100MG COM REV LIB PROL;250.000;600;010311;ESTEARATO MAGNESIO; 0,750 ;KG;;;
3703857;SEMI ACABADO;703857;CL. TRAMADOL (A2)100MG COM REV LIB PROL;250.000;600;011610;HPMC (METHOCEL K100M-CR); 18,000 ;KG;;;
4703857;SEMI ACABADO;703857;CL. TRAMADOL (A2)100MG COM REV LIB PROL;250.000;600;012059;HPMC + PEG + DIOXIDO TITANIO; 2,750 ;KG;;;
5703857;SEMI ACABADO;703857;CL. TRAMADOL (A2)100MG COM REV LIB PROL;250.000;600;012286;HPMC (METHOCEL K15M-CR); 2,000 ;KG;;;
6703857;SEMI ACABADO;703857;CL. TRAMADOL (A2)100MG COM REV LIB PROL;250.000;600;012624;CELULOSE MICROC.SILIC.HD90; 31,000 ;KG;;;
7703857;SEMI ACABADO;703857;CL. TRAMADOL (A2)100MG COM REV LIB PROL;250.000;600;011543;CLOR.TRAMADOL (A2)**; 25,000 ;KG;;;
1703863;SEMI ACABADO;703863;BROM. DE VORTIOXETINA (C1) 5 MG COM REV;350.000;600;011726;HIDROXIPROPILCELULOSE EF; 1,575 ;KG;;;
2703863;SEMI ACABADO;703863;BROM. DE VORTIOXETINA (C1) 5 MG COM REV;350.000;600;010483;MANITOL; 36,887 ;KG;;;
3703863;SEMI ACABADO;703863;BROM. DE VORTIOXETINA (C1) 5 MG COM REV;350.000;600;019398;BROMIDRATO DE VORTIOXETINA (C1); 2,226 ;KG;;;
4703863;SEMI ACABADO;703863;BROM. DE VORTIOXETINA (C1) 5 MG COM REV;350.000;600;011020;CELULOSE MIC(TIPO 101); 7,875 ;KG;;;
5703863;SEMI ACABADO;703863;BROM. DE VORTIOXETINA (C1) 5 MG COM REV;350.000;600;010331;GLICOLATO AMIDO SODICO; 1,312 ;KG;;;
6703863;SEMI ACABADO;703863;BROM. DE VORTIOXETINA (C1) 5 MG COM REV;350.000;600;010041;DIOXIDO SILICIO COLOIDAL ANIDRO; 0,525 ;KG;;;
7703863;SEMI ACABADO;703863;BROM. DE VORTIOXETINA (C1) 5 MG COM REV;350.000;600;010331;GLICOLATO AMIDO SODICO; 1,312 ;KG;;;
8703863;SEMI ACABADO;703863;BROM. DE VORTIOXETINA (C1) 5 MG COM REV;350.000;600;010311;ESTEARATO MAGNESIO; 0,788 ;KG;;;
9703863;SEMI ACABADO;703863;BROM. DE VORTIOXETINA (C1) 5 MG COM REV;350.000;600;011049;OXIDO DE FERRO VERM(USP REF.33.8075); 0,017 ;KG;;;
10703863;SEMI ACABADO;703863;BROM. DE VORTIOXETINA (C1) 5 MG COM REV;350.000;600;010046;ALCOOL ETILICO; 1,500 ;KG;;;
11703863;SEMI ACABADO;703863;BROM. DE VORTIOXETINA (C1) 5 MG COM REV;350.000;600;010046;ALCOOL ETILICO; 11,405 ;KG;;;
12703863;SEMI ACABADO;703863;BROM. DE VORTIOXETINA (C1) 5 MG COM REV;350.000;600;012059;HPMC + PEG + DIOXIDO TITANIO; 1,558 ;KG;;;
1703864;SEMI ACABADO;703864;BROM. DE VORTIOXETINA (C1) 10MG COM REV;350.000;600;011726;HIDROXIPROPILCELULOSE EF; 1,575 ;KG;;;
2703864;SEMI ACABADO;703864;BROM. DE VORTIOXETINA (C1) 10MG COM REV;350.000;600;010483;MANITOL; 34,664 ;KG;;;
3703864;SEMI ACABADO;703864;BROM. DE VORTIOXETINA (C1) 10MG COM REV;350.000;600;019398;BROMIDRATO DE VORTIOXETINA (C1); 4,449 ;KG;;;
4703864;SEMI ACABADO;703864;BROM. DE VORTIOXETINA (C1) 10MG COM REV;350.000;600;011020;CELULOSE MIC(TIPO 101); 7,875 ;KG;;;
5703864;SEMI ACABADO;703864;BROM. DE VORTIOXETINA (C1) 10MG COM REV;350.000;600;010331;GLICOLATO AMIDO SODICO; 1,312 ;KG;;;
6703864;SEMI ACABADO;703864;BROM. DE VORTIOXETINA (C1) 10MG COM REV;350.000;600;010041;DIOXIDO SILICIO COLOIDAL ANIDRO; 0,525 ;KG;;;
7703864;SEMI ACABADO;703864;BROM. DE VORTIOXETINA (C1) 10MG COM REV;350.000;600;010331;GLICOLATO AMIDO SODICO; 1,312 ;KG;;;
8703864;SEMI ACABADO;703864;BROM. DE VORTIOXETINA (C1) 10MG COM REV;350.000;600;010311;ESTEARATO MAGNESIO; 0,788 ;KG;;;
9703864;SEMI ACABADO;703864;BROM. DE VORTIOXETINA (C1) 10MG COM REV;350.000;600;012514;OXIDO DE FERRO AMARELO; 17,000 ;G;;;
10703864;SEMI ACABADO;703864;BROM. DE VORTIOXETINA (C1) 10MG COM REV;350.000;600;010046;ALCOOL ETILICO; 1,500 ;KG;;;
11703864;SEMI ACABADO;703864;BROM. DE VORTIOXETINA (C1) 10MG COM REV;350.000;600;010046;ALCOOL ETILICO; 11,405 ;KG;;;
12703864;SEMI ACABADO;703864;BROM. DE VORTIOXETINA (C1) 10MG COM REV;350.000;600;012059;HPMC + PEG + DIOXIDO TITANIO; 1,558 ;KG;;;
1703909;SEMI ACABADO;703909;COL.40MG+AC.HIALU157,7MG CAP DURA (ALIM);1.500.000;600;010041;DIOXIDO SILICIO COLOIDAL ANIDRO; 6,000 ;KG;;;
2703909;SEMI ACABADO;703909;COL.40MG+AC.HIALU157,7MG CAP DURA (ALIM);1.500.000;600;010071;CELULOSE MIC (TIPO200); 306,000 ;KG;;;
3703909;SEMI ACABADO;703909;COL.40MG+AC.HIALU157,7MG CAP DURA (ALIM);1.500.000;600;010311;ESTEARATO MAGNESIO; 3,000 ;KG;;;
4703909;SEMI ACABADO;703909;COL.40MG+AC.HIALU157,7MG CAP DURA (ALIM);1.500.000;600;017189;COLAGENO UC-250 POWDER UC-II (ALIM); 60,000 ;KG;;;
5703909;SEMI ACABADO;703909;COL.40MG+AC.HIALU157,7MG CAP DURA (ALIM);1.500.000;600;019418;CAPS 00 BRANCO/BRANCO; 1.500.000,000 ;UN;;;
6703909;SEMI ACABADO;703909;COL.40MG+AC.HIALU157,7MG CAP DURA (ALIM);1.500.000;600;302042;HIALURONATO DE SODIO (ALIM); 225,000 ;KG;;;
1703984;SEMI ACABADO;703984;FERRO+AC.FOLICO+VIT D3 COM REV (ALIM);1.111.111;600;010041;DIOXIDO SILICIO COLOIDAL ANIDRO; 5,556 ;KG;;;
2703984;SEMI ACABADO;703984;FERRO+AC.FOLICO+VIT D3 COM REV (ALIM);1.111.111;600;010046;ALCOOL ETILICO; 137,880 ;KG;;;
3703984;SEMI ACABADO;703984;FERRO+AC.FOLICO+VIT D3 COM REV (ALIM);1.111.111;600;010311;ESTEARATO MAGNESIO; 5,556 ;KG;;;
4703984;SEMI ACABADO;703984;FERRO+AC.FOLICO+VIT D3 COM REV (ALIM);1.111.111;600;010501;CELULOSE MIC.(TIPO102); 46,336 ;KG;;;
5703984;SEMI ACABADO;703984;FERRO+AC.FOLICO+VIT D3 COM REV (ALIM);1.111.111;600;010693;ACETATO DE DL-ALFA-TOCOFEROL 50%; 22,222 ;KG;;;
6703984;SEMI ACABADO;703984;FERRO+AC.FOLICO+VIT D3 COM REV (ALIM);1.111.111;600;010923;CROSCARMELOSE SODICA; 7,778 ;KG;;;
7703984;SEMI ACABADO;703984;FERRO+AC.FOLICO+VIT D3 COM REV (ALIM);1.111.111;600;010925;VITAMINA D3; 13,333 ;KG;;;
8703984;SEMI ACABADO;703984;FERRO+AC.FOLICO+VIT D3 COM REV (ALIM);1.111.111;600;011018;AMIDO DE MILHO PREGELATINIZADO; 11,111 ;KG;;;
9703984;SEMI ACABADO;703984;FERRO+AC.FOLICO+VIT D3 COM REV (ALIM);1.111.111;600;011725;HIDROXIPROPILCELULOSE EXF; 30,000 ;KG;;;
10703984;SEMI ACABADO;703984;FERRO+AC.FOLICO+VIT D3 COM REV (ALIM);1.111.111;600;011905;CARBONATO CALCIO CD 90%; 166,576 ;KG;;;
11703984;SEMI ACABADO;703984;FERRO+AC.FOLICO+VIT D3 COM REV (ALIM);1.111.111;600;301478;L-METILFOLATO DE CALCIO (ALIM); 0,922 ;KG;;;
12703984;SEMI ACABADO;703984;FERRO+AC.FOLICO+VIT D3 COM REV (ALIM);1.111.111;600;301955;AQUARIUS PROTECT BWT515503 BEIGE (ALIM); 19,150 ;KG;;;
13703984;SEMI ACABADO;703984;FERRO+AC.FOLICO+VIT D3 COM REV (ALIM);1.111.111;600;302027;BISGLICINATO FERROSO DPL (ALIM); 190,611 ;KG;;;
1703988;SEMI ACABADO;703988;POLIVIT AZ COM REV (ALIM);1.262.626;600;010041;DIOXIDO SILICIO COLOIDAL ANIDRO; 4,419 ;KG;;;
2703988;SEMI ACABADO;703988;POLIVIT AZ COM REV (ALIM);1.262.626;600;010046;ALCOOL ETILICO; 137,046 ;KG;;;
3703988;SEMI ACABADO;703988;POLIVIT AZ COM REV (ALIM);1.262.626;600;010071;CELULOSE MIC (TIPO200); 508,443 ;KG;;;
4703988;SEMI ACABADO;703988;POLIVIT AZ COM REV (ALIM);1.262.626;600;010311;ESTEARATO MAGNESIO; 8,207 ;KG;;;
5703988;SEMI ACABADO;703988;POLIVIT AZ COM REV (ALIM);1.262.626;600;010511;NICOTINAMIDA; 18,876 ;KG;;;
6703988;SEMI ACABADO;703988;POLIVIT AZ COM REV (ALIM);1.262.626;600;010607;SULFATO FERROSO PO SECO; 39,253 ;KG;;;
7703988;SEMI ACABADO;703988;POLIVIT AZ COM REV (ALIM);1.262.626;600;010678;VIT A-ACETATO-PO 500000UI/G; 5,045 ;KG;;;
8703988;SEMI ACABADO;703988;POLIVIT AZ COM REV (ALIM);1.262.626;600;010681;VIT B1-TIAMINA MONONITRATO; 1,980 ;KG;;;
9703988;SEMI ACABADO;703988;POLIVIT AZ COM REV (ALIM);1.262.626;600;010684;VIT B2-RIBOFLAVINABASE; 1,888 ;KG;;;
10703988;SEMI ACABADO;703988;POLIVIT AZ COM REV (ALIM);1.262.626;600;010685;CLOR.PIRIDOXINA( VIT B6); 0,883 ;KG;;;
11703988;SEMI ACABADO;703988;POLIVIT AZ COM REV (ALIM);1.262.626;600;010686;VIT C-CRISTAIS INJUSP(AC ASCORBICO); 62,500 ;KG;;;
12703988;SEMI ACABADO;703988;POLIVIT AZ COM REV (ALIM);1.262.626;600;010909;VITAMINA B12 0,1%; 3,485 ;KG;;;
13703988;SEMI ACABADO;703988;POLIVIT AZ COM REV (ALIM);1.262.626;600;010923;CROSCARMELOSE SODICA; 63,131 ;KG;;;
14703988;SEMI ACABADO;703988;POLIVIT AZ COM REV (ALIM);1.262.626;600;010925;VITAMINA D3; 2,904 ;KG;;;
15703988;SEMI ACABADO;703988;POLIVIT AZ COM REV (ALIM);1.262.626;600;010926;SULFATO MANGANES MONOHIDRATADO; 6,448 ;KG;;;
16703988;SEMI ACABADO;703988;POLIVIT AZ COM REV (ALIM);1.262.626;600;011039;PANTOTENATO CALCIO(N); 15,557 ;KG;;;
17703988;SEMI ACABADO;703988;POLIVIT AZ COM REV (ALIM);1.262.626;600;015173;HPMC+D.TIT.+HPC+PEG; 22,728 ;KG;;;
18703988;SEMI ACABADO;703988;POLIVIT AZ COM REV (ALIM);1.262.626;600;016807;SULFATO DE ZINCO MONOHIDRATADO (ALIM); 6,981 ;KG;;;
19703988;SEMI ACABADO;703988;POLIVIT AZ COM REV (ALIM);1.262.626;600;301689;OPADRY RED 321A850015 (ALIM); 22,728 ;KG;;;
1703989;SEMI ACABADO;703989;VIT+MIN+B9 COM REV (ALIM);1.010.101;600;010023;ACIDO FOLICO; 0,282 ;KG;;;
2703989;SEMI ACABADO;703989;VIT+MIN+B9 COM REV (ALIM);1.010.101;600;010041;DIOXIDO SILICIO COLOIDAL ANIDRO; 3,535 ;KG;;;
3703989;SEMI ACABADO;703989;VIT+MIN+B9 COM REV (ALIM);1.010.101;600;010046;ALCOOL ETILICO; 109,636 ;KG;;;
4703989;SEMI ACABADO;703989;VIT+MIN+B9 COM REV (ALIM);1.010.101;600;010071;CELULOSE MIC (TIPO200); 406,473 ;KG;;;
5703989;SEMI ACABADO;703989;VIT+MIN+B9 COM REV (ALIM);1.010.101;600;010311;ESTEARATO MAGNESIO; 6,566 ;KG;;;
6703989;SEMI ACABADO;703989;VIT+MIN+B9 COM REV (ALIM);1.010.101;600;010511;NICOTINAMIDA; 15,101 ;KG;;;
7703989;SEMI ACABADO;703989;VIT+MIN+B9 COM REV (ALIM);1.010.101;600;010607;SULFATO FERROSO PO SECO; 31,402 ;KG;;;
8703989;SEMI ACABADO;703989;VIT+MIN+B9 COM REV (ALIM);1.010.101;600;010678;VIT A-ACETATO-PO 500000UI/G; 4,036 ;KG;;;
9703989;SEMI ACABADO;703989;VIT+MIN+B9 COM REV (ALIM);1.010.101;600;010681;VIT B1-TIAMINA MONONITRATO; 1,584 ;KG;;;
10703989;SEMI ACABADO;703989;VIT+MIN+B9 COM REV (ALIM);1.010.101;600;010684;VIT B2-RIBOFLAVINABASE; 1,510 ;KG;;;
11703989;SEMI ACABADO;703989;VIT+MIN+B9 COM REV (ALIM);1.010.101;600;010685;CLOR.PIRIDOXINA( VIT B6); 0,706 ;KG;;;
12703989;SEMI ACABADO;703989;VIT+MIN+B9 COM REV (ALIM);1.010.101;600;010686;VIT C-CRISTAIS INJUSP(AC ASCORBICO); 50,000 ;KG;;;
13703989;SEMI ACABADO;703989;VIT+MIN+B9 COM REV (ALIM);1.010.101;600;010909;VITAMINA B12 0,1%; 2,788 ;KG;;;
14703989;SEMI ACABADO;703989;VIT+MIN+B9 COM REV (ALIM);1.010.101;600;010923;CROSCARMELOSE SODICA; 50,505 ;KG;;;
15703989;SEMI ACABADO;703989;VIT+MIN+B9 COM REV (ALIM);1.010.101;600;010925;VITAMINA D3; 2,323 ;KG;;;
16703989;SEMI ACABADO;703989;VIT+MIN+B9 COM REV (ALIM);1.010.101;600;010926;SULFATO MANGANES MONOHIDRATADO; 5,158 ;KG;;;
17703989;SEMI ACABADO;703989;VIT+MIN+B9 COM REV (ALIM);1.010.101;600;011039;PANTOTENATO CALCIO(N); 12,445 ;KG;;;
18703989;SEMI ACABADO;703989;VIT+MIN+B9 COM REV (ALIM);1.010.101;600;015173;HPMC+D.TIT.+HPC+PEG; 18,182 ;KG;;;
19703989;SEMI ACABADO;703989;VIT+MIN+B9 COM REV (ALIM);1.010.101;600;016807;SULFATO DE ZINCO MONOHIDRATADO (ALIM); 5,585 ;KG;;;
20703989;SEMI ACABADO;703989;VIT+MIN+B9 COM REV (ALIM);1.010.101;600;301690;OPADRY PINK 321A840022 (ALIM); 18,182 ;KG;;;
1703990;SEMI ACABADO;703990;POLIVIT HAIR CAP DURA (ALIM);1.718.750;600;010041;DIOXIDO SILICIO COLOIDAL ANIDRO; 3,953 ;KG;;;
2703990;SEMI ACABADO;703990;POLIVIT HAIR CAP DURA (ALIM);1.718.750;600;010092;BIOTINA; 0,057 ;KG;;;
3703990;SEMI ACABADO;703990;POLIVIT HAIR CAP DURA (ALIM);1.718.750;600;010685;CLOR.PIRIDOXINA( VIT B6); 3,123 ;KG;;;
4703990;SEMI ACABADO;703990;POLIVIT HAIR CAP DURA (ALIM);1.718.750;600;010910;CLORETO CROMO III 6H20 P.A.; 0,309 ;KG;;;
5703990;SEMI ACABADO;703990;POLIVIT HAIR CAP DURA (ALIM);1.718.750;600;010923;CROSCARMELOSE SODICA; 35,750 ;KG;;;
6703990;SEMI ACABADO;703990;POLIVIT HAIR CAP DURA (ALIM);1.718.750;600;011020;CELULOSE MIC(TIPO 101); 463,920 ;KG;;;
7703990;SEMI ACABADO;703990;POLIVIT HAIR CAP DURA (ALIM);1.718.750;600;016807;SULFATO DE ZINCO MONOHIDRATADO (ALIM); 33,261 ;KG;;;
8703990;SEMI ACABADO;703990;POLIVIT HAIR CAP DURA (ALIM);1.718.750;600;016825;SELENITO DE SODIO (ALIM); 9,625 ;KG;;;
9703990;SEMI ACABADO;703990;POLIVIT HAIR CAP DURA (ALIM);1.718.750;600;301995;CAPS N°0 AZUL/AZUL; 1.718.750,000 ;UN;;;
1703998;SEMI ACABADO;703998;VALERI+PASSIF+CRATAE+ 40+50+30MG COM REV;889.000;600;010041;DIOXIDO SILICIO COLOIDAL ANIDRO; 2,667 ;KG;;;
2703998;SEMI ACABADO;703998;VALERI+PASSIF+CRATAE+ 40+50+30MG COM REV;889.000;600;010046;ALCOOL ETILICO; 216,027 ;KG;;;
3703998;SEMI ACABADO;703998;VALERI+PASSIF+CRATAE+ 40+50+30MG COM REV;889.000;600;010184;COR ALUM LACA AZUL2; 0,445 ;KG;;;
4703998;SEMI ACABADO;703998;VALERI+PASSIF+CRATAE+ 40+50+30MG COM REV;889.000;600;010228;DIOXIDO TITANIO; 3,556 ;KG;;;
5703998;SEMI ACABADO;703998;VALERI+PASSIF+CRATAE+ 40+50+30MG COM REV;889.000;600;010311;ESTEARATO MAGNESIO; 4,445 ;KG;;;
6703998;SEMI ACABADO;703998;VALERI+PASSIF+CRATAE+ 40+50+30MG COM REV;889.000;600;010381;EXTRATO SECO CRATAEGUS; 26,670 ;KG;;;
7703998;SEMI ACABADO;703998;VALERI+PASSIF+CRATAE+ 40+50+30MG COM REV;889.000;600;010383;EXTRATO SECO PASSIFLORA; 44,450 ;KG;;;
8703998;SEMI ACABADO;703998;VALERI+PASSIF+CRATAE+ 40+50+30MG COM REV;889.000;600;010384;EXTRATO SECO VALERIANA; 35,560 ;KG;;;
9703998;SEMI ACABADO;703998;VALERI+PASSIF+CRATAE+ 40+50+30MG COM REV;889.000;600;010923;CROSCARMELOSE SODICA; 8,890 ;KG;;;
10703998;SEMI ACABADO;703998;VALERI+PASSIF+CRATAE+ 40+50+30MG COM REV;889.000;600;010962;AROMA MENTA SC087767; 3,112 ;KG;;;
11703998;SEMI ACABADO;703998;VALERI+PASSIF+CRATAE+ 40+50+30MG COM REV;889.000;600;011664;CELULOSE+LACTOSE; 277,368 ;KG;;;
12703998;SEMI ACABADO;703998;VALERI+PASSIF+CRATAE+ 40+50+30MG COM REV;889.000;600;014385;HPMC + ETILCELULOSE + TRIETILCITRATO; 24,003 ;KG;;;
1704000;SEMI ACABADO;704000;APIXABANA 2,5MG COM REV;1.000.000;600;011675;LACTOSE (ANIDRA);50,25;KG;;;
2704000;SEMI ACABADO;704000;APIXABANA 2,5MG COM REV;1.000.000;600;019665;APIXABANA;2,5;KG;;;
3704000;SEMI ACABADO;704000;APIXABANA 2,5MG COM REV;1.000.000;600;010469;LAURIL SULFATO SODIO (PO);1;KG;;;
4704000;SEMI ACABADO;704000;APIXABANA 2,5MG COM REV;1.000.000;600;010923;CROSCARMELOSE SODICA;4;KG;;;
5704000;SEMI ACABADO;704000;APIXABANA 2,5MG COM REV;1.000.000;600;010501;CELULOSE MIC.(TIPO102);41;KG;;;
6704000;SEMI ACABADO;704000;APIXABANA 2,5MG COM REV;1.000.000;600;010311;ESTEARATO MAGNESIO;1,25;KG;;;
7704000;SEMI ACABADO;704000;APIXABANA 2,5MG COM REV;1.000.000;600;012514;OXIDO DE FERRO AMARELO;30;G;;;
8704000;SEMI ACABADO;704000;APIXABANA 2,5MG COM REV;1.000.000;600;300235;HPMC+LACTOSE+TRIACETINA+DIOXIDO TITANIO;2,97;KG;;;
1704001;SEMI ACABADO;704001;APIXABANA 5,0 MG COM REV;1.000.000;600;011675;LACTOSE (ANIDRA);100,5;KG;;;
2704001;SEMI ACABADO;704001;APIXABANA 5,0 MG COM REV;1.000.000;600;019665;APIXABANA;5;KG;;;
3704001;SEMI ACABADO;704001;APIXABANA 5,0 MG COM REV;1.000.000;600;010469;LAURIL SULFATO SODIO (PO);2;KG;;;
4704001;SEMI ACABADO;704001;APIXABANA 5,0 MG COM REV;1.000.000;600;010923;CROSCARMELOSE SODICA;8;KG;;;
5704001;SEMI ACABADO;704001;APIXABANA 5,0 MG COM REV;1.000.000;600;010501;CELULOSE MIC.(TIPO102);82;KG;;;
6704001;SEMI ACABADO;704001;APIXABANA 5,0 MG COM REV;1.000.000;600;010311;ESTEARATO MAGNESIO;2,5;KG;;;
7704001;SEMI ACABADO;704001;APIXABANA 5,0 MG COM REV;1.000.000;600;011049;OXIDO DE FERRO VERM(USP REF.33.8075);60;G;;;
8704001;SEMI ACABADO;704001;APIXABANA 5,0 MG COM REV;1.000.000;600;300235;HPMC+LACTOSE+TRIACETINA+DIOXIDO TITANIO;5,94;KG;;;
1704003;SEMI ACABADO;704003;FOSFATO DE CODEÍNA (A2) 30MG COM;900.000;600;010964;POVIDONA K29-32;1,12;KG;;;
2704003;SEMI ACABADO;704003;FOSFATO DE CODEÍNA (A2) 30MG COM;700.000;600;011558;FOSFATO CODEINA (A2);21,476;KG;;;
3704003;SEMI ACABADO;704003;FOSFATO DE CODEÍNA (A2) 30MG COM;700.000;600;011020;CELULOSE MIC(TIPO 101); 10,588 ;KG;;;
4704003;SEMI ACABADO;704003;FOSFATO DE CODEÍNA (A2) 30MG COM;700.000;600;010041;DIOXIDO SILICIO COLOIDAL ANIDRO;0,56;KG;;;
5704003;SEMI ACABADO;704003;FOSFATO DE CODEÍNA (A2) 30MG COM;700.000;600;010923;CROSCARMELOSE SODICA;1,68;KG;;;
6704003;SEMI ACABADO;704003;FOSFATO DE CODEÍNA (A2) 30MG COM;700.000;600;010501;CELULOSE MIC.(TIPO102);19,737;KG;;;
7704003;SEMI ACABADO;704003;FOSFATO DE CODEÍNA (A2) 30MG COM;700.000;600;010311;ESTEARATO MAGNESIO;0,84;KG;;;
1704004;SEMI ACABADO;704004;LUT+ZEA+B2+C+E+CU+SE+ZN COM REV (ALIM);285.714;600;010041;DIOXIDO SILICIO COLOIDAL ANIDRO; 2,000 ;KG;;;
2704004;SEMI ACABADO;704004;LUT+ZEA+B2+C+E+CU+SE+ZN COM REV (ALIM);285.714;600;010046;ALCOOL ETILICO; 64,337 ;KG;;;
3704004;SEMI ACABADO;704004;LUT+ZEA+B2+C+E+CU+SE+ZN COM REV (ALIM);285.714;600;010046;ALCOOL ETILICO; 64,337 ;KG;;;
4704004;SEMI ACABADO;704004;LUT+ZEA+B2+C+E+CU+SE+ZN COM REV (ALIM);285.714;600;010071;CELULOSE MIC (TIPO200); 39,713 ;KG;;;
5704004;SEMI ACABADO;704004;LUT+ZEA+B2+C+E+CU+SE+ZN COM REV (ALIM);285.714;600;010071;CELULOSE MIC (TIPO200); 55,790 ;KG;;;
6704004;SEMI ACABADO;704004;LUT+ZEA+B2+C+E+CU+SE+ZN COM REV (ALIM);285.714;600;010311;ESTEARATO MAGNESIO; 2,000 ;KG;;;
7704004;SEMI ACABADO;704004;LUT+ZEA+B2+C+E+CU+SE+ZN COM REV (ALIM);285.714;600;010684;VIT B2-RIBOFLAVINABASE; 0,371 ;KG;;;
8704004;SEMI ACABADO;704004;LUT+ZEA+B2+C+E+CU+SE+ZN COM REV (ALIM);285.714;600;010693;ACETATO DE DL-ALFA-TOCOFEROL 50%; 8,514 ;KG;;;
9704004;SEMI ACABADO;704004;LUT+ZEA+B2+C+E+CU+SE+ZN COM REV (ALIM);285.714;600;010869;VITAMINA C 90% GRANULADO; 14,286 ;KG;;;
10704004;SEMI ACABADO;704004;LUT+ZEA+B2+C+E+CU+SE+ZN COM REV (ALIM);285.714;600;010923;CROSCARMELOSE SODICA; 4,000 ;KG;;;
11704004;SEMI ACABADO;704004;LUT+ZEA+B2+C+E+CU+SE+ZN COM REV (ALIM);285.714;600;015173;HPMC+D.TIT.+HPC+PEG; 6,000 ;KG;;;
12704004;SEMI ACABADO;704004;LUT+ZEA+B2+C+E+CU+SE+ZN COM REV (ALIM);285.714;600;016351;OPADRY ORANGE 20B130004; 6,000 ;KG;;;
13704004;SEMI ACABADO;704004;LUT+ZEA+B2+C+E+CU+SE+ZN COM REV (ALIM);285.714;600;016364;LUTEINA FLORAGLO LUTEIN5%CWS/S-TG (ALIM); 57,143 ;KG;;;
14704004;SEMI ACABADO;704004;LUT+ZEA+B2+C+E+CU+SE+ZN COM REV (ALIM);285.714;600;016825;SELENITO DE SODIO (ALIM); 1,943 ;KG;;;
15704004;SEMI ACABADO;704004;LUT+ZEA+B2+C+E+CU+SE+ZN COM REV (ALIM);285.714;600;016835;OXIDO DE COBRE (ALIM); 0,322 ;KG;;;
16704004;SEMI ACABADO;704004;LUT+ZEA+B2+C+E+CU+SE+ZN COM REV (ALIM);285.714;600;019419;ZEAXANTINA NATURAL 5% (ALIM); 11,429 ;KG;;;
17704004;SEMI ACABADO;704004;LUT+ZEA+B2+C+E+CU+SE+ZN COM REV (ALIM);285.714;600;300677;OXIDO ZINCO (GRAU FARMACEUTICO); 2,489 ;KG;;;
1704065;SEMI ACABADO;704065;LEVETIRACETAM (C1) 500MG COM REV;520.000;600;019324;LEVETIRACETAM (C1);260,00;KG;;;
2704065;SEMI ACABADO;704065;LEVETIRACETAM (C1) 500MG COM REV;520.000;600;010923;CROSCARMELOSE SODICA;5,20;KG;;;
3704065;SEMI ACABADO;704065;LEVETIRACETAM (C1) 500MG COM REV;520.000;600;010964;POVIDONA K29-32;7,80;KG;;;
4704065;SEMI ACABADO;704065;LEVETIRACETAM (C1) 500MG COM REV;520.000;600;010964;POVIDONA K29-32;0,52;KG;;;
5704065;SEMI ACABADO;704065;LEVETIRACETAM (C1) 500MG COM REV;520.000;600;010923;CROSCARMELOSE SODICA;10,92;KG;;;
6704065;SEMI ACABADO;704065;LEVETIRACETAM (C1) 500MG COM REV;520.000;600;010041;DIOXIDO SILICIO COLOIDAL ANIDRO;1,40;KG;;;
7704065;SEMI ACABADO;704065;LEVETIRACETAM (C1) 500MG COM REV;520.000;600;010311;ESTEARATO MAGNESIO;1,72;KG;;;
8704065;SEMI ACABADO;704065;LEVETIRACETAM (C1) 500MG COM REV;520.000;600;010953;TALCO;1,51;KG;;;
9704065;SEMI ACABADO;704065;LEVETIRACETAM (C1) 500MG COM REV;520.000;600;012514;OXIDO DE FERRO AMARELO;70,20;G;;;
10704065;SEMI ACABADO;704065;LEVETIRACETAM (C1) 500MG COM REV;520.000;600;010046;ALCOOL ETILICO;1,50;KG;;;
11704065;SEMI ACABADO;704065;LEVETIRACETAM (C1) 500MG COM REV;520.000;600;010046;ALCOOL ETILICO;32,20;KG;;;
12704065;SEMI ACABADO;704065;LEVETIRACETAM (C1) 500MG COM REV;520.000;600;012059;HPMC + PEG + DIOXIDO TITANIO;9,86;KG;;;
1704066;SEMI ACABADO;704066;BISSULFATO DE CLOPIDOGREL 75MG COM REV;1.000.000;600;010553;CROSPOVIDONE; 12,500 ;KG;;;
2704066;SEMI ACABADO;704066;BISSULFATO DE CLOPIDOGREL 75MG COM REV;1.000.000;600;010041;DIOXIDO SILICIO COLOIDAL ANIDRO; 0,870 ;KG;;;
3704066;SEMI ACABADO;704066;BISSULFATO DE CLOPIDOGREL 75MG COM REV;1.000.000;600;010501;CELULOSE MIC.(TIPO102); 62,500 ;KG;;;
4704066;SEMI ACABADO;704066;BISSULFATO DE CLOPIDOGREL 75MG COM REV;1.000.000;600;011049;OXIDO DE FERRO VERM(USP REF.33.8075); 0,025 ;KG;;;
5704066;SEMI ACABADO;704066;BISSULFATO DE CLOPIDOGREL 75MG COM REV;1.000.000;600;011735;MALTODEXTRIN (9050-36-6); 73,750 ;KG;;;
6704066;SEMI ACABADO;704066;BISSULFATO DE CLOPIDOGREL 75MG COM REV;1.000.000;600;012059;HPMC + PEG + DIOXIDO TITANIO; 7,500 ;KG;;;
7704066;SEMI ACABADO;704066;BISSULFATO DE CLOPIDOGREL 75MG COM REV;1.000.000;600;012090;BEHENATO DE GLICERILA; 2,500 ;KG;;;
8704066;SEMI ACABADO;704066;BISSULFATO DE CLOPIDOGREL 75MG COM REV;1.000.000;600;301958;BISSULFATO DE CLOPIDOGREL; 97,880 ;KG;;;
1704068;SEMI ACABADO;704068;ETODOLACO 500 MG COM REV;400.000;600;017476;ETODOLACO; 200,000 ;KG;;;
2704068;SEMI ACABADO;704068;ETODOLACO 500 MG COM REV;400.000;600;010859;LACTOSE (200); 56,780 ;KG;;;
3704068;SEMI ACABADO;704068;ETODOLACO 500 MG COM REV;400.000;600;011020;CELULOSE MIC(TIPO 101); 45,200 ;KG;;;
4704068;SEMI ACABADO;704068;ETODOLACO 500 MG COM REV;400.000;600;010923;CROSCARMELOSE SODICA; 6,600 ;KG;;;
5704068;SEMI ACABADO;704068;ETODOLACO 500 MG COM REV;400.000;600;010964;POVIDONA K29-32; 26,400 ;KG;;;
6704068;SEMI ACABADO;704068;ETODOLACO 500 MG COM REV;400.000;600;010923;CROSCARMELOSE SODICA; 9,900 ;KG;;;
7704068;SEMI ACABADO;704068;ETODOLACO 500 MG COM REV;400.000;600;010311;ESTEARATO MAGNESIO; 5,120 ;KG;;;
8704068;SEMI ACABADO;704068;ETODOLACO 500 MG COM REV;400.000;600;010885;COR ALUM LACA AZUL1; 0,448 ;KG;;;
9704068;SEMI ACABADO;704068;ETODOLACO 500 MG COM REV;400.000;600;012059;HPMC + PEG + DIOXIDO TITANIO; 13,552 ;KG;;;
10704068;SEMI ACABADO;704068;ETODOLACO 500 MG COM REV;400.000;600;010046;ALCOOL ETILICO; 126,360 ;KG;;;
1704069;SEMI ACABADO;704069;PITAVASTATINA CALCICA 2MG COM REV;600.000;600;301987;METASSILICATO DE ALUMINIO E MAGNESIO;2,16;KG;;;
2704069;SEMI ACABADO;704069;PITAVASTATINA CALCICA 2MG COM REV;600.000;600;010859;LACTOSE (200);13,89;KG;;;
3704069;SEMI ACABADO;704069;PITAVASTATINA CALCICA 2MG COM REV;600.000;600;010409;FOSFATO SODIO DIBASICO ANIDRO;2,7;KG;;;
4704069;SEMI ACABADO;704069;PITAVASTATINA CALCICA 2MG COM REV;600.000;600;302162;PITAVASTATINA CÁLCICA (PENTAHIDRATADA);1,383;KG;;;
5704069;SEMI ACABADO;704069;PITAVASTATINA CALCICA 2MG COM REV;600.000;600;015343;HIPROLOSE LH - 21;8,1;KG;;;
6704069;SEMI ACABADO;704069;PITAVASTATINA CALCICA 2MG COM REV;600.000;600;010859;LACTOSE (200);13,887;KG;;;
7704069;SEMI ACABADO;704069;PITAVASTATINA CALCICA 2MG COM REV;600.000;600;011656;HPMC 2910 (METHOCEL E3 PREMIUM);0,54;KG;;;
8704069;SEMI ACABADO;704069;PITAVASTATINA CALCICA 2MG COM REV;600.000;600;010739;LACTOSE (50/70);10,8;KG;;;
9704069;SEMI ACABADO;704069;PITAVASTATINA CALCICA 2MG COM REV;600.000;600;010311;ESTEARATO MAGNESIO;0,54;KG;;;
10704069;SEMI ACABADO;704069;PITAVASTATINA CALCICA 2MG COM REV;600.000;600;012059;HPMC + PEG + DIOXIDO TITANIO;1,62;KG;;;
1704070;SEMI ACABADO;704070;PITAVASTATINA CALCICA 4MG COM REV;300.000;600;301987;METASSILICATO DE ALUMINIO E MAGNESIO;2,16;KG;;;
2704070;SEMI ACABADO;704070;PITAVASTATINA CALCICA 4MG COM REV;300.000;600;010859;LACTOSE (200);13,89;KG;;;
3704070;SEMI ACABADO;704070;PITAVASTATINA CALCICA 4MG COM REV;300.000;600;010409;FOSFATO SODIO DIBASICO ANIDRO;2,7;KG;;;
4704070;SEMI ACABADO;704070;PITAVASTATINA CALCICA 4MG COM REV;300.000;600;302162;PITAVASTATINA CÁLCICA (PENTAHIDRATADA);1,383;KG;;;
5704070;SEMI ACABADO;704070;PITAVASTATINA CALCICA 4MG COM REV;300.000;600;015343;HIPROLOSE LH - 21;8,1;KG;;;
6704070;SEMI ACABADO;704070;PITAVASTATINA CALCICA 4MG COM REV;300.000;600;010859;LACTOSE (200);13,887;KG;;;
7704070;SEMI ACABADO;704070;PITAVASTATINA CALCICA 4MG COM REV;300.000;600;011656;HPMC 2910 (METHOCEL E3 PREMIUM);0,54;KG;;;
8704070;SEMI ACABADO;704070;PITAVASTATINA CALCICA 4MG COM REV;300.000;600;010739;LACTOSE (50/70);10,8;KG;;;
9704070;SEMI ACABADO;704070;PITAVASTATINA CALCICA 4MG COM REV;300.000;600;010311;ESTEARATO MAGNESIO;0,54;KG;;;
10704070;SEMI ACABADO;704070;PITAVASTATINA CALCICA 4MG COM REV;300.000;600;012059;HPMC + PEG + DIOXIDO TITANIO;1,62;KG;;;
1704074;SEMI ACABADO;704074;CLORIDRATO DE NEBIVOLOL 5MG COM;200.000;600;010056;AMIDO; 11,200 ;KG;;;
2704074;SEMI ACABADO;704074;CLORIDRATO DE NEBIVOLOL 5MG COM;200.000;600;010041;DIOXIDO SILICIO COLOIDAL ANIDRO; 0,560 ;KG;;;
3704074;SEMI ACABADO;704074;CLORIDRATO DE NEBIVOLOL 5MG COM;200.000;600;010311;ESTEARATO MAGNESIO; 0,560 ;KG;;;
4704074;SEMI ACABADO;704074;CLORIDRATO DE NEBIVOLOL 5MG COM;200.000;600;010501;CELULOSE MIC.(TIPO102); 3,920 ;KG;;;
5704074;SEMI ACABADO;704074;CLORIDRATO DE NEBIVOLOL 5MG COM;200.000;600;010859;LACTOSE (200); 33,910 ;KG;;;
6704074;SEMI ACABADO;704074;CLORIDRATO DE NEBIVOLOL 5MG COM;200.000;600;010923;CROSCARMELOSE SODICA; 0,280 ;KG;;;
7704074;SEMI ACABADO;704074;CLORIDRATO DE NEBIVOLOL 5MG COM;200.000;600;010923;CROSCARMELOSE SODICA; 2,520 ;KG;;;
8704074;SEMI ACABADO;704074;CLORIDRATO DE NEBIVOLOL 5MG COM;200.000;600;011723;HIDROXIPROPILMETILCELULOSE E-5; 1,960 ;KG;;;
9704074;SEMI ACABADO;704074;CLORIDRATO DE NEBIVOLOL 5MG COM;200.000;600;016008;CLORIDRATO DE NEBIVOLOL; 1,090 ;KG;;;
1704076;SEMI ACABADO;704076;COL+CA+MG+VITD+VITK2 COM REV (ALIM);375.000;600;010041;DIOXIDO SILICIO COLOIDAL ANIDRO; 6,000 ;KG;;;
2704076;SEMI ACABADO;704076;COL+CA+MG+VITD+VITK2 COM REV (ALIM);375.000;600;010067;ASCORBATO DE SODIOGRANULADO; 0,900 ;KG;;;
3704076;SEMI ACABADO;704076;COL+CA+MG+VITD+VITK2 COM REV (ALIM);375.000;600;010311;ESTEARATO MAGNESIO; 6,000 ;KG;;;
4704076;SEMI ACABADO;704076;COL+CA+MG+VITD+VITK2 COM REV (ALIM);375.000;600;010501;CELULOSE MIC.(TIPO102); 41,995 ;KG;;;
5704076;SEMI ACABADO;704076;COL+CA+MG+VITD+VITK2 COM REV (ALIM);375.000;600;010923;CROSCARMELOSE SODICA; 12,000 ;KG;;;
6704076;SEMI ACABADO;704076;COL+CA+MG+VITD+VITK2 COM REV (ALIM);375.000;600;010925;VITAMINA D3; 3,750 ;KG;;;
7704076;SEMI ACABADO;704076;COL+CA+MG+VITD+VITK2 COM REV (ALIM);375.000;600;010964;POVIDONA K29-32; 3,000 ;KG;;;
8704076;SEMI ACABADO;704076;COL+CA+MG+VITD+VITK2 COM REV (ALIM);375.000;600;302234;CALCIO CITRATO MALATO- CCM (ALIM); 375,000 ;KG;;;
9704076;SEMI ACABADO;704076;COL+CA+MG+VITD+VITK2 COM REV (ALIM);375.000;600;017132;VITAMINA K2 ACTIVK N-2000 (ALIM); 8,438 ;KG;;;
10704076;SEMI ACABADO;704076;COL+CA+MG+VITD+VITK2 COM REV (ALIM);375.000;600;017189;COLAGENO UC-250 POWDER UC-II (ALIM); 7,500 ;KG;;;
11704076;SEMI ACABADO;704076;COL+CA+MG+VITD+VITK2 COM REV (ALIM);375.000;600;018143;BISGLICINATO MG BUF GRAN (ALIM); 135,417 ;KG;;;
12704076;SEMI ACABADO;704076;COL+CA+MG+VITD+VITK2 COM REV (ALIM);375.000;600;300725;OPADRY EZ 253U190007 CLEAR (ALIM); 6,000 ;KG;;;
13704076;SEMI ACABADO;704076;COL+CA+MG+VITD+VITK2 COM REV (ALIM);375.000;600;300782;OPADRY QX 321A130011 ORANGE (ALIM); 18,000 ;KG;;;
1704079;SEMI ACABADO;704079;COL CTII 40MG + UCII 40MG CAPS (ALIM);2.343.750;600;010071;CELULOSE MIC (TIPO200); 93,750 ;KG;;;
2704079;SEMI ACABADO;704079;COL CTII 40MG + UCII 40MG CAPS (ALIM);2.343.750;600;010071;CELULOSE MIC (TIPO200); 93,750 ;KG;;;
3704079;SEMI ACABADO;704079;COL CTII 40MG + UCII 40MG CAPS (ALIM);2.343.750;600;012629;CPS 3 BRANCO/BRANCO; 2.343.750,000 ;Un;;;
4704079;SEMI ACABADO;704079;COL CTII 40MG + UCII 40MG CAPS (ALIM);2.343.750;600;017189;COLAGENO UC-250 POWDER UC-II (ALIM); 93,750 ;KG;;;
5704079;SEMI ACABADO;704079;COL CTII 40MG + UCII 40MG CAPS (ALIM);2.343.750;600;301922;COLAGENO NATIVE CT-II (ALIM); 93,750 ;KG;;;
1704088;SEMI ACABADO;704088;COL 40MG+CURC 400MG CAP DURA (ALIM);1.166.666;600;010041;DIOXIDO SILICIO COLOIDAL ANIDRO; 5,250 ;KG;;;
2704088;SEMI ACABADO;704088;COL 40MG+CURC 400MG CAP DURA (ALIM);1.166.666;600;010041;DIOXIDO SILICIO COLOIDAL ANIDRO; 5,250 ;KG;;;
3704088;SEMI ACABADO;704088;COL 40MG+CURC 400MG CAP DURA (ALIM);1.166.666;600;010311;ESTEARATO MAGNESIO; 5,250 ;KG;;;
4704088;SEMI ACABADO;704088;COL 40MG+CURC 400MG CAP DURA (ALIM);1.166.666;600;010311;ESTEARATO MAGNESIO; 5,250 ;KG;;;
5704088;SEMI ACABADO;704088;COL 40MG+CURC 400MG CAP DURA (ALIM);1.166.666;600;010923;CROSCARMELOSE SODICA; 7,583 ;KG;;;
6704088;SEMI ACABADO;704088;COL 40MG+CURC 400MG CAP DURA (ALIM);1.166.666;600;011905;CARBONATO CALCIO CD 90%; 64,750 ;KG;;;
7704088;SEMI ACABADO;704088;COL 40MG+CURC 400MG CAP DURA (ALIM);1.166.666;600;301922;COLAGENO NATIVE CT-II (ALIM); 46,667 ;KG;;;
8704088;SEMI ACABADO;704088;COL 40MG+CURC 400MG CAP DURA (ALIM);1.166.666;600;301971;CURCUMA LONGVIDA (ALIM); 560,000 ;KG;;;
9704088;SEMI ACABADO;704088;COL 40MG+CURC 400MG CAP DURA (ALIM);1.166.666;600;302121;CAPS 00 INCOLOR/INCOLOR (ALIM); 1.166.666,000 ;Un;;;
1704089;SEMI ACABADO;704089;COLCHICINA 0,5 MG COM;1.280.000;600;010056;AMIDO; 24,768 ;KG;;;
2704089;SEMI ACABADO;704089;COLCHICINA 0,5 MG COM;1.280.000;600;010046;ALCOOL ETILICO; 32,400 ;KG;;;
3704089;SEMI ACABADO;704089;COLCHICINA 0,5 MG COM;1.280.000;600;010311;ESTEARATO MAGNESIO; 2,061 ;KG;;;
4704089;SEMI ACABADO;704089;COLCHICINA 0,5 MG COM;1.280.000;600;010732;LACTOSE (80); 126,861 ;KG;;;
5704089;SEMI ACABADO;704089;COLCHICINA 0,5 MG COM;1.280.000;600;010923;CROSCARMELOSE SODICA; 0,806 ;KG;;;
6704089;SEMI ACABADO;704089;COLCHICINA 0,5 MG COM;1.280.000;600;010964;POVIDONA K29-32; 4,800 ;KG;;;
7704089;SEMI ACABADO;704089;COLCHICINA 0,5 MG COM;1.280.000;600;011394;CORANTE AMARELO LACA 10; 0,064 ;KG;;;
8704089;SEMI ACABADO;704089;COLCHICINA 0,5 MG COM;1.280.000;600;302001;COLCHICINA; 0,640 ;KG;;;
1704095;SEMI ACABADO;704095;IBUPROFENO 600 MG COM REV;717.654;600;010041;DIOXIDO SILICIO COLOIDAL ANIDRO; 5,382 ;KG;;;
2704095;SEMI ACABADO;704095;IBUPROFENO 600 MG COM REV;717.654;600;010046;ALCOOL ETILICO; 24,996 ;KG;;;
3704095;SEMI ACABADO;704095;IBUPROFENO 600 MG COM REV;717.654;600;010328;OLEO VEGETAL HIDROGENADO (LUBRITAB); 6,459 ;KG;;;
4704095;SEMI ACABADO;704095;IBUPROFENO 600 MG COM REV;717.654;600;010859;LACTOSE (200); 66,742 ;KG;;;
5704095;SEMI ACABADO;704095;IBUPROFENO 600 MG COM REV;717.654;600;010923;CROSCARMELOSE SODICA; 21,530 ;KG;;;
6704095;SEMI ACABADO;704095;IBUPROFENO 600 MG COM REV;717.654;600;011018;AMIDO DE MILHO PREGELATINIZADO; 28,706 ;KG;;;
7704095;SEMI ACABADO;704095;IBUPROFENO 600 MG COM REV;717.654;600;011020;CELULOSE MIC(TIPO 101); 64,589 ;KG;;;
8704095;SEMI ACABADO;704095;IBUPROFENO 600 MG COM REV;717.654;600;302005;IBUPROFENO 70; 430,592 ;KG;;;
9704095;SEMI ACABADO;704095;IBUPROFENO 600 MG COM REV;717.654;600;302006;OPADRY WHITE (7700); 12,918 ;KG;;;
1704096;SEMI ACABADO;704096;TARTARATO METOPROLOL 100 MG COM REV;247.448;600;010041;DIOXIDO SILICIO COLOIDAL ANIDRO; 1,175 ;KG;;;
2704096;SEMI ACABADO;704096;TARTARATO METOPROLOL 100 MG COM REV;247.448;600;010046;ALCOOL ETILICO; 5,573 ;KG;;;
3704096;SEMI ACABADO;704096;TARTARATO METOPROLOL 100 MG COM REV;247.448;600;010046;ALCOOL ETILICO; 21,679 ;KG;;;
4704096;SEMI ACABADO;704096;TARTARATO METOPROLOL 100 MG COM REV;247.448;600;010228;DIOXIDO TITANIO; 0,718 ;KG;;;
5704096;SEMI ACABADO;704096;TARTARATO METOPROLOL 100 MG COM REV;247.448;600;010311;ESTEARATO MAGNESIO; 1,002 ;KG;;;
6704096;SEMI ACABADO;704096;TARTARATO METOPROLOL 100 MG COM REV;247.448;600;010331;GLICOLATO AMIDO SODICO; 3,959 ;KG;;;
7704096;SEMI ACABADO;704096;TARTARATO METOPROLOL 100 MG COM REV;247.448;600;010331;GLICOLATO AMIDO SODICO; 3,959 ;KG;;;
8704096;SEMI ACABADO;704096;TARTARATO METOPROLOL 100 MG COM REV;247.448;600;010501;CELULOSE MIC.(TIPO102); 44,022 ;KG;;;
9704096;SEMI ACABADO;704096;TARTARATO METOPROLOL 100 MG COM REV;247.448;600;010669;POLISSORBATO 80(TWEEN 80); 0,099 ;KG;;;
10704096;SEMI ACABADO;704096;TARTARATO METOPROLOL 100 MG COM REV;247.448;600;010953;TALCO; 0,470 ;KG;;;
11704096;SEMI ACABADO;704096;TARTARATO METOPROLOL 100 MG COM REV;247.448;600;302007;TARTARATO METOPROLOL; 24,745 ;KG;;;
12704096;SEMI ACABADO;704096;TARTARATO METOPROLOL 100 MG COM REV;247.448;600;302008;HIPROMELOSE (E6 LV); 1,138 ;KG;;;
13704096;SEMI ACABADO;704096;TARTARATO METOPROLOL 100 MG COM REV;247.448;600;302008;HIPROMELOSE (E6 LV); 1,608 ;KG;;;
1704120;SEMI ACABADO;704120;MULTIGRIP 400+4+4MG CAP*;800.000;600;010041;DIOXIDO SILICIO COLOIDAL ANIDRO; 1,840 ;KG;;;
2704120;SEMI ACABADO;704120;MULTIGRIP 400+4+4MG CAP*;800.000;600;010311;ESTEARATO MAGNESIO; 7,360 ;KG;;;
3704120;SEMI ACABADO;704120;MULTIGRIP 400+4+4MG CAP*;800.000;600;010953;TALCO; 11,040 ;KG;;;
4704120;SEMI ACABADO;704120;MULTIGRIP 400+4+4MG CAP*;800.000;600;011018;AMIDO DE MILHO PREGELATINIZADO; 21,360 ;KG;;;
5704120;SEMI ACABADO;704120;MULTIGRIP 400+4+4MG CAP*;800.000;600;011627;PARACETAMOL; 320,000 ;KG;;;
6704120;SEMI ACABADO;704120;MULTIGRIP 400+4+4MG CAP*;800.000;600;302028;CLOR. DE FENILEFRINA MICRONIZADO; 3,200 ;KG;;;
7704120;SEMI ACABADO;704120;MULTIGRIP 400+4+4MG CAP*;800.000;600;302029;CAPSULA Nº 0 AMARELO/VERMELHO; 800.000,000 ;UN;;;
8704120;SEMI ACABADO;704120;MULTIGRIP 400+4+4MG CAP*;800.000;600;302033;MALEATO DE CLORFENIRAMINA MICRONIZADO; 3,200 ;KG;;;
1704125;SEMI ACABADO;704125;RIVAROXABANA 10 MG COM REV (E);1.750.000;600;010046;ALCOOL ETILICO; 49,613 ;KG;;;
2704125;SEMI ACABADO;704125;RIVAROXABANA 10 MG COM REV (E);1.750.000;600;010228;DIOXIDO TITANIO; 1,313 ;KG;;;
3704125;SEMI ACABADO;704125;RIVAROXABANA 10 MG COM REV (E);1.750.000;600;010311;ESTEARATO MAGNESIO; 0,870 ;KG;;;
4704125;SEMI ACABADO;704125;RIVAROXABANA 10 MG COM REV (E);1.750.000;600;010469;LAURIL SULFATO SODIO (PO); 0,880 ;KG;;;
5704125;SEMI ACABADO;704125;RIVAROXABANA 10 MG COM REV (E);1.750.000;600;010859;LACTOSE (200); 35,000 ;KG;;;
6704125;SEMI ACABADO;704125;RIVAROXABANA 10 MG COM REV (E);1.750.000;600;010923;CROSCARMELOSE SODICA; 5,250 ;KG;;;
7704125;SEMI ACABADO;704125;RIVAROXABANA 10 MG COM REV (E);1.750.000;600;010979;HPMC+PEG; 3,395 ;KG;;;
8704125;SEMI ACABADO;704125;RIVAROXABANA 10 MG COM REV (E);1.750.000;600;011020;CELULOSE MIC(TIPO 101); 92,750 ;KG;;;
9704125;SEMI ACABADO;704125;RIVAROXABANA 10 MG COM REV (E);1.750.000;600;011049;OXIDO DE FERRO VERM(USP REF.33.8075); 0,018 ;KG;;;
10704125;SEMI ACABADO;704125;RIVAROXABANA 10 MG COM REV (E);1.750.000;600;011723;HIDROXIPROPILMETILCELULOSE E-5; 5,250 ;KG;;;
11704125;SEMI ACABADO;704125;RIVAROXABANA 10 MG COM REV (E);1.750.000;600;302034;RIVAROXABANA (E); 17,500 ;KG;;;
1704126;SEMI ACABADO;704126;RIVAROXABANA 15 MG COM REV (E);1.750.000;600;010046;ALCOOL ETILICO; 49,613 ;KG;;;
2704126;SEMI ACABADO;704126;RIVAROXABANA 15 MG COM REV (E);1.750.000;600;010228;DIOXIDO TITANIO; 0,700 ;KG;;;
3704126;SEMI ACABADO;704126;RIVAROXABANA 15 MG COM REV (E);1.750.000;600;010311;ESTEARATO MAGNESIO; 0,870 ;KG;;;
4704126;SEMI ACABADO;704126;RIVAROXABANA 15 MG COM REV (E);1.750.000;600;010469;LAURIL SULFATO SODIO (PO); 0,880 ;KG;;;
5704126;SEMI ACABADO;704126;RIVAROXABANA 15 MG COM REV (E);1.750.000;600;010859;LACTOSE (200); 35,000 ;KG;;;
6704126;SEMI ACABADO;704126;RIVAROXABANA 15 MG COM REV (E);1.750.000;600;010923;CROSCARMELOSE SODICA; 5,250 ;KG;;;
7704126;SEMI ACABADO;704126;RIVAROXABANA 15 MG COM REV (E);1.750.000;600;010979;HPMC+PEG; 3,850 ;KG;;;
8704126;SEMI ACABADO;704126;RIVAROXABANA 15 MG COM REV (E);1.750.000;600;011020;CELULOSE MIC(TIPO 101); 84,000 ;KG;;;
9704126;SEMI ACABADO;704126;RIVAROXABANA 15 MG COM REV (E);1.750.000;600;011049;OXIDO DE FERRO VERM(USP REF.33.8075); 0,175 ;KG;;;
10704126;SEMI ACABADO;704126;RIVAROXABANA 15 MG COM REV (E);1.750.000;600;011723;HIDROXIPROPILMETILCELULOSE E-5; 5,250 ;KG;;;
11704126;SEMI ACABADO;704126;RIVAROXABANA 15 MG COM REV (E);1.750.000;600;302034;RIVAROXABANA (E); 26,250 ;KG;;;
1704127;SEMI ACABADO;704127;RIVAROXABANA 20 MG COM REV (E);1.750.000;600;010046;ALCOOL ETILICO; 49,613 ;KG;;;
2704127;SEMI ACABADO;704127;RIVAROXABANA 20 MG COM REV (E);1.750.000;600;010228;DIOXIDO TITANIO; 0,088 ;KG;;;
3704127;SEMI ACABADO;704127;RIVAROXABANA 20 MG COM REV (E);1.750.000;600;010311;ESTEARATO MAGNESIO; 0,870 ;KG;;;
4704127;SEMI ACABADO;704127;RIVAROXABANA 20 MG COM REV (E);1.750.000;600;010469;LAURIL SULFATO SODIO (PO); 0,880 ;KG;;;
5704127;SEMI ACABADO;704127;RIVAROXABANA 20 MG COM REV (E);1.750.000;600;010859;LACTOSE (200); 35,000 ;KG;;;
6704127;SEMI ACABADO;704127;RIVAROXABANA 20 MG COM REV (E);1.750.000;600;010923;CROSCARMELOSE SODICA; 5,250 ;KG;;;
7704127;SEMI ACABADO;704127;RIVAROXABANA 20 MG COM REV (E);1.750.000;600;010979;HPMC+PEG; 4,288 ;KG;;;
8704127;SEMI ACABADO;704127;RIVAROXABANA 20 MG COM REV (E);1.750.000;600;011020;CELULOSE MIC(TIPO 101); 75,250 ;KG;;;
9704127;SEMI ACABADO;704127;RIVAROXABANA 20 MG COM REV (E);1.750.000;600;011049;OXIDO DE FERRO VERM(USP REF.33.8075); 0,350 ;KG;;;
10704127;SEMI ACABADO;704127;RIVAROXABANA 20 MG COM REV (E);1.750.000;600;011723;HIDROXIPROPILMETILCELULOSE E-5; 5,250 ;KG;;;
11704127;SEMI ACABADO;704127;RIVAROXABANA 20 MG COM REV (E);1.750.000;600;302034;RIVAROXABANA (E); 35,000 ;KG;;;
1704135;SEMI ACABADO;704135;IBUPROFENO 300 MG COM REV;717.241;600;010041;DIOXIDO SILICIO COLOIDAL ANIDRO; 2,682 ;KG;;;
2704135;SEMI ACABADO;704135;IBUPROFENO 300 MG COM REV;717.241;600;010046;ALCOOL ETILICO; 12,491 ;KG;;;
3704135;SEMI ACABADO;704135;IBUPROFENO 300 MG COM REV;717.241;600;010328;OLEO VEGETAL HIDROGENADO (LUBRITAB); 3,120 ;KG;;;
4704135;SEMI ACABADO;704135;IBUPROFENO 300 MG COM REV;717.241;600;010859;LACTOSE (200); 15,600 ;KG;;;
5704135;SEMI ACABADO;704135;IBUPROFENO 300 MG COM REV;717.241;600;010923;CROSCARMELOSE SODICA; 15,608 ;KG;;;
6704135;SEMI ACABADO;704135;IBUPROFENO 300 MG COM REV;717.241;600;011018;AMIDO DE MILHO PREGELATINIZADO; 14,345 ;KG;;;
7704135;SEMI ACABADO;704135;IBUPROFENO 300 MG COM REV;717.241;600;011020;CELULOSE MIC(TIPO 101); 45,473 ;KG;;;
8704135;SEMI ACABADO;704135;IBUPROFENO 300 MG COM REV;717.241;600;302005;IBUPROFENO 70; 215,172 ;KG;;;
9704135;SEMI ACABADO;704135;IBUPROFENO 300 MG COM REV;717.241;600;302006;OPADRY WHITE (7700); 6,455 ;KG;;;
1704138;SEMI ACABADO;704138;MELATONINA 0,21MG COM ORODISP (ALIM);9.200.000;600;010041;DIOXIDO SILICIO COLOIDAL ANIDRO; 20,700 ;KG;;;
2704138;SEMI ACABADO;704138;MELATONINA 0,21MG COM ORODISP (ALIM);9.200.000;600;010501;CELULOSE MIC.(TIPO102); 118,660 ;KG;;;
3704138;SEMI ACABADO;704138;MELATONINA 0,21MG COM ORODISP (ALIM);9.200.000;600;010877;ACIDO ESTEARICO VEGETAL(MICRONIZADO); 20,700 ;KG;;;
4704138;SEMI ACABADO;704138;MELATONINA 0,21MG COM ORODISP (ALIM);9.200.000;600;010923;CROSCARMELOSE SODICA; 34,500 ;KG;;;
5704138;SEMI ACABADO;704138;MELATONINA 0,21MG COM ORODISP (ALIM);9.200.000;600;011357;AROMA LIMAO NATURAL; 23,000 ;KG;;;
6704138;SEMI ACABADO;704138;MELATONINA 0,21MG COM ORODISP (ALIM);9.200.000;600;011653;MANITOL CD(PAR TECK M2000 ART100419); 460,000 ;KG;;;
7704138;SEMI ACABADO;704138;MELATONINA 0,21MG COM ORODISP (ALIM);9.200.000;600;011692;SUCRALOSE; 0,138 ;KG;;;
8704138;SEMI ACABADO;704138;MELATONINA 0,21MG COM ORODISP (ALIM);9.200.000;600;013381;CROSPOVIDONE NF; 10,350 ;KG;;;
9704138;SEMI ACABADO;704138;MELATONINA 0,21MG COM ORODISP (ALIM);9.200.000;600;302010;MELATONINA (ALIM); 1,952 ;KG;;;
1704153;SEMI ACABADO;704153;COMPLEXO B COMP REV C/20-E;500.000;600;010041;DIOXIDO SILICIO COLOIDAL ANIDRO; 2,500 ;KG;;;
2704153;SEMI ACABADO;704153;COMPLEXO B COMP REV C/20-E;500.000;600;010071;CELULOSE MIC (TIPO200); 206,350 ;KG;;;
3704153;SEMI ACABADO;704153;COMPLEXO B COMP REV C/20-E;500.000;600;010174;COR ALUM LACA AMARELO CREPUSCULO 6; 0,275 ;KG;;;
4704153;SEMI ACABADO;704153;COMPLEXO B COMP REV C/20-E;500.000;600;010177;COR ALUM LACA AMARELO TARTRAZINA 5; 1,170 ;KG;;;
5704153;SEMI ACABADO;704153;COMPLEXO B COMP REV C/20-E;500.000;600;010228;DIOXIDO TITANIO; 1,940 ;KG;;;
6704153;SEMI ACABADO;704153;COMPLEXO B COMP REV C/20-E;500.000;600;010311;ESTEARATO MAGNESIO; 5,000 ;KG;;;
7704153;SEMI ACABADO;704153;COMPLEXO B COMP REV C/20-E;500.000;600;010511;NICOTINAMIDA; 25,000 ;KG;;;
8704153;SEMI ACABADO;704153;COMPLEXO B COMP REV C/20-E;500.000;600;010681;VIT B1-TIAMINA MONONITRATO; 16,325 ;KG;;;
9704153;SEMI ACABADO;704153;COMPLEXO B COMP REV C/20-E;500.000;600;010684;VIT B2-RIBOFLAVINABASE; 1,650 ;KG;;;
10704153;SEMI ACABADO;704153;COMPLEXO B COMP REV C/20-E;500.000;600;010685;CLOR.PIRIDOXINA( VIT B6); 5,000 ;KG;;;
11704153;SEMI ACABADO;704153;COMPLEXO B COMP REV C/20-E;500.000;600;010731;FOSF.CAL.DIB.(COMPDIRETA); 162,500 ;KG;;;
12704153;SEMI ACABADO;704153;COMPLEXO B COMP REV C/20-E;500.000;600;010909;VITAMINA B12 0,1%; 7,800 ;KG;;;
13704153;SEMI ACABADO;704153;COMPLEXO B COMP REV C/20-E;500.000;600;010923;CROSCARMELOSE SODICA; 5,000 ;KG;;;
14704153;SEMI ACABADO;704153;COMPLEXO B COMP REV C/20-E;500.000;600;011039;PANTOTENATO CALCIO(N); 12,875 ;KG;;;
15704153;SEMI ACABADO;704153;COMPLEXO B COMP REV C/20-E;500.000;600;011668;ALCOOL POLIVINILICO+TALCO+PEG; 13,500 ;KG;;;
1704154;SEMI ACABADO;704154;COMPLEXO B COMP REV;2.500.000;600;010041;DIOXIDO SILICIO COLOIDAL ANIDRO; 4,168 ;KG;;;
2704154;SEMI ACABADO;704154;COMPLEXO B COMP REV;2.500.000;600;010071;CELULOSE MIC (TIPO200); 293,650 ;KG;;;
3704154;SEMI ACABADO;704154;COMPLEXO B COMP REV;2.500.000;600;010174;COR ALUM LACA AMARELO CREPUSCULO 6; 2,430 ;KG;;;
4704154;SEMI ACABADO;704154;COMPLEXO B COMP REV;2.500.000;600;010184;COR ALUM LACA AZUL2; 0,605 ;KG;;;
5704154;SEMI ACABADO;704154;COMPLEXO B COMP REV;2.500.000;600;010228;DIOXIDO TITANIO; 2,430 ;KG;;;
6704154;SEMI ACABADO;704154;COMPLEXO B COMP REV;2.500.000;600;010311;ESTEARATO MAGNESIO; 18,750 ;KG;;;
7704154;SEMI ACABADO;704154;COMPLEXO B COMP REV;2.500.000;600;010511;NICOTINAMIDA; 50,000 ;KG;;;
8704154;SEMI ACABADO;704154;COMPLEXO B COMP REV;2.500.000;600;010681;VIT B1-TIAMINA MONONITRATO; 13,625 ;KG;;;
9704154;SEMI ACABADO;704154;COMPLEXO B COMP REV;2.500.000;600;010684;VIT B2-RIBOFLAVINABASE; 5,000 ;KG;;;
10704154;SEMI ACABADO;704154;COMPLEXO B COMP REV;2.500.000;600;010685;CLOR.PIRIDOXINA( VIT B6); 5,000 ;KG;;;
11704154;SEMI ACABADO;704154;COMPLEXO B COMP REV;2.500.000;600;010731;FOSF.CAL.DIB.(COMPDIRETA); 208,333 ;KG;;;
12704154;SEMI ACABADO;704154;COMPLEXO B COMP REV;2.500.000;600;010923;CROSCARMELOSE SODICA; 18,750 ;KG;;;
13704154;SEMI ACABADO;704154;COMPLEXO B COMP REV;2.500.000;600;011039;PANTOTENATO CALCIO(N); 7,725 ;KG;;;
14704154;SEMI ACABADO;704154;COMPLEXO B COMP REV;2.500.000;600;011668;ALCOOL POLIVINILICO+TALCO+PEG; 21,875 ;KG;;;
1704163;SEMI ACABADO;704163;TROMETAMOL CETOROL. 10MG COM SUBL;1.333.333;600;010553;CROSPOVIDONE; 8,000 ;KG;;;
2704163;SEMI ACABADO;704163;TROMETAMOL CETOROL. 10MG COM SUBL;1.333.333;600;010136;CICLAMATO SODIO; 1,000 ;KG;;;
3704163;SEMI ACABADO;704163;TROMETAMOL CETOROL. 10MG COM SUBL;1.333.333;600;010168;CMC SODICA; 0,667 ;KG;;;
4704163;SEMI ACABADO;704163;TROMETAMOL CETOROL. 10MG COM SUBL;1.333.333;600;010311;ESTEARATO MAGNESIO; 2,667 ;KG;;;
5704163;SEMI ACABADO;704163;TROMETAMOL CETOROL. 10MG COM SUBL;1.333.333;600;010501;CELULOSE MIC.(TIPO102); 15,000 ;KG;;;
6704163;SEMI ACABADO;704163;TROMETAMOL CETOROL. 10MG COM SUBL;1.333.333;600;010595;SORBITOL; 6,667 ;KG;;;
7704163;SEMI ACABADO;704163;TROMETAMOL CETOROL. 10MG COM SUBL;1.333.333;600;010739;LACTOSE (50/70); 47,000 ;KG;;;
8704163;SEMI ACABADO;704163;TROMETAMOL CETOROL. 10MG COM SUBL;1.333.333;600;011151;ACESULFAME-K; 1,000 ;KG;;;
9704163;SEMI ACABADO;704163;TROMETAMOL CETOROL. 10MG COM SUBL;1.333.333;600;011357;AROMA LIMAO NATURAL; 3,333 ;KG;;;
10704163;SEMI ACABADO;704163;TROMETAMOL CETOROL. 10MG COM SUBL;1.333.333;600;011569;TROMETAMOL CETOROLACO; 13,333 ;KG;;;
11704163;SEMI ACABADO;704163;TROMETAMOL CETOROL. 10MG COM SUBL;1.333.333;600;011639;DIOXIDO SILICIO (SYLOID 244FP); 1,333 ;KG;;;
1704224;SEMI ACABADO;704224;CLOR. NARATRIPTANA 2,5MG COM REV;4.200.000;600;010071;CELULOSE MIC (TIPO200); 42,840 ;KG;;;
2704224;SEMI ACABADO;704224;CLOR. NARATRIPTANA 2,5MG COM REV;4.200.000;600;010071;CELULOSE MIC (TIPO200); 42,840 ;KG;;;
3704224;SEMI ACABADO;704224;CLOR. NARATRIPTANA 2,5MG COM REV;4.200.000;600;010311;ESTEARATO MAGNESIO; 5,040 ;KG;;;
4704224;SEMI ACABADO;704224;CLOR. NARATRIPTANA 2,5MG COM REV;4.200.000;600;010739;LACTOSE (50/70); 134,400 ;KG;;;
5704224;SEMI ACABADO;704224;CLOR. NARATRIPTANA 2,5MG COM REV;4.200.000;600;010739;LACTOSE (50/70); 259,526 ;KG;;;
6704224;SEMI ACABADO;704224;CLOR. NARATRIPTANA 2,5MG COM REV;4.200.000;600;010923;CROSCARMELOSE SODICA; 7,594 ;KG;;;
7704224;SEMI ACABADO;704224;CLOR. NARATRIPTANA 2,5MG COM REV;4.200.000;600;011838;CLORIDRATO DE NARATRIPTANA; 11,760 ;KG;;;
8704224;SEMI ACABADO;704224;CLOR. NARATRIPTANA 2,5MG COM REV;4.200.000;600;301433;HPMC+PEG+DIOX TIT+OX FERRO AM+LACA AZUL2; 15,170 ;KG;;;
1704252;SEMI ACABADO;704252;DESLORATADINA 5MG COM REV;800.000;600;010041;DIOXIDO SILICIO COLOIDAL ANIDRO; 0,800 ;KG;;;
2704252;SEMI ACABADO;704252;DESLORATADINA 5MG COM REV;800.000;600;010953;TALCO; 0,800 ;KG;;;
3704252;SEMI ACABADO;704252;DESLORATADINA 5MG COM REV;800.000;600;011018;AMIDO DE MILHO PREGELATINIZADO; 4,000 ;KG;;;
4704252;SEMI ACABADO;704252;DESLORATADINA 5MG COM REV;800.000;600;011032;ALC.POL.+DIOX.TIT.+PEG+TALCO; 2,400 ;KG;;;
5704252;SEMI ACABADO;704252;DESLORATADINA 5MG COM REV;800.000;600;012173;DESLORATADINA (EP); 4,000 ;KG;;;
6704252;SEMI ACABADO;704252;DESLORATADINA 5MG COM REV;800.000;600;012351;ESTEARIL FUMARATO DE SODIO; 1,600 ;KG;;;
7704252;SEMI ACABADO;704252;DESLORATADINA 5MG COM REV;800.000;600;012459;CELULOSE MICROCRISTALINA (TIPO 302); 68,800 ;KG;;;
1704284;SEMI ACABADO;704284;CL.DE LISINA+CL.DE CICLO.125+5MGCOM REV;800.000;600;010553;CROSPOVIDONE; 1,840 ;KG;;;
2704284;SEMI ACABADO;704284;CL.DE LISINA+CL.DE CICLO.125+5MGCOM REV;800.000;600;010041;DIOXIDO SILICIO COLOIDAL ANIDRO; 2,760 ;KG;;;
3704284;SEMI ACABADO;704284;CL.DE LISINA+CL.DE CICLO.125+5MGCOM REV;800.000;600;010046;ALCOOL ETILICO; 7,695 ;KG;;;
4704284;SEMI ACABADO;704284;CL.DE LISINA+CL.DE CICLO.125+5MGCOM REV;800.000;600;010046;ALCOOL ETILICO; 9,315 ;KG;;;
5704284;SEMI ACABADO;704284;CL.DE LISINA+CL.DE CICLO.125+5MGCOM REV;800.000;600;010071;CELULOSE MIC (TIPO200); 24,432 ;KG;;;
6704284;SEMI ACABADO;704284;CL.DE LISINA+CL.DE CICLO.125+5MGCOM REV;800.000;600;010311;ESTEARATO MAGNESIO; 2,760 ;KG;;;
7704284;SEMI ACABADO;704284;CL.DE LISINA+CL.DE CICLO.125+5MGCOM REV;800.000;600;010501;CELULOSE MIC.(TIPO102); 18,400 ;KG;;;
8704284;SEMI ACABADO;704284;CL.DE LISINA+CL.DE CICLO.125+5MGCOM REV;800.000;600;010885;COR ALUM LACA AZUL1; 0,062 ;KG;;;
9704284;SEMI ACABADO;704284;CL.DE LISINA+CL.DE CICLO.125+5MGCOM REV;800.000;600;010964;POVIDONA K29-32; 2,208 ;KG;;;
10704284;SEMI ACABADO;704284;CL.DE LISINA+CL.DE CICLO.125+5MGCOM REV;800.000;600;011018;AMIDO DE MILHO PREGELATINIZADO; 9,200 ;KG;;;
11704284;SEMI ACABADO;704284;CL.DE LISINA+CL.DE CICLO.125+5MGCOM REV;800.000;600;011653;MANITOL CD(PAR TECK M2000 ART100419); 18,400 ;KG;;;
12704284;SEMI ACABADO;704284;CL.DE LISINA+CL.DE CICLO.125+5MGCOM REV;800.000;600;012059;HPMC + PEG + DIOXIDO TITANIO; 9,138 ;KG;;;
13704284;SEMI ACABADO;704284;CL.DE LISINA+CL.DE CICLO.125+5MGCOM REV;800.000;600;012192;CLORIDRATO DE CICLOBENZAPRINA; 4,000 ;KG;;;
14704284;SEMI ACABADO;704284;CL.DE LISINA+CL.DE CICLO.125+5MGCOM REV;800.000;600;016007;CLONIXINATO DE LISINA; 100,000 ;KG;;;
1704302;SEMI ACABADO;704302;LUT+ZEA+A+B2+C+E+CU+SE+ZN COM REV (ALIM);814.285;600;010041;DIOXIDO SILICIO COLOIDAL ANIDRO;5,70;KG;;;
2704302;SEMI ACABADO;704302;LUT+ZEA+A+B2+C+E+CU+SE+ZN COM REV (ALIM);814.285;600;010046;ALCOOL ETILICO;366,72;KG;;;
3704302;SEMI ACABADO;704302;LUT+ZEA+A+B2+C+E+CU+SE+ZN COM REV (ALIM);814.285;600;010071;CELULOSE MIC (TIPO200);155,74;KG;;;
4704302;SEMI ACABADO;704302;LUT+ZEA+A+B2+C+E+CU+SE+ZN COM REV (ALIM);814.285;600;010311;ESTEARATO MAGNESIO;5,70;KG;;;
5704302;SEMI ACABADO;704302;LUT+ZEA+A+B2+C+E+CU+SE+ZN COM REV (ALIM);814.285;600;010501;CELULOSE MIC.(TIPO102);123,77;KG;;;
6704302;SEMI ACABADO;704302;LUT+ZEA+A+B2+C+E+CU+SE+ZN COM REV (ALIM);814.285;600;010678;VIT A-ACETATO-PO 500000UI/G;3,26;KG;;;
7704302;SEMI ACABADO;704302;LUT+ZEA+A+B2+C+E+CU+SE+ZN COM REV (ALIM);814.285;600;010684;VIT B2-RIBOFLAVINABASE;1,06;KG;;;
8704302;SEMI ACABADO;704302;LUT+ZEA+A+B2+C+E+CU+SE+ZN COM REV (ALIM);814.285;600;010693;ACETATO DE DL-ALFA-TOCOFEROL 50%;24,27;KG;;;
9704302;SEMI ACABADO;704302;LUT+ZEA+A+B2+C+E+CU+SE+ZN COM REV (ALIM);814.285;600;010869;VITAMINA C 90% GRANULADO;40,71;KG;;;
10704302;SEMI ACABADO;704302;LUT+ZEA+A+B2+C+E+CU+SE+ZN COM REV (ALIM);814.285;600;010923;CROSCARMELOSE SODICA;11,40;KG;;;
11704302;SEMI ACABADO;704302;LUT+ZEA+A+B2+C+E+CU+SE+ZN COM REV (ALIM);814.285;600;015173;HPMC+D.TIT.+HPC+PEG;17,10;KG;;;
12704302;SEMI ACABADO;704302;LUT+ZEA+A+B2+C+E+CU+SE+ZN COM REV (ALIM);814.285;600;016351;OPADRY ORANGE 20B130004;17,10;KG;;;
13704302;SEMI ACABADO;704302;LUT+ZEA+A+B2+C+E+CU+SE+ZN COM REV (ALIM);814.285;600;016364;LUTEINA FLORAGLO LUTEIN5%CWS/S-TG (ALIM);162,86;KG;;;
14704302;SEMI ACABADO;704302;LUT+ZEA+A+B2+C+E+CU+SE+ZN COM REV (ALIM);814.285;600;016825;SELENITO DE SODIO (ALIM);5,54;KG;;;
15704302;SEMI ACABADO;704302;LUT+ZEA+A+B2+C+E+CU+SE+ZN COM REV (ALIM);814.285;600;016835;OXIDO DE COBRE (ALIM);0,92;KG;;;
16704302;SEMI ACABADO;704302;LUT+ZEA+A+B2+C+E+CU+SE+ZN COM REV (ALIM);814.285;600;019419;ZEAXANTINA NATURAL 5% (ALIM);21,99;KG;;;
17704302;SEMI ACABADO;704302;LUT+ZEA+A+B2+C+E+CU+SE+ZN COM REV (ALIM);814.285;600;300677;OXIDO ZINCO (GRAU FARMACEUTICO);7,09;KG;;;
1704303;SEMI ACABADO;704303;SUC DESVENLAFAXINA (C1) 50MG C R L P;910.000;600;010071;CELULOSE MIC (TIPO200); 9,036 ;KG;;;
2704303;SEMI ACABADO;704303;SUC DESVENLAFAXINA (C1) 50MG C R L P;910.000;600;010228;DIOXIDO TITANIO; 0,824 ;KG;;;
3704303;SEMI ACABADO;704303;SUC DESVENLAFAXINA (C1) 50MG C R L P;910.000;600;010953;TALCO; 8,008 ;KG;;;
4704303;SEMI ACABADO;704303;SUC DESVENLAFAXINA (C1) 50MG C R L P;910.000;600;011049;OXIDO DE FERRO VERM(USP REF.33.8075); 0,013 ;KG;;;
5704303;SEMI ACABADO;704303;SUC DESVENLAFAXINA (C1) 50MG C R L P;910.000;600;011610;HPMC (METHOCEL K100M-CR); 100,100 ;KG;;;
6704303;SEMI ACABADO;704303;SUC DESVENLAFAXINA (C1) 50MG C R L P;910.000;600;011668;ALCOOL POLIVINILICO+TALCO+PEG; 6,006 ;KG;;;
7704303;SEMI ACABADO;704303;SUC DESVENLAFAXINA (C1) 50MG C R L P;910.000;600;011687;POL AC ACRIL (CARBOPOL 71G); 10,010 ;KG;;;
8704303;SEMI ACABADO;704303;SUC DESVENLAFAXINA (C1) 50MG C R L P;910.000;600;012351;ESTEARIL FUMARATO DE SODIO; 4,004 ;KG;;;
9704303;SEMI ACABADO;704303;SUC DESVENLAFAXINA (C1) 50MG C R L P;910.000;600;015710;SUC. DESVENLAFAXINA MONOIDRATADO (C1); 69,042 ;KG;;;
1704304;SEMI ACABADO;704304;SUC. DESVENLAFAXINA (C1) 100MG C R L P;572.000;600;010071;CELULOSE MIC (TIPO200); 10,467 ;KG;;;
2704304;SEMI ACABADO;704304;SUC. DESVENLAFAXINA (C1) 100MG C R L P;572.000;600;010228;DIOXIDO TITANIO; 0,825 ;KG;;;
3704304;SEMI ACABADO;704304;SUC. DESVENLAFAXINA (C1) 100MG C R L P;572.000;600;010953;TALCO; 8,008 ;KG;;;
4704304;SEMI ACABADO;704304;SUC. DESVENLAFAXINA (C1) 100MG C R L P;572.000;600;011049;OXIDO DE FERRO VERM(USP REF.33.8075); 0,026 ;KG;;;
5704304;SEMI ACABADO;704304;SUC. DESVENLAFAXINA (C1) 100MG C R L P;572.000;600;011050;OXIDO FERRO AMARELO; 0,006 ;KG;;;
6704304;SEMI ACABADO;704304;SUC. DESVENLAFAXINA (C1) 100MG C R L P;572.000;600;011610;HPMC (METHOCEL K100M-CR); 82,329 ;KG;;;
7704304;SEMI ACABADO;704304;SUC. DESVENLAFAXINA (C1) 100MG C R L P;572.000;600;011668;ALCOOL POLIVINILICO+TALCO+PEG; 6,006 ;KG;;;
8704304;SEMI ACABADO;704304;SUC. DESVENLAFAXINA (C1) 100MG C R L P;572.000;600;011687;POL AC ACRIL (CARBOPOL 71G); 8,580 ;KG;;;
9704304;SEMI ACABADO;704304;SUC. DESVENLAFAXINA (C1) 100MG C R L P;572.000;600;012351;ESTEARIL FUMARATO DE SODIO; 4,004 ;KG;;;
10704304;SEMI ACABADO;704304;SUC. DESVENLAFAXINA (C1) 100MG C R L P;572.000;600;015710;SUC. DESVENLAFAXINA MONOIDRATADO (C1); 86,812 ;KG;;;
1704307;SEMI ACABADO;704307;ORLISTATE 120MG CAP DURA;1.600.000;600;011748;ORLISTAT; 192,000 ;KG;;;
2704307;SEMI ACABADO;704307;ORLISTATE 120MG CAP DURA;1.600.000;600;010501;CELULOSE MIC.(TIPO102); 196,800 ;KG;;;
3704307;SEMI ACABADO;704307;ORLISTATE 120MG CAP DURA;1.600.000;600;010964;POVIDONA K29-32; 25,600 ;KG;;;
4704307;SEMI ACABADO;704307;ORLISTATE 120MG CAP DURA;1.600.000;600;010469;LAURIL SULFATO SODIO (PO); 12,800 ;KG;;;
5704307;SEMI ACABADO;704307;ORLISTATE 120MG CAP DURA;1.600.000;600;010046;ALCOOL ETILICO; 58,320 ;KG;;;
6704307;SEMI ACABADO;704307;ORLISTATE 120MG CAP DURA;1.600.000;600;010331;GLICOLATO AMIDO SODICO; 27,200 ;KG;;;
7704307;SEMI ACABADO;704307;ORLISTATE 120MG CAP DURA;1.600.000;600;010953;TALCO; 25,600 ;KG;;;
8704307;SEMI ACABADO;704307;ORLISTATE 120MG CAP DURA;1.600.000;600;010887;CAPS 0 BCO/AZUL ROYAL; 1.600.000,000 ;UN;;;
1704317;SEMI ACABADO;704317;DIPIRONA 500MG COM;900.000;600;011691;DIPIRONA SODICA CD90;484,914;KG;;;
2704317;SEMI ACABADO;704317;DIPIRONA 500MG COM;900.000;600;010041;DIOXIDO SILICIO COLOIDAL ANIDRO;2,808;KG;;;
3704317;SEMI ACABADO;704317;DIPIRONA 500MG COM;900.000;600;010501;CELULOSE MIC.(TIPO102);17,871;KG;;;
4704317;SEMI ACABADO;704317;DIPIRONA 500MG COM;900.000;600;010553;CROSPOVIDONE;26,847;KG;;;
5704317;SEMI ACABADO;704317;DIPIRONA 500MG COM;900.000;600;010311;ESTEARATO MAGNESIO;4,5;KG;;;
1704351;SEMI ACABADO;704351;CLORIDRATO DE PIOGLITAZONA 30MG COM;1.000.000;600;012234;CLOR.PIOGLITAZONA;33,069;KG;;;
2704351;SEMI ACABADO;704351;CLORIDRATO DE PIOGLITAZONA 30MG COM;1.000.000;600;010923;CROSCARMELOSE SODICA;12;KG;;;
3704351;SEMI ACABADO;704351;CLORIDRATO DE PIOGLITAZONA 30MG COM;1.000.000;600;010859;LACTOSE (200);68,451;KG;;;
4704351;SEMI ACABADO;704351;CLORIDRATO DE PIOGLITAZONA 30MG COM;1.000.000;600;011726;HIDROXIPROPILCELULOSE EF;4,2;KG;;;
5704351;SEMI ACABADO;704351;CLORIDRATO DE PIOGLITAZONA 30MG COM;1.000.000;600;010331;GLICOLATO AMIDO SODICO; 1,800 ;KG;;;
6704351;SEMI ACABADO;704351;CLORIDRATO DE PIOGLITAZONA 30MG COM;1.000.000;600;010311;ESTEARATO MAGNESIO; 0,480 ;KG;;;
1704352;SEMI ACABADO;704352;CLORIDRATO DE PIOGLITAZONA 45MG COM;250.000;600;012234;CLOR.PIOGLITAZONA; 12,401 ;KG;;;
2704352;SEMI ACABADO;704352;CLORIDRATO DE PIOGLITAZONA 45MG COM;250.000;600;010923;CROSCARMELOSE SODICA; 4,500 ;KG;;;
3704352;SEMI ACABADO;704352;CLORIDRATO DE PIOGLITAZONA 45MG COM;250.000;600;010859;LACTOSE (200); 25,669 ;KG;;;
4704352;SEMI ACABADO;704352;CLORIDRATO DE PIOGLITAZONA 45MG COM;250.000;600;011726;HIDROXIPROPILCELULOSE EF; 1,575 ;KG;;;
5704352;SEMI ACABADO;704352;CLORIDRATO DE PIOGLITAZONA 45MG COM;250.000;600;010331;GLICOLATO AMIDO SODICO; 0,675 ;KG;;;
6704352;SEMI ACABADO;704352;CLORIDRATO DE PIOGLITAZONA 45MG COM;250.000;600;010311;ESTEARATO MAGNESIO; 0,180 ;KG;;;
1704380;SEMI ACABADO;704380;HEMITARTARATO ZOLPIDEM (B1) 10MG COM REV;1.250.000;600;011875;HEMITARTARATO DE ZOLPIDEM (B1)**; 12,500 ;KG;;;
2704380;SEMI ACABADO;704380;HEMITARTARATO ZOLPIDEM (B1) 10MG COM REV;1.250.000;600;010331;GLICOLATO AMIDO SODICO; 1,500 ;KG;;;
3704380;SEMI ACABADO;704380;HEMITARTARATO ZOLPIDEM (B1) 10MG COM REV;1.250.000;600;010739;LACTOSE (50/70); 87,124 ;KG;;;
4704380;SEMI ACABADO;704380;HEMITARTARATO ZOLPIDEM (B1) 10MG COM REV;1.250.000;600;010041;DIOXIDO SILICIO COLOIDAL ANIDRO; 2,250 ;KG;;;
5704380;SEMI ACABADO;704380;HEMITARTARATO ZOLPIDEM (B1) 10MG COM REV;1.250.000;600;010501;CELULOSE MIC.(TIPO102); 45,000 ;KG;;;
6704380;SEMI ACABADO;704380;HEMITARTARATO ZOLPIDEM (B1) 10MG COM REV;1.250.000;600;010311;ESTEARATO MAGNESIO; 1,626 ;KG;;;
7704380;SEMI ACABADO;704380;HEMITARTARATO ZOLPIDEM (B1) 10MG COM REV;1.250.000;600;010979;HPMC+PEG; 3,825 ;KG;;;
8704380;SEMI ACABADO;704380;HEMITARTARATO ZOLPIDEM (B1) 10MG COM REV;1.250.000;600;010228;DIOXIDO TITANIO; 0,675 ;KG;;;
1704389;SEMI ACABADO;704389;LORATADINA 10MG COMPRIMIDO;1.000.000;600;010071;CELULOSE MIC (TIPO200); 10,300 ;KG;;;
2704389;SEMI ACABADO;704389;LORATADINA 10MG COMPRIMIDO;1.000.000;600;010739;LACTOSE (50/70); 86,000 ;KG;;;
3704389;SEMI ACABADO;704389;LORATADINA 10MG COMPRIMIDO;1.000.000;600;301404;LORATADINA(MICRONIZADA); 10,000 ;KG;;;
4704389;SEMI ACABADO;704389;LORATADINA 10MG COMPRIMIDO;1.000.000;600;010071;CELULOSE MIC (TIPO200); 10,300 ;KG;;;
5704389;SEMI ACABADO;704389;LORATADINA 10MG COMPRIMIDO;1.000.000;600;010041;DIOXIDO SILICIO COLOIDAL ANIDRO; 1,700 ;KG;;;
6704389;SEMI ACABADO;704389;LORATADINA 10MG COMPRIMIDO;1.000.000;600;010739;LACTOSE (50/70); 50,000 ;KG;;;
7704389;SEMI ACABADO;704389;LORATADINA 10MG COMPRIMIDO;1.000.000;600;010311;ESTEARATO MAGNESIO; 1,700 ;KG;;;
1704411;SEMI ACABADO;704411;HEMIT. DE ZOLPIDEM (B1) 5MG COM SL;2.500.000;600;011875;HEMITARTARATO DE ZOLPIDEM (B1)**; 12,500 ;KG;;;
2704411;SEMI ACABADO;704411;HEMIT. DE ZOLPIDEM (B1) 5MG COM SL;2.500.000;600;010739;LACTOSE (50/70); 46,875 ;KG;;;
3704411;SEMI ACABADO;704411;HEMIT. DE ZOLPIDEM (B1) 5MG COM SL;2.500.000;600;010575;SACARINA SODICA; 10,000 ;KG;;;
4704411;SEMI ACABADO;704411;HEMIT. DE ZOLPIDEM (B1) 5MG COM SL;2.500.000;600;011879;NEOHESPERIDINA; 3,750 ;KG;;;
5704411;SEMI ACABADO;704411;HEMIT. DE ZOLPIDEM (B1) 5MG COM SL;2.500.000;600;013399;AROMA ARTIFICIAL CEREJA (53945); 4,375 ;KG;;;
6704411;SEMI ACABADO;704411;HEMIT. DE ZOLPIDEM (B1) 5MG COM SL;2.500.000;600;013400;AROMA ID. NAT. MENTA HERBAL (HP7203); 3,750 ;KG;;;
7704411;SEMI ACABADO;704411;HEMIT. DE ZOLPIDEM (B1) 5MG COM SL;2.500.000;600;010739;LACTOSE (50/70); 100,000 ;KG;;;
8704411;SEMI ACABADO;704411;HEMIT. DE ZOLPIDEM (B1) 5MG COM SL;2.500.000;600;013381;CROSPOVIDONE NF; 20,000 ;KG;;;
9704411;SEMI ACABADO;704411;HEMIT. DE ZOLPIDEM (B1) 5MG COM SL;2.500.000;600;011688;GLICIRRICINATO DE AMONIO; 1,250 ;KG;;;
10704411;SEMI ACABADO;704411;HEMIT. DE ZOLPIDEM (B1) 5MG COM SL;2.500.000;600;010041;DIOXIDO SILICIO COLOIDAL ANIDRO; 3,750 ;KG;;;
11704411;SEMI ACABADO;704411;HEMIT. DE ZOLPIDEM (B1) 5MG COM SL;2.500.000;600;010501;CELULOSE MIC.(TIPO102); 37,500 ;KG;;;
12704411;SEMI ACABADO;704411;HEMIT. DE ZOLPIDEM (B1) 5MG COM SL;2.500.000;600;012351;ESTEARIL FUMARATO DE SODIO; 6,250 ;KG;;;
1704424;SEMI ACABADO;704424;CLOR.PROPRANOLOL+HIDROC.40/25MG COMP;900.000;600;010739;LACTOSE (50/70); 88,500 ;KG;;;
2704424;SEMI ACABADO;704424;CLOR.PROPRANOLOL+HIDROC.40/25MG COMP;900.000;600;011395;CLOR.PROPRANOLOL; 36,000 ;KG;;;
3704424;SEMI ACABADO;704424;CLOR.PROPRANOLOL+HIDROC.40/25MG COMP;900.000;600;011377;HIDROCLOROTIAZIDA; 22,500 ;KG;;;
4704424;SEMI ACABADO;704424;CLOR.PROPRANOLOL+HIDROC.40/25MG COMP;900.000;600;010501;CELULOSE MIC.(TIPO102); 7,876 ;KG;;;
5704424;SEMI ACABADO;704424;CLOR.PROPRANOLOL+HIDROC.40/25MG COMP;900.000;600;010041;DIOXIDO SILICIO COLOIDAL ANIDRO; 0,900 ;KG;;;
6704424;SEMI ACABADO;704424;CLOR.PROPRANOLOL+HIDROC.40/25MG COMP;900.000;600;010877;ACIDO ESTEARICO VEGETAL(MICRONIZADO); 1,800 ;KG;;;
7704424;SEMI ACABADO;704424;CLOR.PROPRANOLOL+HIDROC.40/25MG COMP;900.000;600;010501;CELULOSE MIC.(TIPO102); 30,000 ;KG;;;
8704424;SEMI ACABADO;704424;CLOR.PROPRANOLOL+HIDROC.40/25MG COMP;900.000;600;010311;ESTEARATO MAGNESIO; 1,425 ;KG;;;
1704425;SEMI ACABADO;704425;CLOR.PROPRANOLOL+HIDROC.80/25MG COMP;400.000;600;010739;LACTOSE (50/70); 47,872 ;KG;;;
2704425;SEMI ACABADO;704425;CLOR.PROPRANOLOL+HIDROC.80/25MG COMP;400.000;600;011395;CLOR.PROPRANOLOL; 32,000 ;KG;;;
3704425;SEMI ACABADO;704425;CLOR.PROPRANOLOL+HIDROC.80/25MG COMP;400.000;600;010739;LACTOSE (50/70); 22,400 ;KG;;;
4704425;SEMI ACABADO;704425;CLOR.PROPRANOLOL+HIDROC.80/25MG COMP;400.000;600;011377;HIDROCLOROTIAZIDA; 10,000 ;KG;;;
5704425;SEMI ACABADO;704425;CLOR.PROPRANOLOL+HIDROC.80/25MG COMP;400.000;600;010877;ACIDO ESTEARICO VEGETAL(MICRONIZADO); 1,920 ;KG;;;
6704425;SEMI ACABADO;704425;CLOR.PROPRANOLOL+HIDROC.80/25MG COMP;400.000;600;010501;CELULOSE MIC.(TIPO102); 12,851 ;KG;;;
7704425;SEMI ACABADO;704425;CLOR.PROPRANOLOL+HIDROC.80/25MG COMP;400.000;600;010311;ESTEARATO MAGNESIO; 0,960 ;KG;;;
1750005;SEMI ACABADO;750005;GLICINATO FERRICO 500 MG COM REV;300.000;600;010174;COR ALUM LACA AMARELO CREPUSCULO 6; 1,341 ;KG;;;
2750005;SEMI ACABADO;750005;GLICINATO FERRICO 500 MG COM REV;300.000;600;010228;DIOXIDO TITANIO; 2,880 ;KG;;;
3750005;SEMI ACABADO;750005;GLICINATO FERRICO 500 MG COM REV;300.000;600;010311;ESTEARATO MAGNESIO; 7,560 ;KG;;;
4750005;SEMI ACABADO;750005;GLICINATO FERRICO 500 MG COM REV;300.000;600;010923;CROSCARMELOSE SODICA; 13,440 ;KG;;;
5750005;SEMI ACABADO;750005;GLICINATO FERRICO 500 MG COM REV;300.000;600;011049;OXIDO DE FERRO VERM(USP REF.33.8075); 0,675 ;KG;;;
6750005;SEMI ACABADO;750005;GLICINATO FERRICO 500 MG COM REV;300.000;600;011117;BISGLICINATO FERROSO 20%; 150,000 ;KG;;;
7750005;SEMI ACABADO;750005;GLICINATO FERRICO 500 MG COM REV;300.000;600;011664;CELULOSE+LACTOSE; 249,000 ;KG;;;
8750005;SEMI ACABADO;750005;GLICINATO FERRICO 500 MG COM REV;300.000;600;011668;ALCOOL POLIVINILICO+TALCO+PEG; 14,700 ;KG;;;
1750012;SEMI ACABADO;750012;NIMESULIDA 100MG COMP;1.500.000;600;010046;ALCOOL ETILICO; 132,030 ;KG;;;
2750012;SEMI ACABADO;750012;NIMESULIDA 100MG COMP;1.500.000;600;010071;CELULOSE MIC (TIPO200); 150,000 ;KG;;;
3750012;SEMI ACABADO;750012;NIMESULIDA 100MG COMP;1.500.000;600;010311;ESTEARATO MAGNESIO; 3,750 ;KG;;;
4750012;SEMI ACABADO;750012;NIMESULIDA 100MG COMP;1.500.000;600;010469;LAURIL SULFATO SODIO (PO); 11,250 ;KG;;;
5750012;SEMI ACABADO;750012;NIMESULIDA 100MG COMP;1.500.000;600;010739;LACTOSE (50/70); 225,000 ;KG;;;
6750012;SEMI ACABADO;750012;NIMESULIDA 100MG COMP;1.500.000;600;010923;CROSCARMELOSE SODICA; 52,500 ;KG;;;
7750012;SEMI ACABADO;750012;NIMESULIDA 100MG COMP;1.500.000;600;010964;POVIDONA K29-32; 12,000 ;KG;;;
8750012;SEMI ACABADO;750012;NIMESULIDA 100MG COMP;1.500.000;600;010975;NIMESULIDA(MICRONIZADA); 150,000 ;KG;;;
1750063;SEMI ACABADO;750063;FANCICLOVIR 125MG COM REV ;500.000;600;010046;ALCOOL ETILICO; 36,450 ;KG;;;
2750063;SEMI ACABADO;750063;FANCICLOVIR 125MG COM REV ;500.000;600;010228;DIOXIDO TITANIO; 2,000 ;KG;;;
3750063;SEMI ACABADO;750063;FANCICLOVIR 125MG COM REV ;500.000;600;010311;ESTEARATO MAGNESIO; 2,000 ;KG;;;
4750063;SEMI ACABADO;750063;FANCICLOVIR 125MG COM REV ;500.000;600;010720;CLORETO METILENO (D2)**; 45,000 ;KG;;;
5750063;SEMI ACABADO;750063;FANCICLOVIR 125MG COM REV ;500.000;600;010739;LACTOSE (50/70); 18,000 ;KG;;;
6750063;SEMI ACABADO;750063;FANCICLOVIR 125MG COM REV ;500.000;600;010923;CROSCARMELOSE SODICA; 5,000 ;KG;;;
7750063;SEMI ACABADO;750063;FANCICLOVIR 125MG COM REV ;500.000;600;010978;ETILCELULOSE 10 CPS(ETHOCEL 10 CPS); 1,500 ;KG;;;
8750063;SEMI ACABADO;750063;FANCICLOVIR 125MG COM REV ;500.000;600;010979;HPMC+PEG; 4,300 ;KG;;;
9750063;SEMI ACABADO;750063;FANCICLOVIR 125MG COM REV ;500.000;600;011018;AMIDO DE MILHO PREGELATINIZADO; 10,000 ;KG;;;
10750063;SEMI ACABADO;750063;FANCICLOVIR 125MG COM REV ;500.000;600;011055;FANCICLOVIR; 65,000 ;KG;;;
1750064;SEMI ACABADO;750064;AZITROMICINA 500MG COMP REV;300.000;600;010056;AMIDO; 10,000 ;KG;;;
2750064;SEMI ACABADO;750064;AZITROMICINA 500MG COMP REV;300.000;600;010046;ALCOOL ETILICO; 53,460 ;KG;;;
3750064;SEMI ACABADO;750064;AZITROMICINA 500MG COMP REV;300.000;600;010071;CELULOSE MIC (TIPO200); 40,000 ;KG;;;
4750064;SEMI ACABADO;750064;AZITROMICINA 500MG COMP REV;300.000;600;010228;DIOXIDO TITANIO; 2,700 ;KG;;;
5750064;SEMI ACABADO;750064;AZITROMICINA 500MG COMP REV;300.000;600;010311;ESTEARATO MAGNESIO; 6,000 ;KG;;;
6750064;SEMI ACABADO;750064;AZITROMICINA 500MG COMP REV;300.000;600;010328;OLEO VEGETAL HIDROGENADO (LUBRITAB); 15,000 ;KG;;;
7750064;SEMI ACABADO;750064;AZITROMICINA 500MG COMP REV;300.000;600;010720;CLORETO METILENO (D2)**; 66,000 ;KG;;;
8750064;SEMI ACABADO;750064;AZITROMICINA 500MG COMP REV;300.000;600;010731;FOSF.CAL.DIB.(COMPDIRETA); 61,500 ;KG;;;
9750064;SEMI ACABADO;750064;AZITROMICINA 500MG COMP REV;300.000;600;010923;CROSCARMELOSE SODICA; 10,000 ;KG;;;
10750064;SEMI ACABADO;750064;AZITROMICINA 500MG COMP REV;300.000;600;010978;ETILCELULOSE 10 CPS(ETHOCEL 10 CPS); 2,400 ;KG;;;
11750064;SEMI ACABADO;750064;AZITROMICINA 500MG COMP REV;300.000;600;010979;HPMC+PEG; 6,600 ;KG;;;
12750064;SEMI ACABADO;750064;AZITROMICINA 500MG COMP REV;300.000;600;301766;AZITROMICINA DIHIDRATADA; 157,500 ;KG;;;
1750065;SEMI ACABADO;750065;FANCICLOVIR 500MG COM REV;100.000;600;010046;ALCOOL ETILICO; 14,580 ;KG;;;
2750065;SEMI ACABADO;750065;FANCICLOVIR 500MG COM REV;100.000;600;010228;DIOXIDO TITANIO; 0,800 ;KG;;;
3750065;SEMI ACABADO;750065;FANCICLOVIR 500MG COM REV;100.000;600;010311;ESTEARATO MAGNESIO; 2,000 ;KG;;;
4750065;SEMI ACABADO;750065;FANCICLOVIR 500MG COM REV;100.000;600;010720;CLORETO METILENO (D2)**; 18,000 ;KG;;;
5750065;SEMI ACABADO;750065;FANCICLOVIR 500MG COM REV;100.000;600;010739;LACTOSE (50/70); 28,800 ;KG;;;
6750065;SEMI ACABADO;750065;FANCICLOVIR 500MG COM REV;100.000;600;010923;CROSCARMELOSE SODICA; 7,200 ;KG;;;
7750065;SEMI ACABADO;750065;FANCICLOVIR 500MG COM REV;100.000;600;010978;ETILCELULOSE 10 CPS(ETHOCEL 10 CPS); 0,600 ;KG;;;
8750065;SEMI ACABADO;750065;FANCICLOVIR 500MG COM REV;100.000;600;010979;HPMC+PEG; 1,700 ;KG;;;
9750065;SEMI ACABADO;750065;FANCICLOVIR 500MG COM REV;100.000;600;011018;AMIDO DE MILHO PREGELATINIZADO; 10,000 ;KG;;;
10750065;SEMI ACABADO;750065;FANCICLOVIR 500MG COM REV;100.000;600;011055;FANCICLOVIR; 52,000 ;KG;;;
1750066;SEMI ACABADO;750066;AZITROMICINA 1000MG COMP REV;50.000;600;010046;ALCOOL ETILICO; 4,050 ;KG;;;
2750066;SEMI ACABADO;750066;AZITROMICINA 1000MG COMP REV;50.000;600;010046;ALCOOL ETILICO; 9,315 ;KG;;;
3750066;SEMI ACABADO;750066;AZITROMICINA 1000MG COMP REV;50.000;600;010056;AMIDO; 5,000 ;KG;;;
4750066;SEMI ACABADO;750066;AZITROMICINA 1000MG COMP REV;50.000;600;010071;CELULOSE MIC (TIPO200); 4,000 ;KG;;;
5750066;SEMI ACABADO;750066;AZITROMICINA 1000MG COMP REV;50.000;600;010228;DIOXIDO TITANIO; 0,670 ;KG;;;
6750066;SEMI ACABADO;750066;AZITROMICINA 1000MG COMP REV;50.000;600;010311;ESTEARATO MAGNESIO; 1,600 ;KG;;;
7750066;SEMI ACABADO;750066;AZITROMICINA 1000MG COMP REV;50.000;600;010328;OLEO VEGETAL HIDROGENADO (LUBRITAB); 2,500 ;KG;;;
8750066;SEMI ACABADO;750066;AZITROMICINA 1000MG COMP REV;50.000;600;010469;LAURIL SULFATO SODIO (PO); 0,800 ;KG;;;
9750066;SEMI ACABADO;750066;AZITROMICINA 1000MG COMP REV;50.000;600;010720;CLORETO METILENO (D2)**; 16,500 ;KG;;;
10750066;SEMI ACABADO;750066;AZITROMICINA 1000MG COMP REV;50.000;600;010731;FOSF.CAL.DIB.(COMPDIRETA); 12,900 ;KG;;;
11750066;SEMI ACABADO;750066;AZITROMICINA 1000MG COMP REV;50.000;600;010855;AZITROMICINA DIHIDRATADA; 50,000 ;KG;;;
12750066;SEMI ACABADO;750066;AZITROMICINA 1000MG COMP REV;50.000;600;010923;CROSCARMELOSE SODICA; 1,600 ;KG;;;
13750066;SEMI ACABADO;750066;AZITROMICINA 1000MG COMP REV;50.000;600;010923;CROSCARMELOSE SODICA; 1,600 ;KG;;;
14750066;SEMI ACABADO;750066;AZITROMICINA 1000MG COMP REV;50.000;600;010978;ETILCELULOSE 10 CPS(ETHOCEL 10 CPS); 1,200 ;KG;;;
15750066;SEMI ACABADO;750066;AZITROMICINA 1000MG COMP REV;50.000;600;010979;HPMC+PEG; 2,400 ;KG;;;
1760007;SEMI ACABADO;760007;DINITRATO ISOSSORBIDA SL 5MG COMP;3.200.000;600;010056;AMIDO; 6,700 ;KG;;;
2760007;SEMI ACABADO;760007;DINITRATO ISOSSORBIDA SL 5MG COMP;3.200.000;600;010056;AMIDO; 0,600 ;KG;;;
3760007;SEMI ACABADO;760007;DINITRATO ISOSSORBIDA SL 5MG COMP;3.200.000;600;010199;COR ALUM LACA VERMELHO 40; 0,012 ;KG;;;
4760007;SEMI ACABADO;760007;DINITRATO ISOSSORBIDA SL 5MG COMP;3.200.000;600;010311;ESTEARATO MAGNESIO; 0,230 ;KG;;;
5760007;SEMI ACABADO;760007;DINITRATO ISOSSORBIDA SL 5MG COMP;3.200.000;600;010923;CROSCARMELOSE SODICA; 2,300 ;KG;;;
6760007;SEMI ACABADO;760007;DINITRATO ISOSSORBIDA SL 5MG COMP;3.200.000;600;011020;CELULOSE MIC(TIPO 101); 10,000 ;KG;;;
7760007;SEMI ACABADO;760007;DINITRATO ISOSSORBIDA SL 5MG COMP;3.200.000;600;011020;CELULOSE MIC(TIPO 101); 10,000 ;KG;;;
8760007;SEMI ACABADO;760007;DINITRATO ISOSSORBIDA SL 5MG COMP;3.200.000;600;011020;CELULOSE MIC(TIPO 101); 14,558 ;KG;;;
9760007;SEMI ACABADO;760007;DINITRATO ISOSSORBIDA SL 5MG COMP;3.200.000;600;011393;DINITRATO ISOSSORBIDA 25%/LACTOSEUSP; 20,000 ;KG;;;
10760007;SEMI ACABADO;760007;DINITRATO ISOSSORBIDA SL 5MG COMP;3.200.000;600;011393;DINITRATO ISOSSORBIDA 25%/LACTOSEUSP; 20,000 ;KG;;;
11760007;SEMI ACABADO;760007;DINITRATO ISOSSORBIDA SL 5MG COMP;3.200.000;600;011393;DINITRATO ISOSSORBIDA 25%/LACTOSEUSP; 24,000 ;KG;;;
12760007;SEMI ACABADO;760007;DINITRATO ISOSSORBIDA SL 5MG COMP;3.200.000;600;011396;LACTOSE (HIDRATADA, PO); 6,816 ;KG;;;
1760008;SEMI ACABADO;760008;CLOR.PROPRANOLOL 10MG COMP;3.157.894;600;010041;DIOXIDO SILICIO COLOIDAL ANIDRO; 1,500 ;KG;;;
2760008;SEMI ACABADO;760008;CLOR.PROPRANOLOL 10MG COMP;3.157.894;600;010311;ESTEARATO MAGNESIO; 2,250 ;KG;;;
3760008;SEMI ACABADO;760008;CLOR.PROPRANOLOL 10MG COMP;3.157.894;600;010501;CELULOSE MIC.(TIPO102); 45,000 ;KG;;;
4760008;SEMI ACABADO;760008;CLOR.PROPRANOLOL 10MG COMP;3.157.894;600;010739;LACTOSE (50/70); 216,750 ;KG;;;
5760008;SEMI ACABADO;760008;CLOR.PROPRANOLOL 10MG COMP;3.157.894;600;010877;ACIDO ESTEARICO VEGETAL(MICRONIZADO); 3,000 ;KG;;;
6760008;SEMI ACABADO;760008;CLOR.PROPRANOLOL 10MG COMP;3.157.894;600;011395;CLOR.PROPRANOLOL; 31,579 ;KG;;;
1760009;SEMI ACABADO;760009;CLOR.PROPRANOLOL 40MG COMP;3.000.000;600;010041;DIOXIDO SILICIO COLOIDAL ANIDRO; 3,000 ;KG;;;
2760009;SEMI ACABADO;760009;CLOR.PROPRANOLOL 40MG COMP;3.000.000;600;010311;ESTEARATO MAGNESIO; 4,500 ;KG;;;
3760009;SEMI ACABADO;760009;CLOR.PROPRANOLOL 40MG COMP;3.000.000;600;010501;CELULOSE MIC.(TIPO102); 90,000 ;KG;;;
4760009;SEMI ACABADO;760009;CLOR.PROPRANOLOL 40MG COMP;3.000.000;600;010739;LACTOSE (50/70); 376,500 ;KG;;;
5760009;SEMI ACABADO;760009;CLOR.PROPRANOLOL 40MG COMP;3.000.000;600;010877;ACIDO ESTEARICO VEGETAL(MICRONIZADO); 6,000 ;KG;;;
6760009;SEMI ACABADO;760009;CLOR.PROPRANOLOL 40MG COMP;3.000.000;600;011395;CLOR.PROPRANOLOL; 120,000 ;KG;;;
1760010;SEMI ACABADO;760010;CLOR.PROPRANOLOL 80MG COMP;450.000;600;010041;DIOXIDO SILICIO COLOIDAL ANIDRO; 0,630 ;KG;;;
2760010;SEMI ACABADO;760010;CLOR.PROPRANOLOL 80MG COMP;450.000;600;010501;CELULOSE MIC.(TIPO102); 18,900 ;KG;;;
3760010;SEMI ACABADO;760010;CLOR.PROPRANOLOL 80MG COMP;450.000;600;010739;LACTOSE (50/70); 1,300 ;KG;;;
4760010;SEMI ACABADO;760010;CLOR.PROPRANOLOL 80MG COMP;450.000;600;010739;LACTOSE (50/70); 67,000 ;KG;;;
5760010;SEMI ACABADO;760010;CLOR.PROPRANOLOL 80MG COMP;450.000;600;010877;ACIDO ESTEARICO VEGETAL(MICRONIZADO); 1,260 ;KG;;;
6760010;SEMI ACABADO;760010;CLOR.PROPRANOLOL 80MG COMP;450.000;600;011395;CLOR.PROPRANOLOL; 36,000 ;KG;;;
1760012;SEMI ACABADO;760012;CLOR.PROPRANOLOL+HIDROC.40/25MG COMP;3.000.000;600;010041;DIOXIDO SILICIO COLOIDAL ANIDRO; 3,000 ;KG;;;
2760012;SEMI ACABADO;760012;CLOR.PROPRANOLOL+HIDROC.40/25MG COMP;3.000.000;600;010311;ESTEARATO MAGNESIO; 4,750 ;KG;;;
3760012;SEMI ACABADO;760012;CLOR.PROPRANOLOL+HIDROC.40/25MG COMP;3.000.000;600;010501;CELULOSE MIC.(TIPO102); 26,000 ;KG;;;
4760012;SEMI ACABADO;760012;CLOR.PROPRANOLOL+HIDROC.40/25MG COMP;3.000.000;600;010501;CELULOSE MIC.(TIPO102); 100,000 ;KG;;;
5760012;SEMI ACABADO;760012;CLOR.PROPRANOLOL+HIDROC.40/25MG COMP;3.000.000;600;010739;LACTOSE (50/70); 5,000 ;KG;;;
6760012;SEMI ACABADO;760012;CLOR.PROPRANOLOL+HIDROC.40/25MG COMP;3.000.000;600;010739;LACTOSE (50/70); 290,000 ;KG;;;
7760012;SEMI ACABADO;760012;CLOR.PROPRANOLOL+HIDROC.40/25MG COMP;3.000.000;600;010877;ACIDO ESTEARICO VEGETAL(MICRONIZADO); 6,000 ;KG;;;
8760012;SEMI ACABADO;760012;CLOR.PROPRANOLOL+HIDROC.40/25MG COMP;3.000.000;600;011050;OXIDO FERRO AMARELO; 0,252 ;KG;;;
9760012;SEMI ACABADO;760012;CLOR.PROPRANOLOL+HIDROC.40/25MG COMP;3.000.000;600;011377;HIDROCLOROTIAZIDA; 75,000 ;KG;;;
10760012;SEMI ACABADO;760012;CLOR.PROPRANOLOL+HIDROC.40/25MG COMP;3.000.000;600;011395;CLOR.PROPRANOLOL; 120,000 ;KG;;;
1760013;SEMI ACABADO;760013;CLOR.PROPRANOLOL+HIDROC.80/25MG COMP;1.875.000;600;010311;ESTEARATO MAGNESIO; 4,500 ;KG;;;
2760013;SEMI ACABADO;760013;CLOR.PROPRANOLOL+HIDROC.80/25MG COMP;1.875.000;600;010501;CELULOSE MIC.(TIPO102); 60,000 ;KG;;;
3760013;SEMI ACABADO;760013;CLOR.PROPRANOLOL+HIDROC.80/25MG COMP;1.875.000;600;010739;LACTOSE (50/70); 329,400 ;KG;;;
4760013;SEMI ACABADO;760013;CLOR.PROPRANOLOL+HIDROC.80/25MG COMP;1.875.000;600;010877;ACIDO ESTEARICO VEGETAL(MICRONIZADO); 9,000 ;KG;;;
5760013;SEMI ACABADO;760013;CLOR.PROPRANOLOL+HIDROC.80/25MG COMP;1.875.000;600;011050;OXIDO FERRO AMARELO; 0,240 ;KG;;;
6760013;SEMI ACABADO;760013;CLOR.PROPRANOLOL+HIDROC.80/25MG COMP;1.875.000;600;011377;HIDROCLOROTIAZIDA; 46,875 ;KG;;;
7760013;SEMI ACABADO;760013;CLOR.PROPRANOLOL+HIDROC.80/25MG COMP;1.875.000;600;011395;CLOR.PROPRANOLOL; 150,000 ;KG;;;
1704485;SEMI ACABADO;704485;CLOR. BUPROPIONA (C1) 150MG COM REV;1.500.000;600;011056;CLOR.CISTEINA; 11,250 ;KG;;;
2704485;SEMI ACABADO;704485;CLOR. BUPROPIONA (C1) 150MG COM REV;1.500.000;600;011851;CLORIDRATO BUPROPIONA(C1)**; 225,000 ;KG;;;
3704485;SEMI ACABADO;704485;CLOR. BUPROPIONA (C1) 150MG COM REV;1.500.000;600;010501;CELULOSE MIC.(TIPO102); 300,750 ;KG;;;
4704485;SEMI ACABADO;704485;CLOR. BUPROPIONA (C1) 150MG COM REV;1.500.000;600;012286;HPMC (METHOCEL K15M-CR); 48,000 ;KG;;;
5704485;SEMI ACABADO;704485;CLOR. BUPROPIONA (C1) 150MG COM REV;1.500.000;600;010041;DIOXIDO SILICIO COLOIDAL ANIDRO; 6,000 ;KG;;;
6704485;SEMI ACABADO;704485;CLOR. BUPROPIONA (C1) 150MG COM REV;1.500.000;600;010311;ESTEARATO MAGNESIO; 9,000 ;KG;;;
7704485;SEMI ACABADO;704485;CLOR. BUPROPIONA (C1) 150MG COM REV;1.500.000;600;010046;ALCOOL ETILICO; 85,050 ;KG;;;
8704485;SEMI ACABADO;704485;CLOR. BUPROPIONA (C1) 150MG COM REV;1.500.000;600;012059;HPMC + PEG + DIOXIDO TITANIO; 18,105 ;KG;;;
9704485;SEMI ACABADO;704485;CLOR. BUPROPIONA (C1) 150MG COM REV;1.500.000;600;010885;COR ALUM LACA AZUL1; 0,177 ;KG;;;
10704485;SEMI ACABADO;704485;CLOR. BUPROPIONA (C1) 150MG COM REV;1.500.000;600;013482;COR VERMELHO 40 SOLUVEL; 42,000 ;G;;;
1704412;SEMI ACABADO;704412;CARVEDILOL 3,125 MG COM;8.571.429;600;010859;LACTOSE (200); 232,706 ;KG;;;
2704412;SEMI ACABADO;704412;CARVEDILOL 3,125 MG COM;8.571.429;600;015251;CARVEDILOL; 26,786 ;KG;;;
3704412;SEMI ACABADO;704412;CARVEDILOL 3,125 MG COM;8.571.429;600;011051;ACUCAR (SACAROSE); 17,109 ;KG;;;
4704412;SEMI ACABADO;704412;CARVEDILOL 3,125 MG COM;8.571.429;600;010964;POVIDONA K29-32; 2,400 ;KG;;;
5704412;SEMI ACABADO;704412;CARVEDILOL 3,125 MG COM;8.571.429;600;010553;CROSPOVIDONE; 9,000 ;KG;;;
6704412;SEMI ACABADO;704412;CARVEDILOL 3,125 MG COM;8.571.429;600;010041;DIOXIDO SILICIO COLOIDAL ANIDRO; 3,000 ;KG;;;
7704412;SEMI ACABADO;704412;CARVEDILOL 3,125 MG COM;8.571.429;600;010311;ESTEARATO MAGNESIO; 3,000 ;KG;;;
8704412;SEMI ACABADO;704412;CARVEDILOL 3,125 MG COM;8.571.429;600;012351;ESTEARIL FUMARATO DE SODIO; 6,000 ;KG;;;
1704064;SEMI ACABADO;704064;LEVETIRACETAM (C1) 1000MG COM REV;400.000;600;019324;LEVETIRACETAM (C1); 400,000 ;KG;;;
2704064;SEMI ACABADO;704064;LEVETIRACETAM (C1) 1000MG COM REV;400.000;600;010923;CROSCARMELOSE SODICA; 8,000 ;KG;;;
3704064;SEMI ACABADO;704064;LEVETIRACETAM (C1) 1000MG COM REV;400.000;600;010964;POVIDONA K29-32; 12,000 ;KG;;;
4704064;SEMI ACABADO;704064;LEVETIRACETAM (C1) 1000MG COM REV;400.000;600;010964;POVIDONA K29-32; 0,800 ;KG;;;
5704064;SEMI ACABADO;704064;LEVETIRACETAM (C1) 1000MG COM REV;400.000;600;010923;CROSCARMELOSE SODICA; 16,880 ;KG;;;
6704064;SEMI ACABADO;704064;LEVETIRACETAM (C1) 1000MG COM REV;400.000;600;010041;DIOXIDO SILICIO COLOIDAL ANIDRO; 2,120 ;KG;;;
7704064;SEMI ACABADO;704064;LEVETIRACETAM (C1) 1000MG COM REV;400.000;600;010311;ESTEARATO MAGNESIO; 2,600 ;KG;;;
8704064;SEMI ACABADO;704064;LEVETIRACETAM (C1) 1000MG COM REV;400.000;600;010046;ALCOOL ETILICO; 51,840 ;KG;;;
9704064;SEMI ACABADO;704064;LEVETIRACETAM (C1) 1000MG COM REV;400.000;600;012059;HPMC + PEG + DIOXIDO TITANIO; 15,280 ;KG;;;
10704064;SEMI ACABADO;704064;LEVETIRACETAM (C1) 1000MG COM REV;400.000;600;010953;TALCO; 2,320 ;KG;;;
1704583;SEMI ACABADO;704583;DICLOR DE TRIMETAZIDINA 35MG CR LIB PROL;1.500.000;600;011922;DICLORIDRATO DE TRIMETAZIDINA; 52,500 ;KG;;;
2704583;SEMI ACABADO;704583;DICLOR DE TRIMETAZIDINA 35MG CR LIB PROL;1.500.000;600;010405;FOSFATO CALCIO DIB. DIHIDRAT.(BARRAPHOS); 117,000 ;KG;;;
3704583;SEMI ACABADO;704583;DICLOR DE TRIMETAZIDINA 35MG CR LIB PROL;1.500.000;600;010964;POVIDONA K29-32; 13,500 ;KG;;;
4704583;SEMI ACABADO;704583;DICLOR DE TRIMETAZIDINA 35MG CR LIB PROL;1.500.000;600;017286;HPMC (BENECEL K4M CR DC); 82,935 ;KG;;;
5704583;SEMI ACABADO;704583;DICLOR DE TRIMETAZIDINA 35MG CR LIB PROL;1.500.000;600;016002;HPMC (METHOCEL K100 LV-CR); 28,065 ;KG;;;
6704583;SEMI ACABADO;704583;DICLOR DE TRIMETAZIDINA 35MG CR LIB PROL;1.500.000;600;010041;DIOXIDO SILICIO COLOIDAL ANIDRO; 3,000 ;KG;;;
7704583;SEMI ACABADO;704583;DICLOR DE TRIMETAZIDINA 35MG CR LIB PROL;1.500.000;600;010311;ESTEARATO MAGNESIO; 3,000 ;KG;;;
8704583;SEMI ACABADO;704583;DICLOR DE TRIMETAZIDINA 35MG CR LIB PROL;1.500.000;600;010228;DIOXIDO TITANIO; 1,725 ;KG;;;
9704583;SEMI ACABADO;704583;DICLOR DE TRIMETAZIDINA 35MG CR LIB PROL;1.500.000;600;011049;OXIDO DE FERRO VERM(USP REF.33.8075); 0,080 ;KG;;;
10704583;SEMI ACABADO;704583;DICLOR DE TRIMETAZIDINA 35MG CR LIB PROL;1.500.000;600;010046;ALCOOL ETILICO; 74,502 ;KG;;;
11704583;SEMI ACABADO;704583;DICLOR DE TRIMETAZIDINA 35MG CR LIB PROL;1.500.000;600;012625;HPMC+PEG+PVP; 10,200 ;KG;;;
1704421;SEMI ACABADO;704421;FE+AC FOLICO+VIT D+VIT E COM REV (ALIM);1.298.238;600;011905;CARBONATO CALCIO CD 90%; 196,502 ;KG;;;
2704421;SEMI ACABADO;704421;FE+AC FOLICO+VIT D+VIT E COM REV (ALIM);1.298.238;600;301478;L-METILFOLATO DE CALCIO (ALIM); 0,644 ;KG;;;
3704421;SEMI ACABADO;704421;FE+AC FOLICO+VIT D+VIT E COM REV (ALIM);1.298.238;600;011018;AMIDO DE MILHO PREGELATINIZADO; 13,268 ;KG;;;
4704421;SEMI ACABADO;704421;FE+AC FOLICO+VIT D+VIT E COM REV (ALIM);1.298.238;600;010501;CELULOSE MIC.(TIPO102); 142,291 ;KG;;;
5704421;SEMI ACABADO;704421;FE+AC FOLICO+VIT D+VIT E COM REV (ALIM);1.298.238;600;010925;VITAMINA D3; 15,579 ;KG;;;
6704421;SEMI ACABADO;704421;FE+AC FOLICO+VIT D+VIT E COM REV (ALIM);1.298.238;600;010693;ACETATO DE DL-ALFA-TOCOFEROL 50%; 25,965 ;KG;;;
7704421;SEMI ACABADO;704421;FE+AC FOLICO+VIT D+VIT E COM REV (ALIM);1.298.238;600;302027;BISGLICINATO FERROSO DPL (ALIM); 222,713 ;KG;;;
8704421;SEMI ACABADO;704421;FE+AC FOLICO+VIT D+VIT E COM REV (ALIM);1.298.238;600;010041;DIOXIDO SILICIO COLOIDAL ANIDRO; 6,634 ;KG;;;
9704421;SEMI ACABADO;704421;FE+AC FOLICO+VIT D+VIT E COM REV (ALIM);1.298.238;600;010923;CROSCARMELOSE SODICA; 19,902 ;KG;;;
10704421;SEMI ACABADO;704421;FE+AC FOLICO+VIT D+VIT E COM REV (ALIM);1.298.238;600;011725;HIDROXIPROPILCELULOSE EXF; 13,268 ;KG;;;
11704421;SEMI ACABADO;704421;FE+AC FOLICO+VIT D+VIT E COM REV (ALIM);1.298.238;600;010311;ESTEARATO MAGNESIO; 6,634 ;KG;;;
12704421;SEMI ACABADO;704421;FE+AC FOLICO+VIT D+VIT E COM REV (ALIM);1.298.238;600;301955;AQUARIUS PROTECT BWT515503 BEIGE (ALIM); 25,408 ;KG;;;
13704421;SEMI ACABADO;704421;FE+AC FOLICO+VIT D+VIT E COM REV (ALIM);1.298.238;600;010046;ALCOOL ETILICO; 182,936 ;KG;;;
1704527;SEMI ACABADO;704527;HEMIFUMARATO DE BISOPROLOL 5MG COM REV;2.352.940;600;010731;FOSF.CAL.DIB.(COMPDIRETA); 324,635 ;KG;;;
2704527;SEMI ACABADO;704527;HEMIFUMARATO DE BISOPROLOL 5MG COM REV;2.352.940;600;011806;HEMIFUMARATO DE BISOPROLOL; 11,765 ;KG;;;
3704527;SEMI ACABADO;704527;HEMIFUMARATO DE BISOPROLOL 5MG COM REV;2.352.940;600;010056;AMIDO; 32,950 ;KG;;;
4704527;SEMI ACABADO;704527;HEMIFUMARATO DE BISOPROLOL 5MG COM REV;2.352.940;600;010041;DIOXIDO SILICIO COLOIDAL ANIDRO; 3,550 ;KG;;;
5704527;SEMI ACABADO;704527;HEMIFUMARATO DE BISOPROLOL 5MG COM REV;2.352.940;600;010501;CELULOSE MIC.(TIPO102); 23,550 ;KG;;;
6704527;SEMI ACABADO;704527;HEMIFUMARATO DE BISOPROLOL 5MG COM REV;2.352.940;600;010311;ESTEARATO MAGNESIO; 3,550 ;KG;;;
7704527;SEMI ACABADO;704527;HEMIFUMARATO DE BISOPROLOL 5MG COM REV;2.352.940;600;010228;DIOXIDO TITANIO; 3,600 ;KG;;;
8704527;SEMI ACABADO;704527;HEMIFUMARATO DE BISOPROLOL 5MG COM REV;2.352.940;600;010199;COR ALUM LACA VERMELHO 40; 0,100 ;KG;;;
9704527;SEMI ACABADO;704527;HEMIFUMARATO DE BISOPROLOL 5MG COM REV;2.352.940;600;010979;HPMC+PEG; 12,000 ;KG;;;
1704528;SEMI ACABADO;704528;HEMIFUMARATO DE BISOPROLOL 2,5MG COM REV;2.352.940;600;010731;FOSF.CAL.DIB.(COMPDIRETA); 330,515 ;KG;;;
2704528;SEMI ACABADO;704528;HEMIFUMARATO DE BISOPROLOL 2,5MG COM REV;2.352.940;600;011806;HEMIFUMARATO DE BISOPROLOL; 5,882 ;KG;;;
3704528;SEMI ACABADO;704528;HEMIFUMARATO DE BISOPROLOL 2,5MG COM REV;2.352.940;600;010056;AMIDO; 32,950 ;KG;;;
4704528;SEMI ACABADO;704528;HEMIFUMARATO DE BISOPROLOL 2,5MG COM REV;2.352.940;600;010041;DIOXIDO SILICIO COLOIDAL ANIDRO; 3,550 ;KG;;;
5704528;SEMI ACABADO;704528;HEMIFUMARATO DE BISOPROLOL 2,5MG COM REV;2.352.940;600;010501;CELULOSE MIC.(TIPO102); 23,550 ;KG;;;
6704528;SEMI ACABADO;704528;HEMIFUMARATO DE BISOPROLOL 2,5MG COM REV;2.352.940;600;010311;ESTEARATO MAGNESIO; 3,550 ;KG;;;
7704528;SEMI ACABADO;704528;HEMIFUMARATO DE BISOPROLOL 2,5MG COM REV;2.352.940;600;010228;DIOXIDO TITANIO; 3,650 ;KG;;;
8704528;SEMI ACABADO;704528;HEMIFUMARATO DE BISOPROLOL 2,5MG COM REV;2.352.940;600;010979;HPMC+PEG; 12,000 ;KG;;;
1704529;SEMI ACABADO;704529;HEMIFUMARATO DE BISOPROLOL1,25MG COM REV;941.176;600;011806;HEMIFUMARATO DE BISOPROLOL; 1,176 ;KG;;;
2704529;SEMI ACABADO;704529;HEMIFUMARATO DE BISOPROLOL1,25MG COM REV;941.176;600;010056;AMIDO; 6,590 ;KG;;;
3704529;SEMI ACABADO;704529;HEMIFUMARATO DE BISOPROLOL1,25MG COM REV;941.176;600;010041;DIOXIDO SILICIO COLOIDAL ANIDRO; 0,710 ;KG;;;
4704529;SEMI ACABADO;704529;HEMIFUMARATO DE BISOPROLOL1,25MG COM REV;941.176;600;010501;CELULOSE MIC.(TIPO102); 4,710 ;KG;;;
5704529;SEMI ACABADO;704529;HEMIFUMARATO DE BISOPROLOL1,25MG COM REV;941.176;600;010731;FOSF.CAL.DIB.(COMPDIRETA); 66,104 ;KG;;;
6704529;SEMI ACABADO;704529;HEMIFUMARATO DE BISOPROLOL1,25MG COM REV;941.176;600;010311;ESTEARATO MAGNESIO; 0,710 ;KG;;;
7704529;SEMI ACABADO;704529;HEMIFUMARATO DE BISOPROLOL1,25MG COM REV;941.176;600;010228;DIOXIDO TITANIO; 0,730 ;KG;;;
8704529;SEMI ACABADO;704529;HEMIFUMARATO DE BISOPROLOL1,25MG COM REV;941.176;600;010979;HPMC+PEG; 2,400 ;KG;;;
1704530;SEMI ACABADO;704530;HEMIFUMARATO DE BISOPROLOL 10MG COMP REV;470.588;600;011806;HEMIFUMARATO DE BISOPROLOL; 4,706 ;KG;;;
2704530;SEMI ACABADO;704530;HEMIFUMARATO DE BISOPROLOL 10MG COMP REV;470.588;600;010056;AMIDO; 6,590 ;KG;;;
3704530;SEMI ACABADO;704530;HEMIFUMARATO DE BISOPROLOL 10MG COMP REV;470.588;600;010041;DIOXIDO SILICIO COLOIDAL ANIDRO; 0,710 ;KG;;;
4704530;SEMI ACABADO;704530;HEMIFUMARATO DE BISOPROLOL 10MG COMP REV;470.588;600;010501;CELULOSE MIC.(TIPO102); 4,710 ;KG;;;
5704530;SEMI ACABADO;704530;HEMIFUMARATO DE BISOPROLOL 10MG COMP REV;470.588;600;010731;FOSF.CAL.DIB.(COMPDIRETA); 62,575 ;KG;;;
6704530;SEMI ACABADO;704530;HEMIFUMARATO DE BISOPROLOL 10MG COMP REV;470.588;600;010311;ESTEARATO MAGNESIO; 0,710 ;KG;;;
7704530;SEMI ACABADO;704530;HEMIFUMARATO DE BISOPROLOL 10MG COMP REV;470.588;600;010228;DIOXIDO TITANIO; 0,710 ;KG;;;
8704530;SEMI ACABADO;704530;HEMIFUMARATO DE BISOPROLOL 10MG COMP REV;470.588;600;011050;OXIDO FERRO AMARELO; 0,020 ;KG;;;
9704530;SEMI ACABADO;704530;HEMIFUMARATO DE BISOPROLOL 10MG COMP REV;470.588;600;010979;HPMC+PEG; 2,400 ;KG;;;
1704215;SEMI ACABADO;704215;DAPAGLIFLOZINA 10 MG COMPRIMIDO REV;2.200.000;600;302066;DAPAGLIFLOZINA AMORFA; 22,000 ;KG;;;
2704215;SEMI ACABADO;704215;DAPAGLIFLOZINA 10 MG COMPRIMIDO REV;2.200.000;600;302097;AMIDO PRE + DIOXIDO SIL. (STAR TAB 4001); 159,500 ;KG;;;
3704215;SEMI ACABADO;704215;DAPAGLIFLOZINA 10 MG COMPRIMIDO REV;2.200.000;600;300406;AL.POL+TAL+DI.TIT+GLI.MO.CA+COR-QX BEIGE; 22,000 ;KG;;;
4704215;SEMI ACABADO;704215;DAPAGLIFLOZINA 10 MG COMPRIMIDO REV;2.200.000;600;011675;LACTOSE (ANIDRA); 330,000 ;KG;;;
5704215;SEMI ACABADO;704215;DAPAGLIFLOZINA 10 MG COMPRIMIDO REV;2.200.000;600;013381;CROSPOVIDONE NF; 27,500 ;KG;;;
6704215;SEMI ACABADO;704215;DAPAGLIFLOZINA 10 MG COMPRIMIDO REV;2.200.000;600;010041;DIOXIDO SILICIO COLOIDAL ANIDRO; 5,500 ;KG;;;
7704215;SEMI ACABADO;704215;DAPAGLIFLOZINA 10 MG COMPRIMIDO REV;2.200.000;600;010311;ESTEARATO MAGNESIO; 5,500 ;KG;;;
;;;;;;;;;;;;
;;;;;;;;;;;;
;;;;;;;;;;;;
;;;;;;;;;;;;
;;;;;;;;;;;;
;;;;;;;;;;;;
;;;;;;;;;;;;
;;;;;;;;;;;;
;;;;;;;;;;;;
;;;;;;;;;;;;
;;;;;;;;;;;;
;;;;;;;;;;;;
;;;;;;;;;;;;
